timestamp,voltage,current
0.0,0.07617926993860784,-5.811468817686916
0.00020833333333333335,32.57218557852963,-4.201912840964151
0.0004166666666666667,64.24805601286843,-2.586717265026988
0.000625,92.6308664840362,-1.0562717440045328
0.0008333333333333334,116.61349170144125,0.23168308413527877
0.0010416666666666667,137.77017542229837,1.2746242128346843
0.00125,155.9330025310358,2.1360136429431735
0.0014583333333333334,171.37483665342822,2.7230524379041907
0.0016666666666666668,185.83064578534487,3.2503348141306345
0.001875,199.77436766560672,3.7760958089526246
0.0020833333333333333,214.7198494937157,4.357689355470675
0.0022916666666666667,229.69134541789708,5.024816856591216
0.0025,244.6798214990482,5.7900181187983835
0.0027083333333333334,259.6596487701873,6.592384517069314
0.002916666666666667,273.02572251553414,7.381136319560916
0.003125,284.3968984192442,8.053905306394496
0.0033333333333333335,294.162774433941,8.715846414406458
0.0035416666666666665,300.90960048128267,9.163369953558634
0.00375,306.1669721111371,9.552608903992768
0.003958333333333334,308.6734829685267,9.841277147216143
0.004166666666666667,309.52513321258414,10.154568558614407
0.004375,308.5157320601723,10.461069002224392
0.004583333333333333,306.25299487047874,10.815998723883489
0.004791666666666666,301.1106887609728,11.097807363681612
0.005,293.96350478237963,11.377724061833385
0.005208333333333333,284.523688147343,11.516367229176934
0.005416666666666667,273.0419224763595,11.545017757419608
0.005625,259.4691994845364,11.432675951509903
0.005833333333333334,244.76649697755687,11.224829803522574
0.0060416666666666665,229.60460268479181,10.884751974685694
0.00625,215.0354119002176,10.605823407845019
0.006458333333333333,199.886024893404,10.372504237281202
0.006666666666666667,185.70678539245307,10.255527852372996
0.006875,171.25045411945217,10.211463305924712
0.007083333333333333,156.05503728588792,10.175261364729131
0.007291666666666667,138.37796337219422,10.095658706064818
0.0075,117.07276363419102,9.808459903385307
0.0077083333333333335,92.1856861856978,9.286765799912736
0.007916666666666667,63.854322909994046,8.459779604049103
0.008125,32.994829802045984,7.264503332018161
0.008333333333333333,0.1858135428009122,5.8146597752359845
0.008541666666666666,-32.69639303801338,4.195011307818372
0.00875,-64.22682064073894,2.5634609805736446
0.008958333333333334,-92.33768497417155,1.0537943479379235
0.009166666666666667,-117.07207904631963,-0.23926025937773204
0.009375,-138.04104814983177,-1.2815274892207331
0.009583333333333333,-155.68318523575695,-2.0928235011644425
0.009791666666666667,-171.3979984143204,-2.722662758515078
0.01,-185.66511768395293,-3.2699247983474167
0.010208333333333333,-199.97073388012788,-3.776714611282651
0.010416666666666666,-214.4277201503274,-4.361501776776423
0.010625,-229.33907537758012,-5.033634957680954
0.010833333333333334,-245.02760277962176,-5.759722708798217
0.011041666666666667,-259.4577562725347,-6.619410954095794
0.01125,-273.02643834354444,-7.3820341818944435
0.011458333333333333,-284.7714409970258,-8.071091384671357
0.011666666666666667,-294.1393723007271,-8.709621642226843
0.011875,-300.77558580368134,-9.175235489640647
0.012083333333333333,-306.16381731473365,-9.551835142164578
0.012291666666666666,-308.44389485762537,-9.865298013169959
0.0125,-309.9920662463744,-10.185572919927234
0.012708333333333334,-308.7696857037697,-10.46222444931413
0.012916666666666667,-305.906671269534,-10.783958558178162
0.013125,-301.00276554865013,-11.098968937908879
0.013333333333333334,-293.8927800929722,-11.379408467143652
0.013541666666666667,-284.4133847261651,-11.524825874105227
0.01375,-272.9960264480331,-11.565298645107955
0.013958333333333333,-259.49342641661156,-11.441348153899488
0.014166666666666666,-244.44881985434364,-11.17327010771257
0.014375,-229.54472351526013,-10.911664333907199
0.014583333333333334,-214.81892158083468,-10.643371259813946
0.014791666666666667,-200.2709504510011,-10.399008784656589
0.015,-186.0647091462214,-10.292117323060367
0.015208333333333334,-171.32960711550064,-10.24162246258032
0.015416666666666667,-155.86543599622624,-10.21509543057972
0.015625,-137.92309896049719,-10.113335564046977
0.015833333333333335,-117.20806366018891,-9.824626085665475
0.016041666666666666,-92.35609038216914,-9.293359657799002
0.01625,-63.90404561542542,-8.433928368126754
0.016458333333333332,-32.909518240020084,-7.274933379447814
0.016666666666666666,0.11419380938924961,-5.819967475484933
0.016875,32.666700119823155,-4.205972969559307
0.017083333333333332,63.969679752275105,-2.595927054740162
0.017291666666666667,92.30029083143859,-1.0750571856754534
0.0175,116.80229058720738,0.24523249236222674
0.017708333333333333,138.21746341921042,1.2893185506986107
0.017916666666666668,155.7836918451935,2.1097499062580063
0.018125,171.4570208311959,2.7560128707926106
0.018333333333333333,185.95503273944738,3.2562835634015896
0.018541666666666668,200.09926144150762,3.7947729259144922
0.01875,214.666346277243,4.365072189835464
0.018958333333333334,229.47227606291267,5.008608481326245
0.019166666666666665,244.55748924664678,5.7737475718136615
0.019375,259.35790891571884,6.58047701229469
0.019583333333333335,272.4870115714814,7.365691505901599
0.019791666666666666,284.2499434168593,8.0879132720877
0.02,293.7399118348318,8.696852930522565
0.02020833333333333,300.90000942458954,9.18440665451222
0.020416666666666666,306.0473030924912,9.548522191031939
0.020625,308.45959468243325,9.85526347399835
0.020833333333333332,309.47680816496063,10.130399943878695
0.021041666666666667,309.01077152071986,10.472212583850451
0.02125,305.85829354304497,10.794339420321284
0.021458333333333333,301.33370002360675,11.109338499087233
0.021666666666666667,293.83718231791795,11.39794646649483
0.021875,284.5603621454984,11.544732484159923
0.022083333333333333,272.6713396662437,11.563582955288169
0.022291666666666668,259.2930801994703,11.421928047036836
0.0225,244.8733908590223,11.197877205382184
0.022708333333333334,229.06506732824167,10.911677095467214
0.022916666666666665,214.60860591088667,10.613927254313985
0.023125,200.04706254808326,10.409220782641325
0.023333333333333334,185.68630858579675,10.277194016907657
0.023541666666666666,171.09238283791706,10.207312689796778
0.02375,155.91907480717273,10.217430834176934
0.023958333333333335,137.96334712174823,10.108205577271178
0.024166666666666666,117.15941955144403,9.812744553398192
0.024375,92.40118834131923,9.301265487894076
0.024583333333333332,64.46088793674684,8.445991394889285
0.024791666666666667,32.77234269822183,7.273041396385495
0.025,-0.25587437315528927,5.806785614106498
0.025208333333333333,-32.78736269635,4.222472060174297
0.025416666666666667,-64.00544404292337,2.5893093847608895
0.025625,-92.05592841112802,1.0511558699353771
0.025833333333333333,-116.89247268712596,-0.259839613576515
0.026041666666666668,-138.00650253422617,-1.277711742864366
0.02625,-155.53521670743888,-2.0884192497457357
0.026458333333333334,-171.75108806509465,-2.7272783054962453
0.02666666666666667,-185.99478395790828,-3.236425844568692
0.026875,-200.21927263285153,-3.7612337110330816
0.027083333333333334,-214.59745245078872,-4.346427207883657
0.027291666666666665,-229.84106897092866,-5.044286783559532
0.0275,-244.50452608795422,-5.764308195987128
0.027708333333333335,-259.43339414272,-6.5849364290576125
0.027916666666666666,-273.2765467535965,-7.384301611274764
0.028125,-284.8656163052669,-8.09929166835888
0.028333333333333332,-293.9922082760577,-8.683781513078618
0.028541666666666667,-300.9397894895163,-9.190645164534224
0.02875,-305.4481768128873,-9.533404465570761
0.028958333333333332,-307.95749882977145,-9.87625222955956
0.029166666666666667,-309.4677464451515,-10.156074440900774
0.029375,-308.93334897628125,-10.478978045279565
0.029583333333333333,-306.48037110599313,-10.797919148106727
0.029791666666666668,-301.08239326590405,-11.117948215875629
0.03,-294.27382201174805,-11.368771303496993
0.030208333333333334,-284.71556085001026,-11.497782842776772
0.030416666666666668,-273.0618693797362,-11.531031147108685
0.030625,-259.4130361900496,-11.431042019662986
0.030833333333333334,-244.39681876696102,-11.205951540603609
0.031041666666666665,-229.4576352921785,-10.900436746710758
0.03125,-214.53965870925998,-10.608608805262529
0.03145833333333333,-200.24654208570675,-10.414161090499668
0.03166666666666667,-186.25351681089708,-10.273001967183905
0.031875,-171.57547427878242,-10.25096668013612
0.03208333333333333,-155.91448806794887,-10.182632051886575
0.03229166666666667,-137.6537378206192,-10.075695558398532
0.0325,-117.06868186823715,-9.837479381229977
0.03270833333333333,-92.15004042718326,-9.333910782642814
0.032916666666666664,-64.18526711355148,-8.432639940301783
0.033125,-33.1284175466944,-7.272010848456196
0.03333333333333333,-0.24127919055829947,-5.821798001778364
0.033541666666666664,32.65087508895507,-4.200654340315723
0.03375,64.5925606470251,-2.5826839430766415
0.03395833333333333,92.19037863513202,-1.0782033207010189
0.034166666666666665,117.31087279953864,0.22886802748524981
0.034375,137.86998850449177,1.296437681744921
0.034583333333333334,156.13393568346228,2.1002170291337756
0.034791666666666665,171.55013504304046,2.715483386948271
0.035,185.79568660030628,3.2538729976642147
0.035208333333333335,199.97743801596627,3.7821767481175304
0.035416666666666666,214.33630307614234,4.354010086823552
0.035625,229.60841548441016,5.009414482254806
0.035833333333333335,244.54956795457258,5.8051155965732395
0.036041666666666666,259.0714370275035,6.551898778986583
0.03625,272.589360786391,7.37181855233016
0.036458333333333336,284.6548685143952,8.079964641460974
0.03666666666666667,294.4653595520229,8.689855952969399
0.036875,301.1893190348831,9.174004205378678
0.037083333333333336,305.9176999542828,9.560801036824966
0.03729166666666667,308.7574209811739,9.851262594238866
0.0375,309.89784923889715,10.170432297593141
0.03770833333333334,308.7408100716142,10.474091016037413
0.03791666666666667,305.8446277281019,10.768279776788107
0.038125,301.4258933090048,11.135102671615664
0.03833333333333333,294.17777584753594,11.344771235120687
0.03854166666666667,284.9956605329643,11.532415995051677
0.03875,272.95465378927713,11.557656440677388
0.03895833333333333,259.0717212105154,11.440493755722853
0.03916666666666667,244.3212740248466,11.198153473387714
0.039375,229.909629417098,10.925508554338265
0.03958333333333333,214.9309164301958,10.602152849064993
0.03979166666666667,199.94274884417968,10.400726382936444
0.04,185.73904924443727,10.263382264021132
0.04020833333333333,171.8192583745751,10.213477837561602
0.04041666666666666,155.6242810097331,10.205909800352293
0.040625,137.87203854427523,10.122833100404838
0.04083333333333333,117.26208219727766,9.833531784171772
0.041041666666666664,92.2970740242235,9.31374584711814
0.04125,64.05916274723667,8.442519408032112
0.04145833333333333,32.79132088045901,7.245058527825388
0.041666666666666664,0.0843936372007708,5.80797847875482
0.041875,-32.480311139761255,4.205560697800682
0.042083333333333334,-64.03779698719084,2.5760523562717483
0.042291666666666665,-92.23474060661825,1.0773089330008097
0.0425,-117.61379352386174,-0.23509241915867476
0.042708333333333334,-138.107899899496,-1.3184098863906468
0.042916666666666665,-156.11184999781688,-2.1311319023500492
0.043125,-171.75860056661983,-2.72575167715423
0.043333333333333335,-186.0543841664529,-3.271090741818307
0.043541666666666666,-200.0711595076753,-3.7725522414421944
0.04375,-214.27102436441106,-4.344967665154226
0.043958333333333335,-229.82849561347416,-5.049681403789593
0.04416666666666667,-244.65565595150952,-5.811452686071273
0.044375,-259.49888082677836,-6.567864475304786
0.044583333333333336,-272.9907634535614,-7.373240467911153
0.04479166666666667,-284.3610320786388,-8.095556228129393
0.045,-293.9360578786693,-8.701642376591021
0.045208333333333336,-300.8149716046293,-9.173235890995265
0.04541666666666667,-305.9859859556227,-9.56175814974275
0.045625,-308.85995009919094,-9.848697484727793
0.04583333333333333,-309.6273135076906,-10.173284829837225
0.04604166666666667,-308.6253402484556,-10.454750721395943
0.04625,-305.90321619619704,-10.79996230121241
0.04645833333333333,-301.4204181495483,-11.122244820538405
0.04666666666666667,-294.04796429251354,-11.37274738584949
0.046875,-284.5546644524305,-11.565486037629562
0.04708333333333333,-272.2794766705876,-11.553618570164524
0.04729166666666667,-258.9086273156247,-11.438910991854861
0.0475,-244.87662466229804,-11.193200985421921
0.04770833333333333,-229.56874327442748,-10.941394338490905
0.04791666666666667,-214.86586050045955,-10.608130365761191
0.048125,-200.13530540099114,-10.389404825341584
0.04833333333333333,-185.75594482382348,-10.253059730713943
0.048541666666666664,-171.1524338962929,-10.224428127332667
0.04875,-156.0833133896798,-10.184270131028939
0.04895833333333333,-138.25925690903077,-10.128739582787638
0.049166666666666664,-117.63807275604009,-9.827984907121248
0.049375,-92.43639178507414,-9.313603072200735
0.04958333333333333,-64.32604681688233,-8.46654432553681
0.049791666666666665,-32.96454146193175,-7.2753116187364295
0.05,-0.21921519454225105,-5.811764793073971
0.050208333333333334,32.808615966526546,-4.222417474285825
0.050416666666666665,63.62101111607774,-2.580861151983865
0.050625,92.02896399358967,-1.0980052523960364
0.050833333333333335,117.63356227661109,0.20670564882001355
0.051041666666666666,137.77386465369494,1.315135952428766
0.05125,155.62684603562997,2.1199160143624844
0.051458333333333335,171.91312568359422,2.7163824914136137
0.051666666666666666,186.56111286703091,3.2588164507343382
0.051875,199.6947369902938,3.792375464671726
0.052083333333333336,214.40793776080304,4.3629696479502185
0.05229166666666667,229.58228632177443,5.032840457671259
0.0525,245.0954882357594,5.806706938472301
0.052708333333333336,259.1311241988378,6.582020263412679
0.05291666666666667,272.8475257184854,7.378981706385549
0.053125,284.8060559289804,8.088999888704912
0.05333333333333334,294.17927825653703,8.68354183908627
0.05354166666666667,301.0552821136823,9.159732195590337
0.05375,305.9139037946811,9.54499258826847
0.05395833333333333,308.34224049418077,9.862464779778941
0.05416666666666667,309.5118053674768,10.14590714789512
0.054375,308.6193675737711,10.483180678867697
0.05458333333333333,306.0054020082169,10.779307089299355
0.05479166666666667,301.0104893267852,11.103321066115926
0.055,294.1884713685568,11.361923654938469
0.05520833333333333,284.86490048942005,11.53149509015692
0.05541666666666667,272.9477025118883,11.520020482411162
0.055625,259.4657775705451,11.449722851211861
0.05583333333333333,244.67660266155283,11.195417271405967
0.05604166666666666,229.49691853231306,10.931399213992808
0.05625,214.31961049161467,10.618385887306419
0.05645833333333333,200.06675221291866,10.400981160980553
0.056666666666666664,185.81052442511776,10.300547174770449
0.056875,171.9771893787476,10.219477233560696
0.05708333333333333,156.2943811558628,10.218061331810588
0.057291666666666664,138.19218193715383,10.107256598547513
0.0575,116.91048619618176,9.844911903053722
0.057708333333333334,92.11762243694211,9.303085009610411
0.057916666666666665,64.35822895218966,8.454491072444974
0.058125,32.89786891137701,7.248166536771168
0.058333333333333334,0.1200358508483249,5.797087032308126
0.058541666666666665,-33.26832810183312,4.200474343306917
0.05875,-63.82858359352727,2.5879979106041735
0.058958333333333335,-92.28212022038376,1.0675694072877282
0.059166666666666666,-117.37885816970757,-0.22795798882717883
0.059375,-138.21360150087588,-1.2749791654192872
0.059583333333333335,-155.83511312915454,-2.1209965874799903
0.05979166666666667,-171.44078060192473,-2.743131175826521
0.06,-185.9078888711717,-3.280405036661091
0.060208333333333336,-200.01350071451654,-3.746627263907317
0.06041666666666667,-214.56299434455173,-4.352111596339028
0.060625,-229.4587568060136,-5.023420076427725
0.060833333333333336,-244.29544083140973,-5.810382753028082
0.06104166666666667,-260.01950307867776,-6.592998500375807
0.06125,-272.96805774609817,-7.37087530988938
0.06145833333333333,-284.56759342962164,-8.093058983637297
0.06166666666666667,-293.9965882404986,-8.671497685428943
0.061875,-301.2422997768201,-9.130901811377003
0.06208333333333333,-306.38653998142973,-9.558105507107452
0.06229166666666667,-308.60396557534483,-9.877279976028817
0.0625,-309.1395112499294,-10.174799903516067
0.06270833333333334,-309.0694297975023,-10.447060752818942
0.06291666666666666,-305.7314025323858,-10.778317537660405
0.063125,-301.2314524372708,-11.108627485051047
0.06333333333333334,-294.0859178243779,-11.365804467063274
0.06354166666666666,-284.87494616264115,-11.53837169035998
0.06375,-272.9924592230601,-11.538456634148266
0.06395833333333334,-259.0528273197706,-11.44205773134955
0.06416666666666666,-244.51765001416155,-11.209473274711987
0.064375,-229.06381953268777,-10.90396791799822
0.06458333333333334,-214.20564702775593,-10.628378285245402
0.06479166666666666,-199.877856977768,-10.405238304669027
0.065,-185.39886244317913,-10.271681756086487
0.06520833333333333,-171.34414901183032,-10.211706975485704
0.06541666666666666,-155.69404538604485,-10.174781187408234
0.065625,-138.1698630373985,-10.09788862878036
0.06583333333333333,-117.08461404464074,-9.826630907244963
0.06604166666666667,-92.57008126076305,-9.305033441700756
0.06625,-63.81304723026881,-8.452390265998003
0.06645833333333333,-33.126757510869055,-7.248639717480445
0.06666666666666667,0.1955875856040023,-5.809279147784404
0.066875,32.78451884071325,-4.231392415893814
0.06708333333333333,64.35325498728362,-2.591423299310692
0.06729166666666667,92.58344255212015,-1.0721251444232023
0.0675,117.55641203801669,0.23095524396887232
0.06770833333333333,138.27841397179813,1.3167761748347437
0.06791666666666667,155.50803236633038,2.113556597975003
0.068125,171.43715900828923,2.7527195677206464
0.06833333333333333,185.54184427657216,3.2628128243111925
0.06854166666666667,199.85805868690844,3.778303676315087
0.06875,214.8778071083185,4.3426326715616845
0.06895833333333333,229.65628088676354,5.0307960542264505
0.06916666666666667,244.48858121751343,5.790475436137759
0.069375,259.12440912683485,6.572474242280197
0.06958333333333333,272.91704070318974,7.370421117609018
0.06979166666666667,284.30758149761954,8.084418379301534
0.07,293.9028016685714,8.693835462962175
0.07020833333333333,301.2273234993776,9.172499529941424
0.07041666666666667,306.2361875448367,9.535179787471558
0.070625,308.8381548143294,9.86898171137728
0.07083333333333333,308.99852642632095,10.158902378592902
0.07104166666666667,308.762056128531,10.428109439846363
0.07125,305.96536792911854,10.786682336936583
0.07145833333333333,301.252793702833,11.12277939738627
0.07166666666666667,294.4746391583334,11.341125775679869
0.071875,284.09591196576383,11.52781390397326
0.07208333333333333,272.7610693236734,11.575585959727206
0.07229166666666667,259.5255650491436,11.424950009692767
0.0725,244.26791522479496,11.205604362826573
0.07270833333333333,229.8658846960537,10.893539520712748
0.07291666666666667,214.59208915317546,10.649966828299105
0.073125,200.19927464396181,10.400463825361612
0.07333333333333333,185.69211015934,10.27253978681132
0.07354166666666667,171.6573382240057,10.243951813675167
0.07375,156.16816031924134,10.20940075946016
0.07395833333333333,138.1539398040491,10.093536491276584
0.07416666666666667,117.15985072178024,9.828971451738003
0.074375,92.46331111475966,9.309459600337119
0.07458333333333333,63.84460689773408,8.432411482224579
0.07479166666666667,32.79529943502879,7.226690861282109
0.075,-0.038130633112685844,5.811049148173835
0.07520833333333334,-32.7363331390012,4.1878497962457075
0.07541666666666667,-63.810487152189125,2.6107464812627836
0.075625,-92.66035932543188,1.07353350363744
0.07583333333333334,-117.13250275618375,-0.2521897378253892
0.07604166666666666,-137.72535641209865,-1.305029627136541
0.07625,-156.08693948744738,-2.134699976239603
0.07645833333333334,-171.65945980583714,-2.7486138722540607
0.07666666666666666,-185.78426952676298,-3.2436165973482947
0.076875,-199.77653234987866,-3.743606066586321
0.07708333333333334,-214.49714348610917,-4.345785691127855
0.07729166666666666,-229.16465728643,-5.031997749307835
0.0775,-244.4491153290156,-5.796759017887385
0.07770833333333334,-259.16738345172166,-6.607328387744304
0.07791666666666666,-272.7703160546403,-7.347617541165511
0.078125,-284.02980825987834,-8.092098848807249
0.07833333333333334,-294.12187716013693,-8.65589882235039
0.07854166666666666,-301.65020170450634,-9.144676485617476
0.07875,-305.5462959454307,-9.57001151117122
0.07895833333333334,-308.8003893040124,-9.871937953275527
0.07916666666666666,-309.5443786923847,-10.171669239395744
0.079375,-308.358576775058,-10.472351435680789
0.07958333333333334,-306.347924421075,-10.794857581212575
0.07979166666666666,-301.46223293501663,-11.061650981353177
0.08,-294.47090622220026,-11.382511280146407
0.08020833333333334,-284.8102556074721,-11.522688986932067
0.08041666666666666,-272.7989360284674,-11.542559425377405
0.080625,-259.2467915077428,-11.43638278405498
0.08083333333333333,-244.59424527982557,-11.203919417953422
0.08104166666666666,-229.85008890501274,-10.928771897985756
0.08125,-215.07752585915858,-10.623961068255115
0.08145833333333333,-199.97404025115287,-10.394042829823938
0.08166666666666667,-185.95279008313062,-10.266926375405339
0.081875,-171.3390508585857,-10.215084293133899
0.08208333333333333,-155.72555402368948,-10.178289465030934
0.08229166666666667,-138.06115994099926,-10.092616424135313
0.0825,-116.91121722726064,-9.837611201396843
0.08270833333333333,-92.33842246140924,-9.319612006047487
0.08291666666666667,-63.92792703751717,-8.450773377171139
0.083125,-33.00834992080796,-7.261743978242744
0.08333333333333333,-0.04490285345839197,-5.808062572683308
0.08354166666666667,32.8813756292522,-4.217227977585155
0.08375,64.26557533276956,-2.6005382529471763
0.08395833333333333,92.29729001188237,-1.0887046694077258
0.08416666666666667,117.23154231253791,0.2138444455884607
0.084375,138.0292606010345,1.2910258803599879
0.08458333333333333,155.87165688841145,2.0843140307904013
0.08479166666666667,171.66127706201905,2.7171140586899303
0.085,185.33658098195778,3.252952917293756
0.08520833333333333,199.66351056548126,3.757044099127833
0.08541666666666667,214.1294536506399,4.362377921653374
0.085625,228.9134934040778,5.041720457182623
0.08583333333333333,244.49374771461984,5.7820382219560225
0.08604166666666667,259.5651969433774,6.586425540926619
0.08625,272.83762416337504,7.386575476207685
0.08645833333333333,284.661169055451,8.078557691820828
0.08666666666666667,294.34289111209824,8.675892261127403
0.086875,301.4812426645572,9.183526755434494
0.08708333333333333,305.9300750521291,9.5571623807818
0.08729166666666667,309.0243609186657,9.870971917374343
0.0875,309.594380468079,10.17551823185407
0.08770833333333333,308.4766148903164,10.441494559338716
0.08791666666666667,305.79875944776063,10.81426040061778
0.088125,300.77918700334885,11.112475499532918
0.08833333333333333,293.84855327448696,11.381514582789398
0.08854166666666667,284.5222173629455,11.53193096265378
0.08875,273.10974143481513,11.55254091388461
0.08895833333333333,259.80803092623677,11.432229565802478
0.08916666666666667,244.31776844581285,11.21107929227342
0.089375,229.5951043011046,10.908423545937568
0.08958333333333333,214.23986401521105,10.638576502675113
0.08979166666666667,200.1063029196156,10.377916965098246
0.09,185.8020744120481,10.263716746242482
0.09020833333333333,170.99617084505186,10.25430965541972
0.09041666666666667,156.13311667813628,10.190087376586867
0.090625,137.94447012081093,10.103090666418039
0.09083333333333334,116.96777543901119,9.825441906599018
0.09104166666666667,92.1282872021169,9.307073315862526
0.09125,63.89687239474443,8.430729324698264
0.09145833333333334,32.93915421526128,7.255665346941716
0.09166666666666666,-0.047311085235042266,5.824580758193843
0.091875,-32.75001610451878,4.19957153488032
0.09208333333333334,-63.96996275043571,2.5983314217481994
0.09229166666666666,-92.0655598910563,1.0832151288043015
0.0925,-117.18694703631985,-0.22278777055348206
0.09270833333333334,-138.46493475322558,-1.2924420259929135
0.09291666666666666,-155.63423682610204,-2.057740126266917
0.093125,-171.53676934453878,-2.716303938504259
0.09333333333333334,-185.5561979635777,-3.2539882810203875
0.09354166666666666,-199.89178436920503,-3.7902217249800025
0.09375,-214.53278438255077,-4.358137525714018
0.09395833333333334,-229.40970346052882,-5.009222206575095
0.09416666666666666,-244.17556068462633,-5.7646366080182485
0.094375,-258.85859333618276,-6.570806014034206
0.09458333333333334,-272.89149989618824,-7.3667361450547
0.09479166666666666,-284.57167388663646,-8.108102521373803
0.095,-293.801526698554,-8.68032584253399
0.09520833333333334,-301.3607363896816,-9.184200313932463
0.09541666666666666,-305.8640919426557,-9.566211632601789
0.095625,-308.69243015826174,-9.858361287070501
0.09583333333333334,-309.49287175060607,-10.153785570824095
0.09604166666666666,-308.89430664776074,-10.457603083742002
0.09625,-306.34475140913725,-10.786495823810096
0.09645833333333333,-301.66756699048744,-11.098620777998017
0.09666666666666666,-294.3499327661678,-11.381122650804162
0.096875,-284.72639035619954,-11.527698186237314
0.09708333333333333,-272.98214307663335,-11.574413793298937
0.09729166666666667,-258.89353067783856,-11.466409740928926
0.0975,-244.38681548217968,-11.194462485972467
0.09770833333333333,-229.73742021312452,-10.924396630477997
0.09791666666666667,-214.4130728868872,-10.612470883641986
0.098125,-200.0893982065868,-10.385088601098317
0.09833333333333333,-185.90593703423062,-10.28113014403874
0.09854166666666667,-171.4075658891605,-10.214782640274235
0.09875,-155.74624965100105,-10.209395934469658
0.09895833333333333,-138.18053491998324,-10.134359105383387
0.09916666666666667,-116.83528761542,-9.836830979532614
0.099375,-92.68120986147375,-9.309098738964943
0.09958333333333333,-64.05885844832451,-8.448374633209163
0.09979166666666667,-32.18276317344021,-7.228819364196208
0.1,0.05576993565561081,-5.834735614894385
0.10020833333333333,33.19048523174243,-4.204309919131896
0.10041666666666667,64.08332325846267,-2.601424363516308
0.100625,92.540919578772,-1.0572577679318231
0.10083333333333333,117.08705470000656,0.24308858051695212
0.10104166666666667,138.05311840372408,1.300240306154448
0.10125,155.70617183106307,2.0921856681575166
0.10145833333333333,171.5614726412533,2.7206381252530547
0.10166666666666667,185.6219617774247,3.2727702029966474
0.101875,200.15402495657813,3.803644824594652
0.10208333333333333,214.77132175111203,4.36388625608429
0.10229166666666667,229.58853028584906,5.017155800417001
0.1025,244.5917516412697,5.795363705089618
0.10270833333333333,259.4913298632726,6.629393031205835
0.10291666666666667,272.8316769160841,7.380050371816387
0.103125,284.84560831633144,8.111195231170234
0.10333333333333333,293.6127352168663,8.676528329313758
0.10354166666666667,301.0654192894603,9.164947987487123
0.10375,305.4496565370296,9.55319304279299
0.10395833333333333,308.3121992387165,9.867908591963124
0.10416666666666667,309.912314360924,10.15013773233149
0.104375,308.9097606917662,10.459010978362272
0.10458333333333333,305.767489477489,10.80877713346241
0.10479166666666667,300.77369526748004,11.124467829973916
0.105,293.32945452845985,11.389035015401126
0.10520833333333333,284.475847657981,11.553182493215827
0.10541666666666667,273.5139489330324,11.553826333059247
0.105625,259.4865595363113,11.431691215324438
0.10583333333333333,244.52342075314476,11.225836990701795
0.10604166666666667,229.6131674864148,10.923795803798908
0.10625,214.10976041175186,10.610821532294121
0.10645833333333334,199.91329780682545,10.386209279783744
0.10666666666666667,185.85971544297385,10.279219337189732
0.106875,171.43237213855835,10.220978186770303
0.10708333333333334,156.0987439606666,10.19908213421934
0.10729166666666666,138.18188160557216,10.122758922734645
0.1075,117.26833200313169,9.850066177774048
0.10770833333333334,92.22363223438177,9.32198372949552
0.10791666666666666,64.284897066019,8.412800256454801
0.108125,33.23941584199378,7.262250479722155
0.10833333333333334,-0.24253737991381236,5.822268087989272
0.10854166666666666,-33.05410551901781,4.187154198312251
0.10875,-63.72649712983779,2.5766788203395783
0.10895833333333334,-92.44356130161209,1.0582744116359621
0.10916666666666666,-116.75029515058718,-0.23828663940838038
0.109375,-138.20635422698717,-1.2701323313862776
0.10958333333333334,-155.5372810361773,-2.07602017135159
0.10979166666666666,-171.42102584731302,-2.7443362572484853
0.11,-185.77028886889124,-3.2509630866290817
0.11020833333333334,-199.59644914208306,-3.7687008909866355
0.11041666666666666,-214.59044261936094,-4.35086725225318
0.110625,-229.7321779580217,-5.02463241670752
0.11083333333333334,-244.77545487666492,-5.785723489715882
0.11104166666666666,-259.2647549807853,-6.567667398728715
0.11125,-273.3002849480163,-7.361977031940115
0.11145833333333334,-284.4523538093031,-8.105169926743356
0.11166666666666666,-294.20527956732514,-8.67569745358817
0.111875,-300.86236796630646,-9.152193677643996
0.11208333333333333,-306.54592461203566,-9.539175055393827
0.11229166666666666,-308.88260589004926,-9.844977301781617
0.1125,-309.992965841279,-10.158812452018665
0.11270833333333333,-308.89252181286423,-10.468146724403068
0.11291666666666667,-305.8854430605326,-10.79213425924573
0.113125,-301.19412778785204,-11.136868229071146
0.11333333333333333,-294.13393113015735,-11.367558837937855
0.11354166666666667,-284.6515177528097,-11.536147294583849
0.11375,-272.8579981198161,-11.56960376118729
0.11395833333333333,-259.6299724789318,-11.414848929716811
0.11416666666666667,-244.48660141443176,-11.198009013842087
0.114375,-229.33123094144264,-10.913547230785287
0.11458333333333333,-214.40374051558575,-10.634030411440651
0.11479166666666667,-199.84849528681266,-10.397271270997095
0.115,-185.76074157451833,-10.256968842769616
0.11520833333333333,-170.9451289758315,-10.23604179434576
0.11541666666666667,-155.922815973008,-10.199551009124598
0.115625,-138.17249110359583,-10.093649924781204
0.11583333333333333,-117.28963239369308,-9.86772063753553
0.11604166666666667,-92.65379097258268,-9.302899177205292
0.11625,-64.37156116081543,-8.448212668608576
0.11645833333333333,-33.05438093339701,-7.260456958830232
0.11666666666666667,-0.017670095413862212,-5.819372188498996
0.116875,32.91575538721509,-4.207988617084395
0.11708333333333333,64.07322872855724,-2.5576478466528294
0.11729166666666667,92.20434148558205,-1.0757405261797786
0.1175,117.32629663960971,0.24298777711072175
0.11770833333333333,138.2805734670902,1.3244713371928512
0.11791666666666667,155.86113035338872,2.098108778745937
0.118125,171.29066826534756,2.759342074186292
0.11833333333333333,185.97195305492875,3.2589412904858706
0.11854166666666667,200.03462204437147,3.8038113021567246
0.11875,214.13796818514683,4.367934655700135
0.11895833333333333,229.4799023700437,5.035223736667321
0.11916666666666667,244.72882277767732,5.789295167024408
0.119375,259.1529147718236,6.583620328942606
0.11958333333333333,272.9563060281802,7.379650902905092
0.11979166666666667,284.24801591365076,8.102728040164653
0.12,294.40463326292337,8.687436598336419
0.12020833333333333,301.46130862775493,9.160829936185767
0.12041666666666667,305.8842302022351,9.540137826688476
0.120625,308.77682803073327,9.876835816542958
0.12083333333333333,308.9688683120205,10.180010984359674
0.12104166666666667,308.3968775312068,10.461146482512707
0.12125,305.87391480577213,10.783924049554159
0.12145833333333333,300.88128787613323,11.112284951579143
0.12166666666666667,294.2491858585779,11.38926584300065
0.121875,285.11104566765135,11.543313390591738
0.12208333333333334,272.6146915001135,11.533029258331721
0.12229166666666667,259.16847261742413,11.43239806443804
0.1225,244.7221759167347,11.191613073299782
0.12270833333333334,229.8996764711646,10.909087076742408
0.12291666666666666,214.19440642186544,10.649624511114657
0.123125,200.04988767807666,10.380374805034762
0.12333333333333334,186.2901707874233,10.247557404770173
0.12354166666666666,171.0409575144688,10.211208994391049
0.12375,155.5807751285329,10.203788242579098
0.12395833333333334,137.98981864739787,10.115982244573592
0.12416666666666666,116.97110339539077,9.845242347122186
0.124375,92.59887562687787,9.319670911817706
0.12458333333333334,64.12085814387173,8.415327014136908
0.12479166666666666,32.388441090177245,7.276274559039232
0.125,0.12885260072449045,5.807166330352653
0.12520833333333334,-32.97656632692808,4.2210254008096495
0.12541666666666668,-63.7418314096825,2.5666508735577924
0.125625,-92.55262218904745,1.070956039526049
0.12583333333333332,-117.2604043193792,-0.23506805041542259
0.12604166666666666,-137.96043739631293,-1.2772138753541973
0.12625,-155.71031080966074,-2.1301378317606776
0.12645833333333334,-171.3418724605304,-2.7316606557243635
0.12666666666666668,-186.25624540406795,-3.2751399747536025
0.126875,-199.85312003751847,-3.7695004181056393
0.12708333333333333,-214.75857701291847,-4.345023390779063
0.12729166666666666,-229.43807840614346,-5.011309557591
0.1275,-245.0192474335075,-5.798305069067271
0.12770833333333334,-259.2662579315602,-6.579072553255467
0.12791666666666668,-273.1104949060479,-7.358100505843477
0.128125,-284.93238019753113,-8.113916322827235
0.12833333333333333,-293.8921317038003,-8.678448095999933
0.12854166666666667,-301.0889100010709,-9.151201609455002
0.12875,-306.10085373615874,-9.547780460496925
0.12895833333333334,-308.3231697340181,-9.880110271002064
0.12916666666666668,-309.6815119088629,-10.147489226191531
0.129375,-308.6779375277805,-10.489146372632579
0.12958333333333333,-305.88013117389056,-10.796628138933558
0.12979166666666667,-301.3042376150221,-11.10719642865122
0.13,-293.9528026645708,-11.355619791253732
0.13020833333333334,-284.7450846217563,-11.535523009359746
0.13041666666666665,-273.01175476052555,-11.562075796846852
0.130625,-259.03717780849536,-11.434875471806489
0.13083333333333333,-244.92346033778455,-11.190476269455795
0.13104166666666667,-230.10009251677158,-10.87878801456133
0.13125,-214.09726575124682,-10.648170579170783
0.13145833333333334,-199.35029665934883,-10.396983684499736
0.13166666666666665,-185.93616339108286,-10.288138409562894
0.131875,-171.93810681166931,-10.208355138044451
0.13208333333333333,-155.9786634242938,-10.213556751750078
0.13229166666666667,-138.16727603647254,-10.116790645536723
0.1325,-117.1487314588593,-9.847519683485217
0.13270833333333334,-92.67407231541877,-9.303178614850019
0.13291666666666666,-63.91555292829607,-8.436925334097486
0.133125,-32.70105476126776,-7.25119399005978
0.13333333333333333,-0.3736014049556527,-5.811934273346157
0.13354166666666667,33.00698078801432,-4.230001351499103
0.13375,64.5736144594056,-2.5755854627045087
0.13395833333333335,92.43871538804868,-1.0716760690257885
0.13416666666666666,117.01691920808756,0.2560381338245365
0.134375,138.0602194954129,1.283934059224501
0.13458333333333333,156.05485662198612,2.0823248915112433
0.13479166666666667,171.0212294001367,2.7316115539120944
0.135,185.87594375046555,3.2783007357107317
0.13520833333333335,199.89001266013545,3.7794969908180414
0.13541666666666666,214.9619562532394,4.353686591838338
0.135625,229.45335425058835,5.017561905963708
0.13583333333333333,245.08028572743845,5.816646124252904
0.13604166666666667,259.10190329399995,6.5775369116175115
0.13625,273.0556599716716,7.367633115791199
0.13645833333333332,284.69157160091294,8.097818131220604
0.13666666666666666,293.8533249259539,8.659792959453053
0.136875,301.19367016014934,9.184698138242414
0.13708333333333333,306.25048924501857,9.553262461414379
0.13729166666666667,308.6050165202018,9.87543713341636
0.1375,309.14835814117805,10.170005317712409
0.13770833333333332,308.6815737396539,10.468736887457355
0.13791666666666666,305.7217537621123,10.77800563676355
0.138125,301.0637358968245,11.104493436165788
0.13833333333333334,294.0501897954989,11.351724317353003
0.13854166666666667,284.1853084809601,11.533415865618153
0.13875,272.50493059514076,11.563908738972655
0.13895833333333332,259.4983551773268,11.45851133345587
0.13916666666666666,244.53263415061497,11.211148641228425
0.139375,228.85571134858475,10.92696839492007
0.13958333333333334,214.69621100915265,10.621101190115688
0.13979166666666668,200.0557210863186,10.394539657696393
0.14,185.65637736871068,10.278945462531611
0.14020833333333332,171.12468974874898,10.21784021360178
0.14041666666666666,156.10999440432266,10.203516370372842
0.140625,138.18305795465338,10.090753039423962
0.14083333333333334,117.69690106927582,9.825456205362128
0.14104166666666668,92.5007724546208,9.311566770284527
0.14125,64.15736899923188,8.455073649181497
0.14145833333333332,32.79044962256071,7.243664668429341
0.14166666666666666,0.20419396679955557,5.821906974810936
0.141875,-32.67591030477706,4.202061951067038
0.14208333333333334,-63.74751196177647,2.5867498326022442
0.14229166666666668,-92.52605603459745,1.0921358553077765
0.1425,-117.2101023668395,-0.22649980346390408
0.14270833333333333,-138.215496091742,-1.2826120610963254
0.14291666666666666,-155.70334199995028,-2.077727157044715
0.143125,-171.0793036914403,-2.7426801340681433
0.14333333333333334,-185.94955619800905,-3.273649570011363
0.14354166666666668,-200.09382207944864,-3.7879146928221905
0.14375,-214.42148069403223,-4.360499154626995
0.14395833333333333,-229.55833780904368,-5.065935370442999
0.14416666666666667,-244.4253004113729,-5.793391050803116
0.144375,-259.94078279110073,-6.601149511519237
0.14458333333333334,-273.11552144170037,-7.366757633144677
0.14479166666666668,-284.8073256184562,-8.08398132759423
0.145,-294.6506757410164,-8.696643719217874
0.14520833333333333,-301.3902307425821,-9.156729865581235
0.14541666666666667,-306.1761485647717,-9.533050618803717
0.145625,-308.7362406099029,-9.873476854186025
0.14583333333333334,-309.2931073305554,-10.169028926363913
0.14604166666666665,-308.747229609071,-10.504534188025689
0.14625,-306.2050629658782,-10.810312767031444
0.14645833333333333,-301.16355976679375,-11.117731611190491
0.14666666666666667,-293.80829333256077,-11.36524036938022
0.146875,-284.85571123899234,-11.540304276157416
0.14708333333333334,-273.1364889009518,-11.559508821320156
0.14729166666666665,-259.2382012286262,-11.45473916421162
0.1475,-244.71869785359064,-11.203005418142144
0.14770833333333333,-229.33502626136166,-10.906714045652338
0.14791666666666667,-214.50341169795013,-10.619522880947839
0.148125,-199.81221273547797,-10.40152839778793
0.14833333333333334,-186.09361560322984,-10.294956479116912
0.14854166666666666,-171.45691846421153,-10.232936611650953
0.14875,-155.95371493383453,-10.205588183625242
0.14895833333333333,-138.39969303004028,-10.112720351957824
0.14916666666666667,-117.49211998557095,-9.837555902329408
0.149375,-92.22428804612201,-9.28065251018372
0.14958333333333335,-64.14818130946973,-8.429591854860103
0.14979166666666666,-33.08775167549847,-7.2732622776615266
0.15,-0.024044734231640785,-5.801671717023963
0.15020833333333333,33.114186319427645,-4.200448450647526
0.15041666666666667,63.49025875257349,-2.5985932670535843
0.150625,92.0215656324635,-1.0581487002313246
0.15083333333333335,116.87052888812877,0.23620646243503077
0.15104166666666666,138.46101501569487,1.273400838566487
0.15125,155.9716891759756,2.113187053291147
0.15145833333333333,171.64572661162887,2.7353763713065673
0.15166666666666667,185.5498058449399,3.2554462809486857
0.151875,199.70774467868242,3.776521062494011
0.15208333333333332,214.6119534291811,4.345895356642604
0.15229166666666666,229.51146601677348,5.0397690687855325
0.1525,244.8004985293745,5.789627867735048
0.15270833333333333,259.33092072071446,6.595477683200065
0.15291666666666667,272.9783811115844,7.383871158522041
0.153125,284.6512513061925,8.071948834063024
0.15333333333333332,294.2650285851911,8.674219024473102
0.15354166666666666,301.35107320197613,9.132430111367452
0.15375,305.54239153721227,9.55237069857844
0.15395833333333334,308.12414730743825,9.843765516983012
0.15416666666666667,309.82178515288336,10.163622108181622
0.154375,308.9828957195886,10.476718563593291
0.15458333333333332,305.6922037809314,10.802988159999282
0.15479166666666666,300.68436227985376,11.088534314076602
0.155,294.0953454431718,11.365375437757157
0.15520833333333334,284.8444310915527,11.551177742278824
0.15541666666666668,273.3582438105795,11.577521761714184
0.155625,259.50691286147196,11.45116905039831
0.15583333333333332,244.57038465051087,11.210634523702398
0.15604166666666666,229.27361477864235,10.898023168738423
0.15625,214.50286282291827,10.636337685554992
0.15645833333333334,199.91281247152892,10.39934349633533
0.15666666666666668,185.58107909828942,10.280248308298498
0.156875,171.96608621422956,10.214144654869775
0.15708333333333332,156.34733453076404,10.19688458684787
0.15729166666666666,138.3797324699023,10.109133132665155
0.1575,116.87103789915045,9.842374791971645
0.15770833333333334,92.60948013601399,9.309441471486165
0.15791666666666668,64.220349816291,8.43308537328254
0.158125,32.94281801114208,7.238300244182327
0.15833333333333333,0.31241631676054904,5.836219535751857
0.15854166666666666,-32.673338819373555,4.24739179869794
0.15875,-63.87543965484152,2.593213565627295
0.15895833333333334,-92.23649873409731,1.0510218076498603
0.15916666666666668,-117.01605264660297,-0.2502100387268873
0.159375,-138.54162308144421,-1.2869133773809847
0.15958333333333333,-155.88013716089088,-2.086242278246274
0.15979166666666667,-171.59294529122653,-2.7503153034705066
0.16,-186.1548063141305,-3.2607264376991676
0.16020833333333334,-199.56717449267495,-3.7741438778020915
0.16041666666666668,-214.06775116477976,-4.343712962056677
0.160625,-229.15709228396491,-5.035771127644535
0.16083333333333333,-244.59951047044532,-5.8137368476225655
0.16104166666666667,-259.0401821882064,-6.583662987148938
0.16125,-272.9058318848208,-7.361642090178087
0.16145833333333334,-284.5610222157403,-8.090506490205506
0.16166666666666665,-294.34395458053564,-8.68155466843176
0.161875,-301.0500733053656,-9.172696646703116
0.16208333333333333,-305.9322630537044,-9.556586156621986
0.16229166666666667,-309.0116274754821,-9.846552282131015
0.1625,-309.58414808142464,-10.155821124815928
0.16270833333333334,-308.70589683723733,-10.46379821122819
0.16291666666666665,-305.4979692441491,-10.77142114019593
0.163125,-300.92576779936167,-11.122417202798943
0.16333333333333333,-294.0677253781471,-11.37463325605169
0.16354166666666667,-284.5495247075146,-11.523754535734515
0.16375,-272.897792085444,-11.560271740080822
0.16395833333333334,-259.42856696464503,-11.424612155958831
0.16416666666666666,-244.93392062400508,-11.208383114933685
0.164375,-229.5346604034424,-10.927987756683603
0.16458333333333333,-214.68652456416302,-10.624571786046301
0.16479166666666667,-200.30020753223016,-10.3991587332044
0.165,-185.70704062108396,-10.257820153225936
0.16520833333333335,-171.35608113652967,-10.21774019314533
0.16541666666666666,-156.34771930808725,-10.192561387670063
0.165625,-138.1263914583861,-10.101866547003866
0.16583333333333333,-116.85232515213089,-9.841503958418668
0.16604166666666667,-92.13091937021437,-9.312778917495883
0.16625,-63.80398400319408,-8.437440722775488
0.16645833333333335,-32.822453303364135,-7.2634463824521776
0.16666666666666666,-0.2112613319906454,-5.786500420846693
0.166875,32.561256898250576,-4.189920251740937
0.16708333333333333,64.14659444010653,-2.5770096679739067
0.16729166666666667,92.49054531352797,-1.0652046849816126
0.1675,117.42308327650578,0.2372927262095846
0.16770833333333332,138.37071521159857,1.2756332849464147
0.16791666666666666,155.86798526611105,2.1031164290716844
0.168125,171.1428458317998,2.7336429444534875
0.16833333333333333,185.7550694254685,3.2623032925031317
0.16854166666666667,200.04193644620364,3.784125904274022
0.16875,214.44947918865176,4.370501591794044
0.16895833333333332,229.35242390702027,5.0202348001531885
0.16916666666666666,244.7265350283997,5.780033493144494
0.169375,259.25184903309264,6.614743800736905
0.16958333333333334,272.75182865904173,7.390078753493653
0.16979166666666667,284.6895847435404,8.0834060541473
0.17,293.9700885928889,8.686025102267148
0.17020833333333332,301.21034722873486,9.164038569061596
0.17041666666666666,306.01566054152346,9.544373176535329
0.170625,308.4011071960004,9.86903891372276
0.17083333333333334,309.4510385225041,10.199658453724684
0.17104166666666668,309.0454086812523,10.474000088636668
0.17125,305.6568396576267,10.803891839672252
0.17145833333333332,300.62015751924747,11.081297417191294
0.17166666666666666,293.60512544961045,11.359079362137585
0.171875,284.61899902160883,11.544555761007812
0.17208333333333334,272.91657449947917,11.557841772384782
0.17229166666666668,259.34843575458945,11.370522485214954
0.1725,244.96686128188824,11.215682474654836
0.17270833333333332,228.82868882576548,10.941872230490594
0.17291666666666666,214.59898346860734,10.595619747382324
0.173125,200.37798819795057,10.424504629901179
0.17333333333333334,185.55290088349872,10.23026104971002
0.17354166666666668,171.35894567356758,10.237707290868345
0.17375,155.7128194509358,10.199348854150262
0.17395833333333333,137.87213378749405,10.071421354035326
0.17416666666666666,117.0196849973492,9.845372688007874
0.174375,92.75259662585604,9.319298227006412
0.17458333333333334,64.51978988279137,8.447231603107843
0.17479166666666668,32.74819679882804,7.267221925519751
0.175,0.476265053515704,5.805672618468272
0.17520833333333333,-32.82328748584272,4.1821321398342715
0.17541666666666667,-63.62202045724498,2.5968802152941586
0.175625,-92.41904996735377,1.0971279978624837
0.17583333333333334,-117.06848604209402,-0.22166839916094838
0.17604166666666668,-138.0043516808532,-1.3243682783606876
0.17625,-155.10632901040148,-2.1290824285296543
0.17645833333333333,-171.24107590780176,-2.7448114600792923
0.17666666666666667,-186.01166220720987,-3.282756077155689
0.176875,-199.74537917993112,-3.776420009975407
0.17708333333333334,-214.59045813427107,-4.3507804017482155
0.17729166666666665,-229.6193349797669,-5.0520709104773
0.1775,-244.43616348468345,-5.778622700363467
0.17770833333333333,-259.3700670715032,-6.583964391380512
0.17791666666666667,-272.8392012013434,-7.386736416528308
0.178125,-284.6082252294986,-8.091855448069095
0.17833333333333334,-293.98644095627,-8.716880287436224
0.17854166666666665,-301.0430796571313,-9.170563210606016
0.17875,-306.4316012689867,-9.543788790089142
0.17895833333333333,-308.5193212791209,-9.85941745341075
0.17916666666666667,-309.81685365842804,-10.155950408852886
0.179375,-309.0465392301633,-10.467490114070724
0.17958333333333334,-305.96196234677507,-10.79791802287488
0.17979166666666666,-301.1283258806615,-11.102301643645857
0.18,-294.2439632790641,-11.351322382129649
0.18020833333333333,-284.4039635705473,-11.527556007066716
0.18041666666666667,-273.2443889715655,-11.547043118151963
0.180625,-259.4795744056381,-11.439151769927875
0.18083333333333335,-244.80953235839138,-11.215273510367322
0.18104166666666666,-229.50854425162518,-10.905256569567367
0.18125,-214.43028392883986,-10.63388675033671
0.18145833333333333,-200.2396018849054,-10.395921611251628
0.18166666666666667,-185.65377540535684,-10.271416553596731
0.181875,-171.43814670943098,-10.22819632684036
0.18208333333333335,-156.37402899357008,-10.204400726022643
0.18229166666666666,-138.58536815911535,-10.114292737150253
0.1825,-117.10433032183627,-9.863367638180595
0.18270833333333333,-92.45096713438515,-9.2962922043418
0.18291666666666667,-64.08629824231184,-8.438300095671295
0.183125,-32.8391772192192,-7.245704457177063
0.18333333333333332,0.05638995987942695,-5.819819613687883
0.18354166666666666,33.06909400755238,-4.181622231780355
0.18375,63.782666988686756,-2.592198294177065
0.18395833333333333,92.10273240671157,-1.0840083337039055
0.18416666666666667,116.82791953413056,0.2237068381765572
0.184375,138.16794946580688,1.2685413048682679
0.18458333333333332,156.21227927490568,2.1293484308074078
0.18479166666666666,171.34606244195345,2.7526879548138803
0.185,185.2094211136823,3.2678726228297656
0.18520833333333334,199.56163043184551,3.7636415266520373
0.18541666666666667,214.29174081930125,4.383850654049306
0.185625,229.35746521216575,5.0253413238057405
0.18583333333333332,244.56121666784338,5.786244239784212
0.18604166666666666,259.38748374919174,6.614539836747383
0.18625,272.83090859726605,7.388397688422885
0.18645833333333334,284.874056437601,8.122284165360664
0.18666666666666668,293.9015824114998,8.69136410370614
0.186875,300.9337416416214,9.159623816268018
0.18708333333333332,306.06707842044,9.534722491449152
0.18729166666666666,308.30205392879174,9.834243724681306
0.1875,309.6687717298005,10.157454625941055
0.18770833333333334,308.711602742205,10.488322640301606
0.18791666666666668,305.9104989133302,10.802935380005726
0.188125,301.54639015827735,11.106899187882604
0.18833333333333332,293.91503487659634,11.351428845372011
0.18854166666666666,285.12679607759674,11.529526631237252
0.18875,272.85248731766484,11.566999247092324
0.18895833333333334,259.0585843572016,11.442819992834925
0.18916666666666668,244.68079371990603,11.208073154164603
0.189375,229.22783613396024,10.901145399771906
0.18958333333333333,214.3120610380474,10.638566088385803
0.18979166666666666,200.0868869725026,10.35473524248534
0.19,185.9737415968853,10.277583069802372
0.19020833333333334,171.2983553764503,10.262192136406727
0.19041666666666668,156.14789371650602,10.176852982730468
0.190625,138.38509723852047,10.103050380443491
0.19083333333333333,117.46032593774373,9.838561955747371
0.19104166666666667,92.52807865671882,9.295096888558342
0.19125,64.40130039193828,8.457318911688802
0.19145833333333334,32.361981998097555,7.265536276179303
0.19166666666666668,-0.07947663716024457,5.8141322657414385
0.191875,-33.04893291916674,4.2220120745802685
0.19208333333333333,-64.03063674863543,2.5867535155953445
0.19229166666666667,-92.5385876097372,1.1185796564032733
0.1925,-117.14278995909073,-0.23634190796938082
0.19270833333333334,-137.62517657896453,-1.291620909439393
0.19291666666666665,-155.94347237934974,-2.1320160331651423
0.193125,-171.35044922221658,-2.7402736988619214
0.19333333333333333,-185.89291340720135,-3.241650780159427
0.19354166666666667,-199.9687003255097,-3.797114711524105
0.19375,-214.49849582989197,-4.389044996440483
0.19395833333333334,-229.38481641754692,-5.030132379160788
0.19416666666666665,-244.37198694077063,-5.7697184596404965
0.194375,-258.96598996904373,-6.592345232110289
0.19458333333333333,-272.8314401594947,-7.3835558986950725
0.19479166666666667,-284.4643348134548,-8.117144937345369
0.195,-294.35830286521684,-8.680849457960832
0.19520833333333334,-301.17129031709425,-9.155660151628467
0.19541666666666666,-305.7122871695892,-9.57062555218758
0.195625,-308.4694722866689,-9.844930680608714
0.19583333333333333,-309.5184463702717,-10.150148129644807
0.19604166666666667,-308.4643659563815,-10.454169001081
0.19625,-305.8246678585617,-10.785199991038343
0.19645833333333335,-300.84924456692454,-11.09678932715202
0.19666666666666666,-293.9982469486804,-11.358542048548749
0.196875,-284.7006461138575,-11.513096451144511
0.19708333333333333,-272.82488486573794,-11.579088408051247
0.19729166666666667,-260.1104870624091,-11.458875095492214
0.1975,-244.5675923905605,-11.216612245122949
0.19770833333333335,-230.40900064034545,-10.915047067146228
0.19791666666666666,-214.93086585185142,-10.619736307324494
0.198125,-199.87468649726287,-10.39684358996808
0.19833333333333333,-185.7154637404054,-10.255083796997548
0.19854166666666667,-171.744504496548,-10.20640987721384
0.19875,-156.07906794071334,-10.212564360164851
0.19895833333333332,-137.75308505186052,-10.10309228061322
0.19916666666666666,-117.22225803149922,-9.851398093815124
0.199375,-91.83499522683537,-9.304859336344462
0.19958333333333333,-64.0609231772098,-8.43694642751466
0.19979166666666667,-32.7301725608692,-7.309580192110992
0.2,0.40421859962964696,-5.775679099558545
0.20020833333333332,32.8649383841358,-4.201556856001699
0.20041666666666666,63.809857218746146,-2.5954378040903805
0.200625,92.36829344201546,-1.041971142742423
0.20083333333333334,117.09234781455666,0.23340064441699032
0.20104166666666667,137.75453488596602,1.2965379317042047
0.20125,155.83708441240694,2.0990522752654552
0.20145833333333332,171.26834927801548,2.75690182151405
0.20166666666666666,186.0659355140178,3.2572866747918465
0.201875,199.99628161604596,3.7793251202798315
0.20208333333333334,214.42930106271186,4.374738371121239
0.20229166666666668,229.47035195138525,5.039394203090555
0.2025,244.7190943292574,5.789464406275554
0.20270833333333332,259.5320420183675,6.609636815126124
0.20291666666666666,272.65891712280575,7.416591278097156
0.203125,284.35132462680855,8.094028775011253
0.20333333333333334,294.34675654177187,8.689384671119514
0.20354166666666668,301.0462369134384,9.168138684515945
0.20375,305.59314901266134,9.563556007213586
0.20395833333333332,308.7969176236187,9.852960701313638
0.20416666666666666,309.68719125497864,10.157458799137524
0.204375,308.303285631959,10.44809209598233
0.20458333333333334,306.0047299646761,10.776194849476266
0.20479166666666668,301.3332169045973,11.098827567743681
0.205,294.1641833508474,11.36551380711834
0.20520833333333333,284.7697169059049,11.552659785853612
0.20541666666666666,272.55777790544823,11.559846933588288
0.205625,259.46059850719485,11.422678026335069
0.20583333333333334,244.58765888478854,11.194652419339642
0.20604166666666668,229.3761998943599,10.933720994819593
0.20625,214.71763890235425,10.642457516403548
0.20645833333333333,200.35744727516862,10.4021360634199
0.20666666666666667,186.28343858837147,10.2652024871863
0.206875,171.78259926939145,10.240511299228116
0.20708333333333334,155.8736088848353,10.184578676639568
0.20729166666666668,138.1839003397701,10.11255137823486
0.2075,117.29295621655122,9.872770505462682
0.20770833333333333,92.42601979225996,9.305115966002909
0.20791666666666667,64.09313426089773,8.430139155861603
0.208125,33.03811988805733,7.264605041503946
0.20833333333333334,-0.014820661506933265,5.804797629368122
0.20854166666666665,-33.01450333918207,4.1891412485063055
0.20875,-64.16406148037913,2.597017795362182
0.20895833333333333,-92.2372477105068,1.087649205079052
0.20916666666666667,-117.10050217580553,-0.2432757120554407
0.209375,-138.01066780479667,-1.3002086760281006
0.20958333333333334,-155.73352261969237,-2.120782493288283
0.20979166666666665,-171.5476076672372,-2.734370977959337
0.21,-185.64578403381438,-3.2672969711303477
0.21020833333333333,-199.8929179966358,-3.792248349069317
0.21041666666666667,-214.80870327172738,-4.328299106369899
0.210625,-229.13632123624524,-5.023619718977448
0.21083333333333334,-244.78850001059521,-5.781693700632108
0.21104166666666666,-259.79161230424205,-6.579729957006828
0.21125,-273.1701061073678,-7.366948486404236
0.21145833333333333,-284.8669828251339,-8.09546426757125
0.21166666666666667,-294.0575434082572,-8.683544980456878
0.211875,-301.2177837578768,-9.169614735525624
0.21208333333333335,-306.03156752772065,-9.537322610329472
0.21229166666666666,-308.5310389549026,-9.856823304049795
0.2125,-309.4863799631723,-10.167373466446161
0.21270833333333333,-308.60695247861236,-10.491093221063014
0.21291666666666667,-305.84490242147797,-10.791759311561401
0.213125,-300.9952874644896,-11.10965861010129
0.21333333333333335,-294.5975750733651,-11.39470844574491
0.21354166666666666,-284.7028310980303,-11.518508609433718
0.21375,-273.453897696095,-11.537326909830774
0.21395833333333333,-259.3688234867458,-11.398433856859793
0.21416666666666667,-244.66447206771426,-11.211440089169951
0.214375,-229.23551436534348,-10.921180443019416
0.21458333333333332,-214.20309140182107,-10.642199676630733
0.21479166666666666,-199.9369348854367,-10.398584186169227
0.215,-185.9599363440698,-10.268805611460987
0.21520833333333333,-171.3326070233784,-10.235806751714373
0.21541666666666667,-156.03302183957365,-10.202102531770523
0.215625,-138.096068461877,-10.136350907267362
0.21583333333333332,-116.85471641936408,-9.824784969381787
0.21604166666666666,-92.5351681414361,-9.313595819664314
0.21625,-63.85902355410764,-8.442293143321674
0.21645833333333334,-32.662831262913784,-7.279849912283274
0.21666666666666667,-0.23869795428078694,-5.8205830641451985
0.216875,33.07565513714444,-4.214246853465288
0.21708333333333332,64.23508480025869,-2.5866716176637725
0.21729166666666666,92.42120677677973,-1.0636857013381642
0.2175,116.91066963409516,0.2601982382264717
0.21770833333333334,137.88091879437073,1.3055408050582422
0.21791666666666668,155.76662678601846,2.1207914805687365
0.218125,171.5895459173365,2.7538135056014994
0.21833333333333332,185.59593978287165,3.2674070636093284
0.21854166666666666,200.09700670965336,3.7765322508344115
0.21875,214.1895611177803,4.371818317419724
0.21895833333333334,229.44588028792998,5.046712250518016
0.21916666666666668,244.6907257633003,5.800008114822077
0.219375,259.9891210047115,6.5711615365853255
0.21958333333333332,272.5645162660917,7.365892127359261
0.21979166666666666,284.9797251765877,8.085144806718903
0.22,294.1080473414172,8.699327585112414
0.22020833333333334,301.2521141109942,9.165259081975645
0.22041666666666668,305.9769465141571,9.560952594202833
0.220625,308.79714615082224,9.88167721677037
0.22083333333333333,309.53292752737997,10.179621119563317
0.22104166666666666,309.04947699163785,10.489236848686403
0.22125,305.83324174975405,10.778397958846028
0.22145833333333334,301.43237977453447,11.113834100275996
0.22166666666666668,293.9094949578674,11.35723992641498
0.221875,284.59665857336535,11.501387540996644
0.22208333333333333,272.6408545418997,11.547494974533599
0.22229166666666667,259.4915943985312,11.45623025847229
0.2225,245.02459531388897,11.212483256771893
0.22270833333333334,229.47755838908506,10.943366905145233
0.22291666666666668,214.45077857532448,10.628216813353133
0.223125,199.70897440673198,10.438430856070397
0.22333333333333333,185.77752291133444,10.27450320255213
0.22354166666666667,171.0556987365837,10.223974511134866
0.22375,155.67282293356206,10.180287732221643
0.22395833333333334,138.15241681054263,10.123329363368402
0.22416666666666665,117.43100379803829,9.831148743665114
0.224375,93.09802802024495,9.292329916178067
0.22458333333333333,63.91379694264921,8.46099175650687
0.22479166666666667,33.19100664425265,7.275822850995929
0.225,0.060938120097555885,5.828828530661408
0.22520833333333334,-32.869993516772254,4.204620119151925
0.22541666666666665,-63.9522946009856,2.5857376169797037
0.225625,-92.38024618401775,1.069983873105494
0.22583333333333333,-117.07365156720036,-0.22687433926416117
0.22604166666666667,-138.19780358972213,-1.2712466708893142
0.22625,-156.25056984519168,-2.1008368140934692
0.22645833333333334,-171.8398036021448,-2.7024985776720216
0.22666666666666666,-185.67153485389983,-3.2454035291159187
0.226875,-200.05680367002057,-3.780604849680442
0.22708333333333333,-214.64902222491483,-4.344250967734008
0.22729166666666667,-229.49477102735955,-5.005028007047982
0.2275,-244.46458076142875,-5.7603052925025215
0.22770833333333335,-259.33274748268815,-6.5751775803717685
0.22791666666666666,-273.0728589141324,-7.378128912850831
0.228125,-284.3051482960516,-8.092518017090109
0.22833333333333333,-293.675790362175,-8.678992227247955
0.22854166666666667,-301.02568196766003,-9.140469660832673
0.22875,-305.703943657974,-9.537393027867846
0.22895833333333335,-308.3754744470699,-9.855130689261165
0.22916666666666666,-309.28882397436934,-10.160862594718402
0.229375,-308.53243965199516,-10.476072106158673
0.22958333333333333,-305.7977727740421,-10.796384885015524
0.22979166666666667,-301.0194059881539,-11.104563178005437
0.23,-294.34492115655746,-11.340581362085743
0.23020833333333332,-284.43654074574954,-11.529719242644944
0.23041666666666666,-273.24779867275356,-11.551017860375785
0.230625,-259.5764883322273,-11.44933986889398
0.23083333333333333,-244.33742255770449,-11.194822660622975
0.23104166666666667,-229.2868423933686,-10.892599576890383
0.23125,-214.12815042757856,-10.60119089348474
0.23145833333333332,-200.05554724342005,-10.398663346896061
0.23166666666666666,-186.12290828504158,-10.2632250699202
0.231875,-171.51400660078093,-10.225940561525107
0.23208333333333334,-155.87553460593338,-10.191558303345005
0.23229166666666667,-138.07597311992944,-10.101961444976517
0.2325,-116.8178303789172,-9.837806654790551
0.23270833333333332,-92.48604291118725,-9.299969325385009
0.23291666666666666,-63.972434595965126,-8.434994463799475
0.233125,-33.07933839244851,-7.262861797486607
0.23333333333333334,0.11257931950926447,-5.81548521203463
0.23354166666666668,32.832958742633494,-4.1844425559575935
0.23375,63.87298987934739,-2.5458440534265234
0.23395833333333332,92.33676796439522,-1.0889471932988721
0.23416666666666666,117.05520656197538,0.21972004390863403
0.234375,138.0281815166817,1.2801928484996326
0.23458333333333334,156.34387774080912,2.104809686195859
0.23479166666666668,171.42928580093744,2.7455586516179245
0.235,185.7738720471765,3.267730239517167
0.23520833333333332,199.46326590809696,3.779663325820429
0.23541666666666666,214.2764481620039,4.364615672030225
0.235625,229.4311290779264,5.020235818879183
0.23583333333333334,244.4918506556141,5.786617785676388
0.23604166666666668,259.7232653667897,6.592679532315149
0.23625,272.8676107361234,7.354750784572643
0.23645833333333333,284.9338325972937,8.071847965208438
0.23666666666666666,294.08601289643315,8.670809778882209
0.236875,301.15862809059536,9.177040901616937
0.23708333333333334,305.92516042388183,9.547579888929636
0.23729166666666668,308.6869135091785,9.871114585340266
0.2375,310.0010475542329,10.134038737686122
0.23770833333333333,308.1060617645852,10.448900239928452
0.23791666666666667,305.4469730997011,10.803901099019733
0.238125,301.01352842372563,11.064914523159116
0.23833333333333334,294.07421870840614,11.38472230239331
0.23854166666666668,284.7842476411553,11.49877377881417
0.23875,273.02711697947757,11.56445721489327
0.23895833333333333,259.2817769902255,11.423030434616539
0.23916666666666667,244.91807474796687,11.221305682347687
0.239375,229.75444628482964,10.9612221782799
0.23958333333333334,214.54601445781725,10.591460696722262
0.23979166666666665,200.2282930406219,10.412144471984428
0.24,185.90300739057952,10.244717943465487
0.24020833333333333,171.31352654481967,10.230038840525822
0.24041666666666667,156.07549663999274,10.196377001087145
0.240625,138.12337357965825,10.108617657100925
0.24083333333333334,117.10158546029368,9.825005326454335
0.24104166666666665,92.76396369798259,9.31374374741158
0.24125,63.44772518178493,8.420047930480969
0.24145833333333333,32.47776056254854,7.277074069907339
0.24166666666666667,-0.29676760659354884,5.805709005554243
0.241875,-32.922996766980724,4.18901262600154
0.24208333333333334,-64.12409525636134,2.6104263073092517
0.24229166666666666,-92.77255671688327,1.0698715492786766
0.2425,-117.34754000668292,-0.20999757241770267
0.24270833333333333,-138.31093071864422,-1.2762297989769273
0.24291666666666667,-155.286686407224,-2.1183311979932693
0.243125,-171.00346181457562,-2.73339679096634
0.24333333333333335,-185.93778342914274,-3.2570458762915186
0.24354166666666666,-200.07852447007684,-3.754188310768967
0.24375,-214.78730099929658,-4.350118873125384
0.24395833333333333,-229.97393003734751,-5.027972721912198
0.24416666666666667,-244.6925338712583,-5.793277821059044
0.244375,-259.6273014642565,-6.593739306078588
0.24458333333333335,-272.9300578128862,-7.3589451483704424
0.24479166666666666,-285.01177299722525,-8.089212038017322
0.245,-294.26108035249814,-8.693558228870844
0.24520833333333333,-301.1121643576651,-9.174046885745964
0.24541666666666667,-305.855807136364,-9.552206042008581
0.245625,-308.58159645658793,-9.882980107279852
0.24583333333333332,-309.9014710495097,-10.172889192158095
0.24604166666666666,-308.4722930137393,-10.448677436084429
0.24625,-306.1474124599606,-10.797051856324405
0.24645833333333333,-300.99110665283786,-11.096028392755796
0.24666666666666667,-294.0732464070753,-11.403534209797792
0.246875,-284.9558184097335,-11.517598866332554
0.24708333333333332,-272.9878946061177,-11.554227332079936
0.24729166666666666,-259.28649753292916,-11.443580804331262
0.2475,-244.51007247953928,-11.202857727258795
0.24770833333333334,-229.53214440840188,-10.920537143378327
0.24791666666666667,-214.11705527735148,-10.657416484972494
0.248125,-199.7357509547528,-10.387880095648933
0.24833333333333332,-185.8990096038207,-10.268195120749162
0.24854166666666666,-171.26636684848037,-10.228346443513777
0.24875,-155.4175940589454,-10.213971364121528
0.24895833333333334,-137.60559914882046,-10.128718785005628
0.24916666666666668,-117.40825046880991,-9.835322229993245
0.249375,-92.62735858272814,-9.27783401636585
0.24958333333333332,-63.68921351723514,-8.438725800899379
0.24979166666666666,-33.09675186779627,-7.2791909350552
0.25,-0.3306352833214952,-5.808471009247742
0.2502083333333333,32.71063307241533,-4.210853130596219
0.2504166666666667,64.16549989128438,-2.573541600568246
0.250625,92.37012612828359,-1.061780691409833
0.25083333333333335,116.93860959350067,0.19382477396252118
0.25104166666666666,137.9271671835831,1.3027287739830997
0.25125,155.7229581641406,2.0913068212789465
0.25145833333333334,171.2340198943488,2.7107960128306394
0.25166666666666665,186.4052542940413,3.2560343442308968
0.251875,200.06200641529472,3.7832474254041295
0.2520833333333333,214.72168976360143,4.332070619671622
0.2522916666666667,229.37462806700938,5.041185757484409
0.2525,244.61682465536026,5.801729709965579
0.2527083333333333,259.199449973104,6.593685593485335
0.2529166666666667,272.2459180962413,7.365499675202232
0.253125,284.2672192157535,8.074576948216537
0.25333333333333335,293.6179320679243,8.703022251775002
0.25354166666666667,300.58687518700293,9.142910937964313
0.25375,305.6485197922349,9.559866621613281
0.25395833333333334,309.01720336611885,9.85947067995225
0.25416666666666665,309.5602397615444,10.160196045038512
0.254375,309.00860538685356,10.445532424637996
0.25458333333333333,306.0501051800354,10.791752117963984
0.2547916666666667,301.34496083791845,11.115798350524338
0.255,293.84536248909404,11.346306710711477
0.2552083333333333,284.74270927351375,11.533603073975804
0.2554166666666667,273.0910237384907,11.553142225319606
0.255625,259.23367664538614,11.426702869780428
0.25583333333333336,244.80319891731196,11.21839222291752
0.25604166666666667,229.6384443736838,10.880065913036463
0.25625,214.36261184471846,10.630758572405314
0.25645833333333334,199.70693653943098,10.426005342137605
0.25666666666666665,185.53881399174813,10.293439531255908
0.256875,171.4755236869943,10.229484407500633
0.25708333333333333,155.98279489743905,10.194953371898478
0.25729166666666664,137.8975888414009,10.097133883915797
0.2575,117.10789683393477,9.834136733690665
0.2577083333333333,92.53835956397239,9.310192739487988
0.2579166666666667,64.21499089258359,8.429664640968552
0.258125,33.220151635121915,7.269810868234746
0.25833333333333336,0.3192452080466181,5.843845167923292
0.25854166666666667,-33.0825044632802,4.20912473763558
0.25875,-63.63954666153255,2.5663363329100304
0.25895833333333335,-92.52846943107647,1.0507105178761933
0.25916666666666666,-116.8400322954895,-0.22696362869855463
0.259375,-138.07872364250284,-1.295446333601162
0.25958333333333333,-156.00407977485574,-2.09320654898045
0.25979166666666664,-171.90582151645802,-2.7401264576897897
0.26,-185.87773720227446,-3.2464020921733328
0.2602083333333333,-200.3774744563253,-3.7794573463704664
0.2604166666666667,-214.25817519104024,-4.367669199655819
0.260625,-229.11769926975518,-5.036632088410619
0.2608333333333333,-244.86254157198155,-5.808235442583989
0.26104166666666667,-259.30234578281477,-6.563140557162008
0.26125,-273.09019306047435,-7.3799597568591
0.26145833333333335,-284.7688427174983,-8.079599906949053
0.26166666666666666,-293.87696306195414,-8.695686306794446
0.261875,-301.1589556969516,-9.18135819559144
0.26208333333333333,-305.5124475253272,-9.547407772364828
0.26229166666666665,-308.8065225659491,-9.845430779338507
0.2625,-309.32151472035184,-10.169444539404132
0.2627083333333333,-308.66161109303386,-10.484211719810148
0.2629166666666667,-305.7484150333742,-10.791620903750301
0.263125,-301.26111054582293,-11.09910922877336
0.2633333333333333,-294.08297644730806,-11.341710139496492
0.2635416666666667,-284.64059625479,-11.520817278791469
0.26375,-273.11785945868326,-11.542147151336462
0.26395833333333335,-259.2123180848011,-11.425570075434134
0.26416666666666666,-244.50075157326222,-11.22286735734907
0.264375,-229.34850876031572,-10.927549745628225
0.26458333333333334,-214.115758586521,-10.6418168055182
0.26479166666666665,-199.62529244718925,-10.421696001101857
0.265,-185.92858224718478,-10.259908486046337
0.2652083333333333,-171.3606342219052,-10.219286555317614
0.2654166666666667,-156.05694260255848,-10.198286142594075
0.265625,-138.08988146998624,-10.14556166999507
0.2658333333333333,-117.2511878608861,-9.807848467720023
0.2660416666666667,-91.99070772765258,-9.315449710831489
0.26625,-63.96951867633019,-8.410996106711309
0.26645833333333335,-32.88668888711642,-7.280188133173725
0.26666666666666666,0.2984046429624421,-5.824033777531802
0.266875,32.289527752638236,-4.243095726900307
0.26708333333333334,63.556917565202056,-2.581070380320061
0.26729166666666665,92.5946849687437,-1.0874005413830559
0.2675,117.11636761063346,0.2225171096628109
0.2677083333333333,138.15833187408126,1.2739624276591466
0.2679166666666667,155.56944340441268,2.1180193383625143
0.268125,171.44808887380185,2.7427938987258953
0.2683333333333333,186.3357234273214,3.2860419537526404
0.2685416666666667,200.19367855244826,3.766797259452623
0.26875,214.5424266362846,4.359963929391575
0.26895833333333335,229.38713395651442,5.011277083267589
0.26916666666666667,244.56467061169107,5.78525404191167
0.269375,258.8455389961451,6.585198270841544
0.26958333333333334,272.973255285203,7.385480779018176
0.26979166666666665,284.8230923120847,8.104522945375567
0.27,293.6766819061283,8.702499270163882
0.27020833333333333,300.9839669084132,9.152937094178418
0.2704166666666667,305.65799337775155,9.558876583270393
0.270625,308.4446266475711,9.861287390282572
0.2708333333333333,309.58471921017593,10.156764609094726
0.2710416666666667,308.16486390752624,10.460526067916934
0.27125,306.10092714539957,10.785553830500435
0.27145833333333336,301.3377848989739,11.132729275477102
0.27166666666666667,294.00781109091207,11.370964023526673
0.271875,283.99154440746895,11.528742713679602
0.27208333333333334,272.659740523473,11.54787333863638
0.27229166666666665,259.68606395197173,11.473048883159517
0.2725,243.9688152544741,11.225147283952795
0.27270833333333333,229.4100165809931,10.902283832849195
0.27291666666666664,214.2049998053824,10.621454135353522
0.273125,200.18877122289652,10.398500146615943
0.2733333333333333,185.66606758668527,10.274028463843589
0.2735416666666667,171.55488580669964,10.213118916803102
0.27375,156.04240753503547,10.20606083139087
0.27395833333333336,138.55477675894628,10.128452244244587
0.27416666666666667,117.05051501268652,9.818976198964224
0.274375,92.48973639734102,9.285113429712748
0.27458333333333335,63.689179344138196,8.434525919721073
0.27479166666666666,33.12978499591232,7.251897577562273
0.275,-0.19012721201827626,5.841824748274529
0.27520833333333333,-32.972370146109995,4.225078624462857
0.27541666666666664,-64.06600516263202,2.600667090240897
0.275625,-92.78644639127009,1.0669162036683824
0.2758333333333333,-117.0440579913729,-0.24290681307614645
0.2760416666666667,-137.85385373078222,-1.3163257221231162
0.27625,-155.82780897436876,-2.0946329090007643
0.2764583333333333,-171.85112169255714,-2.724756124880174
0.27666666666666667,-185.86579839830372,-3.2395714849162696
0.276875,-199.80212142175571,-3.780245304469131
0.27708333333333335,-214.969497191491,-4.358808326018895
0.27729166666666666,-229.76558893749575,-5.028066428300248
0.2775,-244.44417792363598,-5.776901163619983
0.27770833333333333,-259.31031460989635,-6.615034184872254
0.27791666666666665,-272.8058522844396,-7.367473187649549
0.278125,-284.14684783305864,-8.089575051711893
0.2783333333333333,-293.95344854329454,-8.703512828820712
0.2785416666666667,-300.9848491288822,-9.196848364551524
0.27875,-305.26967315400583,-9.545946670379266
0.2789583333333333,-308.7394155857959,-9.840232972590066
0.2791666666666667,-309.7708194943751,-10.136513292532017
0.279375,-308.5790153467115,-10.465823097059126
0.27958333333333335,-305.83761177846253,-10.76452278245823
0.27979166666666666,-301.28099997947714,-11.107238684028536
0.28,-294.32868599280897,-11.35205330875459
0.28020833333333334,-284.0342604294415,-11.532891999300633
0.28041666666666665,-272.8271343123754,-11.559526024103635
0.280625,-259.56090981379543,-11.446521840741088
0.2808333333333333,-244.4343312490884,-11.236480060826999
0.2810416666666667,-229.52418372193097,-10.893793380671912
0.28125,-214.5632203615784,-10.635182847761165
0.2814583333333333,-199.8470604295217,-10.413735396462885
0.2816666666666667,-186.15781664177896,-10.289539959393574
0.281875,-171.36574050053514,-10.226702698240576
0.28208333333333335,-155.42280372830987,-10.173026198882084
0.28229166666666666,-137.97917588346706,-10.075264239501683
0.2825,-117.19530352455021,-9.863593623736316
0.28270833333333334,-92.52250162504608,-9.307352350708866
0.28291666666666665,-64.16302820725457,-8.457288664601874
0.283125,-32.89567227459924,-7.243624444845666
0.2833333333333333,-0.09445163318828366,-5.807548856943892
0.2835416666666667,33.06125946535828,-4.219601526073262
0.28375,63.62714093811336,-2.5854136587504755
0.2839583333333333,92.61122531753924,-1.0780429683921509
0.2841666666666667,117.00632886731637,0.26282580338980477
0.284375,138.18995724543842,1.30275453364192
0.28458333333333335,155.61929545269314,2.1164063637352197
0.28479166666666667,171.78605506822612,2.6921181817818693
0.285,186.14625481476452,3.2578596152040395
0.28520833333333334,200.22752627893615,3.8083310231546
0.28541666666666665,214.1213113060523,4.376573574876512
0.285625,229.7041777018058,5.002910767439753
0.28583333333333333,244.76452759656544,5.785578239762301
0.2860416666666667,258.97652065666324,6.57495815855204
0.28625,272.9027708340285,7.404180553061074
0.2864583333333333,284.70285515722355,8.092931792513477
0.2866666666666667,294.20960555637566,8.67611633640536
0.286875,301.1936364732271,9.166091647414776
0.28708333333333336,306.02016739002164,9.504789081765017
0.28729166666666667,309.0543672943363,9.84567424778729
0.2875,309.87785728094815,10.162180218420572
0.28770833333333334,307.96920070782795,10.483838870745986
0.28791666666666665,305.86799989710084,10.764833155606942
0.288125,301.10815837460376,11.100877238168636
0.28833333333333333,293.6325620947391,11.381498148107081
0.28854166666666664,284.6352672995235,11.504351736101425
0.28875,273.22103462307507,11.555244784036192
0.2889583333333333,259.106196503547,11.437348821534508
0.2891666666666667,244.74741405933014,11.231287831425467
0.289375,229.26794156471658,10.909647721674489
0.28958333333333336,214.33202199407873,10.622984352198477
0.28979166666666667,200.3569770560415,10.414538211063993
0.29,185.69920661969502,10.251945154148654
0.29020833333333335,171.5694504237699,10.22032405859433
0.29041666666666666,155.43323790122636,10.192642708377834
0.290625,138.561299689364,10.10458724507341
0.29083333333333333,117.25191361018409,9.85140671733378
0.29104166666666664,92.35010034427538,9.310348053045447
0.29125,64.20432984141735,8.430543063422503
0.2914583333333333,32.47972674785479,7.2604999990139305
0.2916666666666667,0.2956326854414248,5.83420438436502
0.291875,-32.913177798964604,4.197582500680564
0.2920833333333333,-64.11146059267908,2.5886797566652335
0.29229166666666667,-92.51863920867852,1.0679842789169154
0.2925,-117.2464133492933,-0.23955718721196478
0.29270833333333335,-137.92205264610809,-1.3190100052504672
0.29291666666666666,-155.837065717715,-2.0851975696066933
0.293125,-171.29096026616094,-2.7437372224656085
0.29333333333333333,-185.83704474709427,-3.243470365834234
0.29354166666666665,-199.85932869472947,-3.786403507889417
0.29375,-214.60471218597866,-4.366064208604217
0.2939583333333333,-228.93946447369035,-5.012420262471748
0.2941666666666667,-245.0552964287647,-5.775371358200438
0.294375,-259.0626041375537,-6.58985096205625
0.2945833333333333,-272.56686831728916,-7.367096771408431
0.2947916666666667,-284.82476123645625,-8.093595909983167
0.295,-293.513268335282,-8.687758784217204
0.29520833333333335,-300.90044856075275,-9.175503644148565
0.29541666666666666,-305.70457478410464,-9.530338590461605
0.295625,-308.67895889951683,-9.872349867306703
0.29583333333333334,-309.62565534302513,-10.139356217359095
0.29604166666666665,-308.7383166530338,-10.47589125274394
0.29625,-305.84972688673,-10.793645238955664
0.2964583333333333,-300.7990245627321,-11.095213647474319
0.2966666666666667,-294.0252581834566,-11.365994895711424
0.296875,-284.8395824407476,-11.530592160681334
0.2970833333333333,-272.7027384143754,-11.552257393231542
0.2972916666666667,-259.14755078184777,-11.422951928684535
0.2975,-244.49964894254776,-11.215514909952207
0.29770833333333335,-229.31052270740855,-10.914993319680256
0.29791666666666666,-214.56773203254016,-10.625404060264074
0.298125,-200.21987593928358,-10.388745036833633
0.29833333333333334,-186.05189443237978,-10.273338064777448
0.29854166666666665,-171.86276311362818,-10.196512820275151
0.29875,-155.8418052773574,-10.201826662206171
0.2989583333333333,-138.11658249482454,-10.110236176840088
0.2991666666666667,-117.21124742473498,-9.841246102423526
0.299375,-93.13463001102328,-9.32178525219905
0.2995833333333333,-64.37227258134504,-8.457324200751955
0.2997916666666667,-32.55197144223365,-7.266409514309794
0.3,-0.16615650001739818,-5.7948103124206956
0.30020833333333335,32.92232952450028,-4.210549877053179
0.30041666666666667,63.71277185641906,-2.593771917803732
0.300625,92.75540167552838,-1.0524836678867961
0.30083333333333334,117.06524358359043,0.2618797689676786
0.30104166666666665,138.16823039813343,1.3133808778302152
0.30125,156.48248737821586,2.0935626624630683
0.30145833333333333,171.83300732666143,2.724693214649462
0.3016666666666667,185.75820466939922,3.2860674864411883
0.301875,199.8393236012792,3.7806999541486315
0.3020833333333333,214.4186137471213,4.352667232852513
0.3022916666666667,229.6243719961598,5.041392330648594
0.3025,244.63700779109232,5.80538911326287
0.30270833333333336,259.2790274321969,6.5844092069770035
0.30291666666666667,273.2756404926496,7.381805629035021
0.303125,284.58316906201895,8.103166019317486
0.30333333333333334,294.6454840111791,8.670228962611947
0.30354166666666665,301.17200677242795,9.165764460123079
0.30375,306.3936891343661,9.5271837199053
0.30395833333333333,308.77529430195074,9.847194959885249
0.30416666666666664,309.8120889467828,10.153187061370975
0.304375,308.5048116833935,10.47831053328741
0.3045833333333333,305.7339197301635,10.789122527986294
0.3047916666666667,301.2642476202449,11.096868295909664
0.305,294.31772504853575,11.367126180479163
0.30520833333333336,284.6217856604649,11.50891909504304
0.30541666666666667,272.58724684620245,11.55823908978193
0.305625,259.0377738768707,11.453330005417218
0.30583333333333335,244.30652972410988,11.204384066005302
0.30604166666666666,229.05499190580701,10.910060029671696
0.30625,214.52737133986446,10.631159966472406
0.30645833333333333,200.26888962792432,10.371286773483991
0.30666666666666664,185.83149212799032,10.279892646018356
0.306875,170.8887936121813,10.270165593748734
0.3070833333333333,155.85335231515998,10.197638440223745
0.3072916666666667,138.05502054985553,10.104884046758224
0.3075,117.62525018616205,9.849834725600806
0.3077083333333333,92.03144082671075,9.326715620792243
0.30791666666666667,63.9627738132647,8.456397815716853
0.308125,33.258644775225015,7.226115407785136
0.30833333333333335,0.11249458533740324,5.820298742718348
0.30854166666666666,-32.6913533367154,4.248631938340906
0.30875,-64.03179710466341,2.595838870660555
0.30895833333333333,-92.31323942027059,1.0535626603720145
0.30916666666666665,-116.90684811603103,-0.23438466760780852
0.309375,-138.29809187874017,-1.313760449686933
0.3095833333333333,-155.68152778551618,-2.0878669570824657
0.3097916666666667,-171.7971480557334,-2.7464601827727093
0.31,-185.75275408151657,-3.257747790866208
0.3102083333333333,-199.9429434066786,-3.789949558798645
0.3104166666666667,-214.6540732720472,-4.364878359689089
0.310625,-229.50256875287,-5.008324851540624
0.31083333333333335,-244.81894886282515,-5.788727769779312
0.31104166666666666,-259.6457638001613,-6.601368987646702
0.31125,-272.997248865374,-7.395692449218918
0.31145833333333334,-284.88771869380486,-8.117343140575132
0.31166666666666665,-293.98988737189774,-8.706402479304254
0.311875,-301.43684250502736,-9.163899889639968
0.3120833333333333,-305.7693652800616,-9.529196058170175
0.3122916666666667,-308.98133421325576,-9.870353939725556
0.3125,-309.7129225323657,-10.138075408522353
0.3127083333333333,-308.84211529832766,-10.4819162465526
0.3129166666666667,-305.6160728535922,-10.797523043259018
0.313125,-301.06674864508585,-11.1227882185892
0.31333333333333335,-294.12352018855665,-11.351491436010742
0.31354166666666666,-284.4870416746989,-11.49466087675636
0.31375,-273.43564326680337,-11.578234295928496
0.31395833333333334,-259.38862186585527,-11.44155163501739
0.31416666666666665,-244.16393528020734,-11.186600428914408
0.314375,-229.46381080744328,-10.934803947392624
0.3145833333333333,-214.4830217077066,-10.617058102569503
0.3147916666666667,-199.8505965525887,-10.383391731763375
0.315,-185.61094476389488,-10.270666951954045
0.3152083333333333,-171.95326397473474,-10.215383360628454
0.3154166666666667,-156.32162405069013,-10.173065047748516
0.315625,-138.04314747624477,-10.077444523952474
0.31583333333333335,-117.27996963908319,-9.839610128794883
0.31604166666666667,-92.06771898938426,-9.310021298508731
0.31625,-64.13923681139055,-8.455572999716614
0.31645833333333334,-33.31581428902158,-7.243795048707643
0.31666666666666665,-0.3170034792102088,-5.832424393520209
0.316875,32.14476260018243,-4.213841596732374
0.31708333333333333,64.00191182959455,-2.5849619083950643
0.3172916666666667,92.34862927312022,-1.078426726761772
0.3175,116.9951348211604,0.24280941594965064
0.3177083333333333,138.36544005877175,1.3330178406910809
0.3179166666666667,156.20067238937006,2.104535033566204
0.318125,171.41130019567652,2.725590859540996
0.31833333333333336,185.30117265785333,3.274091422752246
0.31854166666666667,200.1419490426213,3.780676613430875
0.31875,214.63884005712424,4.378271675393954
0.31895833333333334,229.57424532658163,5.033087425526029
0.31916666666666665,244.90868376198375,5.786553279133043
0.319375,259.08663144432865,6.566225077219288
0.31958333333333333,273.41103402651765,7.354218009248477
0.31979166666666664,284.3718645966787,8.061732137922894
0.32,294.25789246972016,8.693323357295604
0.3202083333333333,300.7274842078868,9.145145536063694
0.3204166666666667,305.7147933639931,9.562733225189907
0.320625,309.06505660795466,9.862402365812018
0.32083333333333336,309.50612384772023,10.15797075874663
0.32104166666666667,308.895945097556,10.458495914091186
0.32125,306.0065983829903,10.803286748639962
0.32145833333333335,301.1230815924908,11.094527100490968
0.32166666666666666,294.4115493191549,11.35157219196818
0.321875,284.5525568288011,11.543948784776141
0.32208333333333333,272.4636606530819,11.557126358926087
0.32229166666666664,259.17702844545903,11.43283526256417
0.3225,244.80111175683018,11.215193621391075
0.3227083333333333,229.59577471063076,10.91323374266779
0.3229166666666667,214.1082354374421,10.63130355843088
0.323125,199.80654301764918,10.38946109623088
0.3233333333333333,185.6894157374194,10.302896363303
0.32354166666666667,171.3625299029857,10.214943007177416
0.32375,155.5570640330946,10.222818828444712
0.32395833333333335,137.93862752198248,10.10383788952445
0.32416666666666666,116.91909787728846,9.850787077334054
0.324375,92.58860861987829,9.313048983254603
0.32458333333333333,64.26272354167028,8.458976074377874
0.32479166666666665,32.79572899056381,7.245840155356297
0.325,-0.09800994896392845,5.827982291172738
0.3252083333333333,-32.79720052707586,4.237749583926401
0.3254166666666667,-64.26458699078553,2.5826218602704314
0.325625,-92.68243332547912,1.0714022800780822
0.3258333333333333,-117.3363058008342,-0.24646381161140338
0.3260416666666667,-138.25442359000454,-1.2997466846993389
0.32625,-156.19191088019278,-2.0806876704375523
0.32645833333333335,-171.41338241174782,-2.7471854618442832
0.32666666666666666,-185.65241715627465,-3.2729932277142098
0.326875,-200.38440322270145,-3.7529193447226192
0.32708333333333334,-214.4937178221966,-4.347313412437612
0.32729166666666665,-229.55188138285595,-4.998811557492895
0.3275,-244.57793665327043,-5.797036206819889
0.3277083333333333,-259.38107316047234,-6.591086733482264
0.3279166666666667,-273.2722449999551,-7.388424183812265
0.328125,-284.9273188596784,-8.087118100749548
0.3283333333333333,-294.06323084402493,-8.714244720260675
0.3285416666666667,-300.8921259015532,-9.155304959911831
0.32875,-306.5009063785709,-9.539047453448683
0.32895833333333335,-308.59953280132265,-9.86281198727613
0.32916666666666666,-309.27394330214855,-10.167489027402135
0.329375,-308.7242209153246,-10.48457505002973
0.32958333333333334,-305.8098089118044,-10.783037173735375
0.32979166666666665,-301.32508840171425,-11.124160917569737
0.33,-294.1004282877393,-11.358674423348559
0.3302083333333333,-285.01694991454247,-11.495006765044907
0.3304166666666667,-273.4949310070763,-11.529524219184733
0.330625,-259.1421470181377,-11.458936123127947
0.3308333333333333,-244.90956255658847,-11.213623197525264
0.3310416666666667,-229.61077939529304,-10.906778003462843
0.33125,-214.8466105633154,-10.626612590004319
0.33145833333333335,-200.34012107326996,-10.422704900540763
0.33166666666666667,-185.87830549974663,-10.266060644897331
0.331875,-171.6362916000502,-10.223787560119304
0.33208333333333334,-155.80654968074512,-10.170763702411366
0.33229166666666665,-137.98258569427017,-10.1104693528033
0.3325,-117.02103808702532,-9.821160569819382
0.33270833333333333,-92.33607510720476,-9.321041956816126
0.3329166666666667,-63.66600116268337,-8.457193437518864
0.333125,-33.09908004735167,-7.247624581566799
0.3333333333333333,-0.013733716552838783,-5.795591798444381
0.3335416666666667,33.11535406022241,-4.224413877053512
0.33375,64.37657816625205,-2.5861410938620195
0.33395833333333336,92.0402843926022,-1.0916053766738392
0.33416666666666667,117.02316163819395,0.23589381457989766
0.334375,138.4352505729827,1.3071039827011424
0.33458333333333334,156.0280622065422,2.0998346349344006
0.33479166666666665,171.50271305938145,2.728386423363097
0.335,185.78042490136406,3.24191451441206
0.33520833333333333,199.89167841607173,3.7673574825643166
0.33541666666666664,214.57205476577113,4.383053302569067
0.335625,229.4338039027921,5.031710984604293
0.3358333333333333,244.65266916939683,5.775245010752889
0.3360416666666667,259.3974881449734,6.588259371291947
0.33625,272.73932729784707,7.354552615338085
0.33645833333333336,284.74475387843665,8.074055222897321
0.33666666666666667,294.7991479000239,8.708038365887035
0.336875,300.7050744716589,9.163442041895935
0.33708333333333335,306.02836266685716,9.57226051734254
0.33729166666666666,308.49591692411866,9.860518449761756
0.3375,309.7156994478503,10.161093882090308
0.33770833333333333,308.6976038146053,10.480767152597295
0.33791666666666664,306.1378232293197,10.753864053682598
0.338125,301.44319777561776,11.10966865763895
0.3383333333333333,294.11869201736323,11.36561806470835
0.3385416666666667,284.8947346070705,11.54841411936976
0.33875,272.32277070652356,11.566277232426822
0.3389583333333333,259.775451542925,11.419353828704711
0.33916666666666667,244.75707936263206,11.224204205899557
0.339375,229.76635827297244,10.90916504668736
0.33958333333333335,214.19503106379267,10.611991562779755
0.33979166666666666,199.77993617710172,10.404670363529625
0.34,185.87133064826003,10.268798843834405
0.34020833333333333,171.44963782917847,10.246714286402984
0.34041666666666665,155.97180957724598,10.204587913967814
0.340625,138.36684908924641,10.109755806077292
0.3408333333333333,116.65994541978,9.85219032684225
0.3410416666666667,92.63918007286983,9.318428705040795
0.34125,64.06251369140993,8.453527374465159
0.3414583333333333,32.78123613981374,7.279741463056495
0.3416666666666667,-0.3677788086015945,5.820977996346985
0.341875,-32.70641943799915,4.212567758133415
0.34208333333333335,-64.66397017666618,2.605089835891238
0.34229166666666666,-92.23362680213012,1.0695182469697553
0.3425,-117.47427695747307,-0.23811341422897925
0.34270833333333334,-138.0823558208589,-1.2687264871569912
0.34291666666666665,-155.93083463957475,-2.082030150501967
0.343125,-171.16151276468858,-2.732244581055989
0.3433333333333333,-185.8795098669722,-3.265664719045789
0.3435416666666667,-200.16116328778438,-3.755135256265397
0.34375,-214.62665067399485,-4.344675363457119
0.3439583333333333,-229.17867674185243,-5.025883392415524
0.3441666666666667,-244.52923958236332,-5.795107717905401
0.344375,-259.4742459638265,-6.588005501859934
0.34458333333333335,-272.9679567849614,-7.378839656553772
0.34479166666666666,-285.0035158076112,-8.099232690972805
0.345,-293.973468187706,-8.68569763487234
0.34520833333333334,-301.589275058415,-9.161597917577076
0.34541666666666665,-305.7594104193514,-9.549530490704793
0.345625,-308.6538090481503,-9.848391282009926
0.3458333333333333,-308.97461085357696,-10.142301076648321
0.3460416666666667,-308.9609983347043,-10.456605274814343
0.34625,-305.9730250585711,-10.798096593194073
0.3464583333333333,-300.69974920625936,-11.095257245221292
0.3466666666666667,-293.7727393278473,-11.365183441067288
0.346875,-284.78577454786114,-11.544659725645504
0.34708333333333335,-272.8528533228799,-11.541716100837005
0.34729166666666667,-259.3773386293441,-11.434167229373607
0.3475,-244.5928248578072,-11.166668906589054
0.34770833333333334,-229.67156754303448,-10.89124070162198
0.34791666666666665,-214.52233010067448,-10.614891108820135
0.348125,-200.38714174131883,-10.397976257247265
0.34833333333333333,-185.80106521175438,-10.2693845503436
0.3485416666666667,-171.34139213315936,-10.238692647747147
0.34875,-155.9578972834068,-10.225563391948555
0.3489583333333333,-138.4994830216559,-10.1197593089003
0.3491666666666667,-116.85411753289598,-9.839396375872024
0.349375,-92.30459404544595,-9.333618719942633
0.34958333333333336,-64.24194698833892,-8.449938124934548
0.34979166666666667,-32.90233171679753,-7.262163706460867
0.35,-0.3751673506946326,-5.815079158455775
0.35020833333333334,32.57582907314515,-4.219978840135534
0.35041666666666665,63.92599037732591,-2.5916249621752634
0.350625,92.70283050800568,-1.0450232816493656
0.35083333333333333,116.9413746508798,0.24854429119634566
0.35104166666666664,138.25577371384972,1.286145629263191
0.35125,155.7664633795312,2.1053337955960334
0.3514583333333333,171.5158841917286,2.731697243917473
0.3516666666666667,185.79949719918085,3.247342113880033
0.351875,200.20589279752352,3.7655459055024374
0.35208333333333336,214.3662971654454,4.371839499130663
0.35229166666666667,229.10376537153843,5.0243203455656325
0.3525,244.3178265668213,5.773859181447309
0.35270833333333335,259.244869094958,6.5923338453795015
0.35291666666666666,272.596580187299,7.38028417595229
0.353125,284.7142745388833,8.059677054916213
0.35333333333333333,293.954144696706,8.687022074434013
0.35354166666666664,301.74297276899694,9.178598977276835
0.35375,305.51293088702687,9.550668005483901
0.3539583333333333,308.73687274095073,9.89539559406702
0.3541666666666667,309.2893605475941,10.180400204767734
0.354375,308.5626141111778,10.492887750590393
0.3545833333333333,305.98271440414527,10.83595415645447
0.35479166666666667,300.5679782877707,11.117966911710836
0.355,294.12979326711553,11.368798915148247
0.35520833333333335,285.08744840053623,11.540729640368472
0.35541666666666666,272.7954856053775,11.543418495013444
0.355625,259.4427904326464,11.43797449878038
0.35583333333333333,244.91954424793911,11.19585621197396
0.35604166666666665,229.4559090590336,10.919069532934644
0.35625,214.35475995286848,10.615779724853892
0.3564583333333333,199.41869454657112,10.391409887268688
0.3566666666666667,185.99509375457205,10.278042483566065
0.356875,171.4256051990791,10.22157163508091
0.3570833333333333,155.6478714673949,10.170565766504795
0.3572916666666667,138.12736947658172,10.084837568444422
0.3575,116.95533040941042,9.821471623227602
0.35770833333333335,92.26361877215962,9.288791052177652
0.35791666666666666,64.21201600294498,8.44798964799278
0.358125,32.497586002260796,7.2617335936702325
0.35833333333333334,0.26182882152215736,5.82782695072919
0.35854166666666665,-33.181603145876096,4.221345013506503
0.35875,-64.2261185659999,2.6025807993025
0.3589583333333333,-91.91498875641587,1.080007631943265
0.3591666666666667,-116.81941180819624,-0.23546692233789307
0.359375,-138.071319300891,-1.278059864782221
0.3595833333333333,-156.13617498411963,-2.0925678205452645
0.3597916666666667,-171.58621537818854,-2.726480513438871
0.36,-185.81652724607378,-3.2397953673233597
0.36020833333333335,-199.97824783941348,-3.812269682406073
0.36041666666666666,-214.52271773240446,-4.361038586437783
0.360625,-229.5046055625635,-5.035203968213334
0.36083333333333334,-244.71690760208594,-5.772989384090352
0.36104166666666665,-259.7383331523518,-6.56941002558617
0.36125,-273.0379728655071,-7.400266720208405
0.3614583333333333,-284.38306552146855,-8.06810011066699
0.3616666666666667,-294.4126703123089,-8.705204947591692
0.361875,-301.19671000937444,-9.182697506944963
0.3620833333333333,-306.1522980180044,-9.547413850236047
0.3622916666666667,-308.65812683892347,-9.866721764421042
0.3625,-309.66850709873717,-10.18500982172882
0.36270833333333335,-308.31661603003005,-10.461405570616696
0.36291666666666667,-305.8207137472619,-10.783761831044943
0.363125,-301.47727192293445,-11.090783943841723
0.36333333333333334,-293.9027797350162,-11.372854691975894
0.36354166666666665,-284.80538449903133,-11.52671727669166
0.36375,-273.0530942728158,-11.552263448987915
0.36395833333333333,-259.2993837134202,-11.411039272365954
0.3641666666666667,-244.78625067959237,-11.248085798359668
0.364375,-229.27368347995676,-10.927453929805981
0.3645833333333333,-214.69362751538168,-10.62547524853235
0.3647916666666667,-200.1423652856514,-10.41799736829037
0.365,-185.998938798107,-10.275715189528526
0.36520833333333336,-171.59530698860286,-10.225528439738229
0.36541666666666667,-155.62624454135727,-10.209343875172438
0.365625,-137.9385212256124,-10.105703888372583
0.36583333333333334,-116.67376451010377,-9.829258381433066
0.36604166666666665,-91.82881425396681,-9.3055796274449
0.36625,-64.318122471905,-8.44857121906027
0.36645833333333333,-32.81457682325307,-7.260935984713695
0.36666666666666664,-0.2940500791570947,-5.811959305353022
0.366875,32.63778012315499,-4.236157779642617
0.3670833333333333,63.902922586343045,-2.5795789461905585
0.3672916666666667,92.13143658640361,-1.0776467075127965
0.3675,116.8382786803791,0.25753513809626843
0.36770833333333336,138.05964920438217,1.3034159430510457
0.36791666666666667,155.59686282565113,2.1239100084848217
0.368125,171.66442904129593,2.7169568870463796
0.36833333333333335,185.6054076903639,3.25329064576838
0.36854166666666666,200.69002089002055,3.7584459814565863
0.36875,214.38715388725942,4.3461037706918155
0.36895833333333333,229.51490184451964,5.049398692596087
0.36916666666666664,244.3394785285416,5.812591985921393
0.369375,259.80436140797667,6.575758951118535
0.3695833333333333,273.1887203501712,7.371639864630686
0.3697916666666667,284.68595050264787,8.088124683198778
0.37,293.7338861007234,8.69641735442827
0.3702083333333333,301.2019878509214,9.139182124308544
0.37041666666666667,305.66700177430687,9.519854563478166
0.370625,309.0515532621411,9.869293059497098
0.37083333333333335,309.7736474864338,10.132397983999363
0.37104166666666666,308.7098242058954,10.464451779127069
0.37125,305.33826561999814,10.796384244544184
0.37145833333333333,300.9034671368262,11.112829557333132
0.37166666666666665,294.2425270208207,11.36422709059604
0.371875,284.91494245789806,11.520637185181348
0.3720833333333333,273.1861376328462,11.56447560441013
0.3722916666666667,258.9798352178831,11.440637292883368
0.3725,244.73870190135978,11.195866877290861
0.3727083333333333,229.75077623815935,10.913665608021368
0.3729166666666667,214.08541610860433,10.631305896514014
0.373125,199.98565251865787,10.427487373388413
0.37333333333333335,185.90330667429905,10.283635239193845
0.37354166666666666,171.37870615530372,10.241855659531934
0.37375,155.43800196639006,10.190319472596048
0.37395833333333334,138.01429577149224,10.098808178670263
0.37416666666666665,117.01942414104617,9.835149920707291
0.374375,92.35870720380885,9.29988204106998
0.3745833333333333,63.919575357558884,8.426652923683454
0.3747916666666667,32.721428566778954,7.277438515362422
0.375,-0.009926570585963157,5.825098034719933
0.3752083333333333,-32.7215679538452,4.205467818243304
0.3754166666666667,-64.1365499046279,2.59612791469481
0.375625,-92.49813753702655,1.0742251765163477
0.37583333333333335,-117.07816198903697,-0.22781469225996928
0.37604166666666666,-138.57594928049045,-1.3147147477695111
0.37625,-155.78178364843922,-2.108543928519368
0.37645833333333334,-171.45403807579575,-2.732992521870827
0.37666666666666665,-185.82492269307124,-3.2495068138921
0.376875,-199.74744507060126,-3.786509422786315
0.3770833333333333,-214.9882038825118,-4.394180599687
0.3772916666666667,-229.99035590150305,-5.046842606993602
0.3775,-244.5948628633305,-5.791195347038351
0.3777083333333333,-259.37961768222493,-6.59202268715794
0.3779166666666667,-272.86630094416995,-7.353257807815968
0.378125,-284.7272533037588,-8.080526421669374
0.37833333333333335,-293.9044983193616,-8.686410315612873
0.37854166666666667,-300.91616142074173,-9.166065147413256
0.37875,-305.8263639623228,-9.5273368139685
0.37895833333333334,-308.7511715608741,-9.870800324121399
0.37916666666666665,-310.09827115037405,-10.163737819349198
0.379375,-308.4936553942644,-10.487492612021185
0.37958333333333333,-305.6419273692552,-10.772669276685457
0.3797916666666667,-300.98818152849384,-11.100707083729198
0.38,-294.2904973447614,-11.37696571146935
0.3802083333333333,-284.4432729365517,-11.52784036112182
0.3804166666666667,-272.6937127529804,-11.544162280066324
0.380625,-258.9881344064957,-11.440119987678788
0.38083333333333336,-244.8823413057156,-11.21358918594586
0.38104166666666667,-229.5535110801777,-10.922913869860992
0.38125,-214.313181987216,-10.62047393268559
0.38145833333333334,-199.97327612964236,-10.407084628954737
0.38166666666666665,-186.1141779752367,-10.278646750190926
0.381875,-171.3502432302559,-10.243678233018484
0.38208333333333333,-155.75637702178886,-10.198313974892638
0.38229166666666664,-138.0737295749306,-10.10938927384599
0.3825,-117.04635426680977,-9.843505345829028
0.3827083333333333,-92.46040178036104,-9.299054070607058
0.3829166666666667,-63.69087347999026,-8.4305532641096
0.383125,-33.05735465102192,-7.247926028885145
0.38333333333333336,-0.14683019068468686,-5.803556832639738
0.38354166666666667,32.8349279834768,-4.213663040341975
0.38375,64.28018172083485,-2.595007229998939
0.38395833333333335,92.02138201240727,-1.086540423691322
0.38416666666666666,116.77367631116415,0.22971476436410038
0.384375,137.58628817208032,1.294844892343548
0.38458333333333333,155.90921623655652,2.0945647205965465
0.38479166666666664,171.17432084721133,2.733562801038924
0.385,185.7387085472153,3.244379595217564
0.3852083333333333,200.15297319497083,3.7521679804334034
0.3854166666666667,214.33961431980075,4.368972730638555
0.385625,229.55471793972762,5.023500892298043
0.3858333333333333,244.58847934772135,5.77772412245422
0.38604166666666667,259.5458670472199,6.576573243421199
0.38625,273.02762719680857,7.384859569276493
0.38645833333333335,284.43873811092055,8.109891233951174
0.38666666666666666,294.02842379957036,8.68158716188618
0.386875,301.4102569809188,9.162345827641536
0.38708333333333333,306.0457037533746,9.559974042299404
0.38729166666666665,308.3367239318349,9.834791981773622
0.3875,309.73525331876334,10.191136592176738
0.3877083333333333,308.4148117906645,10.507815244754084
0.3879166666666667,306.3004878033003,10.753357804474541
0.388125,301.4053458414492,11.105132019350322
0.3883333333333333,294.14305810689984,11.355568656551165
0.3885416666666667,284.6510297458255,11.522151959403509
0.38875,272.85658711596557,11.545531265470185
0.38895833333333335,259.54746945629734,11.44853559046512
0.38916666666666666,244.57061928229032,11.203883578015658
0.389375,229.55578990169727,10.899436156358066
0.38958333333333334,214.71798359162827,10.62297558375473
0.38979166666666665,199.84717701162373,10.409435578321126
0.39,185.68079788972267,10.254084564252988
0.3902083333333333,171.15530593133388,10.198943801358126
0.3904166666666667,155.63492424371336,10.229369725553083
0.390625,137.63862147114858,10.097034522068448
0.3908333333333333,117.28370769586145,9.83662032579561
0.3910416666666667,92.84795394046398,9.296068699682127
0.39125,64.41677544979095,8.449994613612013
0.39145833333333335,32.42566048292983,7.285041359810304
0.39166666666666666,0.1812136678866296,5.82054676777936
0.391875,-32.476655017609154,4.187277508949618
0.39208333333333334,-64.17464570910067,2.5657404035543716
0.39229166666666665,-92.37036344727437,1.0648972174412457
0.3925,-117.60322376130384,-0.24263560996705208
0.3927083333333333,-138.02903625701668,-1.320379409959534
0.3929166666666667,-156.1669323626051,-2.0940688986188025
0.393125,-171.40398854703858,-2.7484167523205203
0.3933333333333333,-186.225146805264,-3.2364619219542488
0.3935416666666667,-199.85191409138176,-3.7497733698105686
0.39375,-214.24387183114396,-4.360405441815259
0.39395833333333335,-229.69269239946848,-5.024032521622161
0.39416666666666667,-244.94754447000977,-5.808758835583733
0.394375,-259.91684422908094,-6.583625805643314
0.39458333333333334,-272.9754485634888,-7.385986916006979
0.39479166666666665,-284.75712001853316,-8.105576148102891
0.395,-294.45834159100866,-8.691973294625138
0.39520833333333333,-301.03606644241336,-9.172565498387772
0.3954166666666667,-306.0598521312772,-9.548776955746131
0.395625,-308.95489843593384,-9.847703468796709
0.3958333333333333,-309.7099919048806,-10.173413176422626
0.3960416666666667,-308.4181383115406,-10.445128395222529
0.39625,-305.7966252998723,-10.813828761908212
0.39645833333333336,-301.1818276468631,-11.082363113686533
0.39666666666666667,-293.91581048330323,-11.381600521357957
0.396875,-284.90194952406324,-11.526138734454994
0.39708333333333334,-272.90075265479254,-11.559159983216585
0.39729166666666665,-259.341007885822,-11.441515134060928
0.3975,-244.78077295178207,-11.193551768074839
0.39770833333333333,-229.3880328500506,-10.890602362612729
0.39791666666666664,-214.69510836366197,-10.607700490599907
0.398125,-199.8601734705573,-10.407786659751698
0.3983333333333333,-185.69688138183957,-10.269076555833408
0.3985416666666667,-172.18318727169097,-10.235368474797683
0.39875,-155.60346600436392,-10.214351838229181
0.39895833333333336,-138.8576284403493,-10.123865435849972
0.39916666666666667,-117.25526275500005,-9.845244220204266
0.399375,-92.1393882963728,-9.298291546304101
0.39958333333333335,-64.13976489522948,-8.47045052544682
0.39979166666666666,-33.198728100707825,-7.259144816502802
0.4,-0.2734342654319995,-5.789107383285415
0.40020833333333333,33.08890804167793,-4.1932243201261645
0.40041666666666664,63.580067081275345,-2.5952800161075835
0.400625,92.67797308017381,-1.0918347827106052
0.4008333333333333,117.0874749738467,0.24550956657124645
0.4010416666666667,137.79762146640516,1.2597887171634778
0.40125,155.755263662169,2.1230113241596147
0.4014583333333333,171.1995912162394,2.728918132084025
0.40166666666666667,186.05140237493478,3.28633095019488
0.401875,200.17073559994006,3.7511783764849236
0.40208333333333335,214.0702097165292,4.370453832203789
0.40229166666666666,229.39599940441275,5.029109478676321
0.4025,244.44751740907392,5.785313869280515
0.40270833333333333,259.7012159605567,6.572433298562259
0.40291666666666665,272.57132040043655,7.387450248256005
0.403125,285.0127788111376,8.099409679050932
0.4033333333333333,294.06226305304085,8.71441018683073
0.4035416666666667,300.85883752989383,9.180700032204413
0.40375,305.7780409898077,9.534991134766637
0.4039583333333333,308.4855597360813,9.846890728584853
0.4041666666666667,309.2526942029666,10.141106191030238
0.404375,308.7096711612066,10.493252105403693
0.40458333333333335,305.64038064813724,10.78228025315172
0.40479166666666666,300.6042295793042,11.128798015818688
0.405,293.97566762020807,11.374228942642203
0.40520833333333334,284.16100748586496,11.531072079190961
0.40541666666666665,272.72080496295496,11.547204016826063
0.405625,259.15056274629507,11.446269297682933
0.4058333333333333,244.4455098066535,11.2053400651777
0.4060416666666667,229.99713820943447,10.907561565199128
0.40625,214.51410289179483,10.635998432973949
0.4064583333333333,200.04897139975228,10.39955423312831
0.4066666666666667,185.3907465006386,10.259865362488409
0.406875,171.29040651810433,10.232634708324582
0.40708333333333335,155.9548680877288,10.198518798706104
0.40729166666666666,137.839588070786,10.114004572440486
0.4075,117.32826620948529,9.8318727227241
0.40770833333333334,92.09505115846558,9.283898811199178
0.40791666666666665,63.98885167995481,8.467799407488426
0.408125,32.685668695101434,7.2816486821257564
0.4083333333333333,0.04108016484056428,5.8251045345722465
0.4085416666666667,-32.992304123056755,4.204235825881941
0.40875,-64.12816662067551,2.581997485362519
0.4089583333333333,-92.45475782788377,1.0916166007594568
0.4091666666666667,-117.2848474379523,-0.24391956253763328
0.409375,-137.97444683188934,-1.3040384814617092
0.40958333333333335,-155.84144533653256,-2.0782754922866786
0.40979166666666667,-171.47605078782573,-2.732837109176353
0.41,-185.94246065808383,-3.232335065458479
0.41020833333333334,-199.7884926398673,-3.798058737428857
0.41041666666666665,-214.55895856095563,-4.348908865584077
0.410625,-229.573571755998,-4.999550872240288
0.41083333333333333,-244.6371413171864,-5.789833366082657
0.4110416666666667,-258.9536917977027,-6.596941017924623
0.41125,-273.2439342319758,-7.39603030841942
0.4114583333333333,-284.4192573116997,-8.073032472462609
0.4116666666666667,-294.543879528229,-8.699185191040804
0.411875,-301.0950028419345,-9.167001406652568
0.41208333333333336,-305.55358882890874,-9.562417098897939
0.41229166666666667,-308.5637973151556,-9.83859524833751
0.4125,-309.5286925338355,-10.144310282872121
0.41270833333333334,-308.8260768134737,-10.47162751145737
0.41291666666666665,-305.9395977356881,-10.811265101449617
0.413125,-301.212336835341,-11.083555962045489
0.41333333333333333,-294.2670808899045,-11.371841837935001
0.41354166666666664,-284.6841904388345,-11.542701608579227
0.41375,-272.859249889817,-11.578238811701544
0.4139583333333333,-259.5696427355802,-11.446048680966316
0.4141666666666667,-244.8648842798269,-11.227391698458069
0.414375,-229.83695829343654,-10.92244207711899
0.41458333333333336,-214.4023187434777,-10.614392230168736
0.41479166666666667,-199.85129783200836,-10.407344817226251
0.415,-185.7769309636617,-10.266504983437724
0.41520833333333335,-171.21260467833304,-10.234487326585636
0.41541666666666666,-155.87907552097585,-10.19850104754511
0.415625,-137.9977175646679,-10.077857409932736
0.41583333333333333,-117.02529114219983,-9.843907911769884
0.41604166666666664,-92.41861030979909,-9.29626918920522
0.41625,-64.19314867094653,-8.465256206462506
0.4164583333333333,-32.2786434511405,-7.235647919127765
0.4166666666666667,-0.11298774496247671,-5.819005859587653
0.416875,32.66571217730881,-4.194294981414127
0.4170833333333333,64.1689456697773,-2.588349959395964
0.41729166666666667,92.4586889087594,-1.061707998595912
0.4175,116.75005261169844,0.24867729838211355
0.41770833333333335,138.3763898626583,1.2877635358239508
0.41791666666666666,155.87749378640856,2.1227376089578724
0.418125,171.17616452771125,2.720737170992362
0.41833333333333333,186.1320421033047,3.2705304586864927
0.41854166666666665,200.1440475404001,3.771229779356141
0.41875,214.1838645020127,4.361925008055222
0.4189583333333333,229.94119314410284,5.023687216193021
0.4191666666666667,244.82801316675275,5.791029266873266
0.419375,259.3752894395369,6.576860545015171
0.4195833333333333,273.30639988137426,7.382227384425702
0.4197916666666667,284.6515459809209,8.089930435803492
0.42,294.06356596914515,8.679530966490201
0.42020833333333335,300.9842461024848,9.164753858765762
0.42041666666666666,306.0928221456367,9.545909631843472
0.420625,308.8051151881045,9.852703311540159
0.42083333333333334,309.5750188384429,10.159702183897128
0.42104166666666665,308.4884678578066,10.456070461105709
0.42125,305.97984199935274,10.829138863000216
0.4214583333333333,301.1318714350483,11.122481347687302
0.4216666666666667,293.7372181582348,11.37044927361371
0.421875,284.2437684471364,11.543705229879146
0.4220833333333333,273.05013352467313,11.522118254364203
0.4222916666666667,258.727366389682,11.397994007920413
0.4225,244.7146664563986,11.199582760693916
0.42270833333333335,229.37737666960163,10.892421302417107
0.42291666666666666,214.82706165172075,10.622009278307432
0.423125,199.86426159521352,10.404798664375537
0.42333333333333334,185.99971712828682,10.28564660164463
0.42354166666666665,171.3546688412018,10.206563346928496
0.42375,155.92947946861435,10.205473043832992
0.4239583333333333,138.2799294317425,10.106886767661386
0.4241666666666667,116.98561156953089,9.843893260248516
0.424375,92.64486402606309,9.294239051508024
0.4245833333333333,63.81201874464136,8.46252032514855
0.4247916666666667,32.905829815732055,7.256896881237726
0.425,0.23065993068911203,5.83846049350572
0.42520833333333335,-32.667172232148886,4.198197156357131
0.42541666666666667,-63.58133199472705,2.597644665059089
0.425625,-92.58658513425962,1.0699866618629925
0.42583333333333334,-117.44603781144365,-0.24352824822423944
0.42604166666666665,-138.3443040761385,-1.285065410809541
0.42625,-155.73593178860636,-2.1108466146091396
0.42645833333333333,-171.32941656794657,-2.772051424009545
0.4266666666666667,-185.80928190980794,-3.3048044672338577
0.426875,-200.26836790977458,-3.757996526364234
0.4270833333333333,-214.30828317666501,-4.33822776195744
0.4272916666666667,-229.8030736284554,-5.002306997034741
0.4275,-244.37357642906542,-5.790542550976844
0.42770833333333336,-258.66347886265646,-6.612370472570353
0.42791666666666667,-272.8172323933243,-7.3848077872950615
0.428125,-284.465944501051,-8.089096250548844
0.42833333333333334,-294.1938016801435,-8.702738843165466
0.42854166666666665,-301.6018744617618,-9.140850657416998
0.42875,-306.09803937656943,-9.510307021506486
0.42895833333333333,-308.9591882565477,-9.854774456828094
0.42916666666666664,-309.93309994757425,-10.161796518733484
0.429375,-308.25537446077453,-10.490578244896204
0.4295833333333333,-305.8791439063029,-10.770756358973484
0.4297916666666667,-301.0543992363366,-11.105449965621453
0.43,-294.1478423292202,-11.370690328005491
0.43020833333333336,-284.65493930557625,-11.518905924636906
0.43041666666666667,-272.6677075094118,-11.560592714449214
0.430625,-259.38592274812106,-11.434156076391135
0.43083333333333335,-244.53064034015372,-11.22720912938288
0.43104166666666666,-229.54589850849834,-10.896793456732352
0.43125,-214.585538222687,-10.62712452679131
0.43145833333333333,-200.3393571889043,-10.384331801857094
0.43166666666666664,-186.3292833403123,-10.27485742683708
0.431875,-171.51928777678035,-10.225680302324411
0.4320833333333333,-155.8869182572462,-10.217663344964933
0.4322916666666667,-138.41725280819182,-10.095274567668799
0.4325,-117.1098692148661,-9.851818219909834
0.4327083333333333,-92.38228716419455,-9.309331966367436
0.43291666666666667,-64.59944521543717,-8.441757590259524
0.433125,-33.06096276995478,-7.256631148208536
0.43333333333333335,0.10181597343770399,-5.837439214256594
0.43354166666666666,32.92894628744028,-4.2135150741449365
0.43375,63.772024484806614,-2.5745738016803608
0.43395833333333333,92.43533731756308,-1.0765567595889345
0.43416666666666665,117.35685230494381,0.23524113566088634
0.434375,138.28998853875976,1.296986231679028
0.4345833333333333,155.8772209834943,2.1044696059333106
0.4347916666666667,171.3369032231801,2.7166642114162904
0.435,185.6775099536341,3.2583162535311327
0.4352083333333333,200.1045835932245,3.7919939563185787
0.4354166666666667,214.54877599328685,4.340913999616803
0.435625,229.6542484355657,5.024999882886151
0.43583333333333335,244.69628227793737,5.769555157393423
0.43604166666666666,259.582529456032,6.607101679798006
0.43625,272.93249331320897,7.377128656552842
0.43645833333333334,284.8078937139972,8.076514623775083
0.43666666666666665,294.2882924305105,8.68901725380329
0.436875,300.94818947393406,9.147525275038165
0.4370833333333333,305.4953235240923,9.528397131729061
0.4372916666666667,309.0718376602766,9.840046664391275
0.4375,309.6355134861485,10.145631873969773
0.4377083333333333,308.25734297239893,10.491513803979142
0.4379166666666667,305.76890466150644,10.782956092446604
0.438125,301.34228970458287,11.11358794462387
0.43833333333333335,294.00066753013743,11.353808340729836
0.43854166666666666,284.4837061801373,11.537516542153499
0.43875,273.2590656450523,11.536415811500502
0.43895833333333334,259.11601668184795,11.436947622904368
0.43916666666666665,244.46377548521795,11.206364896268147
0.439375,229.54974405280177,10.94801684461763
0.4395833333333333,214.5976137330133,10.63501474049382
0.4397916666666667,200.11171440608572,10.39282025455166
0.44,186.06265558586455,10.282116118624232
0.4402083333333333,171.50354195668572,10.255709923749908
0.4404166666666667,156.02338841497584,10.175034042183324
0.440625,138.0309179841821,10.094033691625556
0.44083333333333335,117.11692507441944,9.835127157212794
0.44104166666666667,92.42260884995919,9.295779307362388
0.44125,64.11421774787057,8.436781947575575
0.44145833333333334,33.02531655698572,7.238886026980184
0.44166666666666665,0.13878642048744633,5.832907100956837
0.441875,-32.821127354362574,4.188713857185664
0.44208333333333333,-64.26272471014882,2.583499062815261
0.4422916666666667,-92.37880749041832,1.0865691479477224
0.4425,-117.10825494482418,-0.23906488483110036
0.4427083333333333,-138.047424904063,-1.3092410534201468
0.4429166666666667,-155.349411103461,-2.1265891472670804
0.443125,-171.58484049614955,-2.735571931892587
0.44333333333333336,-185.7292738199399,-3.270216888874057
0.44354166666666667,-199.72051313068835,-3.7740043923930173
0.44375,-214.4754995214739,-4.377703406041567
0.44395833333333334,-228.91243615424557,-5.018421575175069
0.44416666666666665,-244.75782364759417,-5.788546384405255
0.444375,-259.2968161628628,-6.590133404625206
0.44458333333333333,-273.1085466161909,-7.356897877981676
0.44479166666666664,-284.69960271875215,-8.095834550754855
0.445,-294.0083532603209,-8.698520520222235
0.4452083333333333,-300.93774511591306,-9.173795732686786
0.4454166666666667,-305.86758582730494,-9.5467874632439
0.445625,-308.37118573393917,-9.863313140760901
0.44583333333333336,-309.59509013111864,-10.174094028582058
0.44604166666666667,-308.76900657873324,-10.501500019014607
0.44625,-305.27136325898937,-10.802366802429054
0.44645833333333335,-301.05076171912873,-11.101197182789843
0.44666666666666666,-294.25045712441414,-11.364308987435495
0.446875,-284.7852874755303,-11.508130218919609
0.44708333333333333,-273.14451515860327,-11.522474743354918
0.44729166666666664,-259.14369612948207,-11.424969197416104
0.4475,-244.75440814788152,-11.184834316983986
0.4477083333333333,-229.46505681512124,-10.901598150187123
0.4479166666666667,-214.5158771686118,-10.599909872335294
0.448125,-199.8047555455174,-10.373951010252288
0.4483333333333333,-186.0465320979454,-10.257572906607797
0.44854166666666667,-171.722790373048,-10.213041604496253
0.44875,-155.84496810344757,-10.202557066119608
0.44895833333333335,-137.94548047783854,-10.107290981478574
0.44916666666666666,-117.01811742033097,-9.843748180569703
0.449375,-92.59808873721447,-9.29271685660598
0.44958333333333333,-63.89107200339682,-8.452578518611052
0.44979166666666665,-33.01814683686767,-7.261316104110939
0.45,-0.13038466119088366,-5.847175308430947
0.4502083333333333,32.596193223914426,-4.184206637740837
0.4504166666666667,64.38573280107222,-2.5898093736986536
0.450625,92.5540806901877,-1.064047982511419
0.4508333333333333,117.25249884252545,0.2604789123948732
0.4510416666666667,138.4075231542988,1.299054542478059
0.45125,156.60420474230298,2.1280241679527236
0.45145833333333335,171.02659077553508,2.7134958767698745
0.45166666666666666,185.65025192950017,3.2948220942302315
0.451875,199.83358487645398,3.7933895117458083
0.45208333333333334,214.28729509440137,4.359819676212937
0.45229166666666665,229.22750162214064,5.051993301217893
0.4525,244.58840055864488,5.772750103962686
0.4527083333333333,259.07368753961885,6.588651727358888
0.4529166666666667,272.9926057718546,7.400177785601487
0.453125,284.62464611532175,8.061261715565763
0.4533333333333333,294.1908439041119,8.6960401364257
0.4535416666666667,301.2762532443993,9.173561920659253
0.45375,306.0981112491677,9.573437951953395
0.45395833333333335,308.59261221206697,9.838204336043201
0.45416666666666666,310.1016346541289,10.185778028388544
0.454375,308.7445722253936,10.462761679071937
0.45458333333333334,305.48173834765396,10.787247725517178
0.45479166666666665,300.89872719504893,11.088264501979761
0.455,293.6354609906632,11.35003508146721
0.4552083333333333,284.6160551922542,11.532176371178837
0.4554166666666667,272.87839387395877,11.535122062792675
0.455625,259.260732043973,11.447463468992785
0.4558333333333333,245.16604535275556,11.195627635915567
0.4560416666666667,229.63414315255727,10.894904257483379
0.45625,214.68152459036548,10.617641223978794
0.45645833333333335,199.75486027551898,10.406764422642992
0.45666666666666667,185.5850598518881,10.267680085240501
0.456875,171.46309867628923,10.22415045846765
0.45708333333333334,155.94429421515775,10.20992169546805
0.45729166666666665,137.63164240723114,10.122907244038386
0.4575,117.05617374289582,9.834029190970616
0.45770833333333333,92.399243325662,9.286372300535856
0.4579166666666667,64.00665592248076,8.442914715234638
0.458125,32.628834001999785,7.2655092547555
0.4583333333333333,-0.1348837954819829,5.7899368805638565
0.4585416666666667,-32.87639640348325,4.19669386170759
0.45875,-64.03774320801323,2.575714451520082
0.45895833333333336,-92.24452740929884,1.0677643562403594
0.45916666666666667,-116.83103644736455,-0.2500276205284302
0.459375,-138.16930722989284,-1.2839445300398973
0.45958333333333334,-156.0150814792755,-2.1304360104433298
0.45979166666666665,-171.34448338312663,-2.7558177244099333
0.46,-185.68213484561463,-3.2638697775588317
0.46020833333333333,-200.0961787558156,-3.779717650830721
0.46041666666666664,-214.30240163075834,-4.378501296918607
0.460625,-229.25200109874996,-5.039718343868084
0.4608333333333333,-244.3403922082421,-5.796295284513751
0.4610416666666667,-258.93325824176395,-6.598880419745884
0.46125,-273.12544921463495,-7.37623580740611
0.46145833333333336,-284.60824698262985,-8.099191301545455
0.46166666666666667,-294.06776731376715,-8.665465725301235
0.461875,-301.1738395236231,-9.158256208665561
0.46208333333333335,-306.1096752657135,-9.55600626751069
0.46229166666666666,-309.0573549470807,-9.860530994938523
0.4625,-309.5481789419632,-10.159773332754007
0.46270833333333333,-308.8780533611606,-10.452932918101666
0.46291666666666664,-305.9258611656233,-10.802958603849525
0.463125,-301.3478320169121,-11.095084487318312
0.4633333333333333,-294.3455013243829,-11.365725044892498
0.4635416666666667,-284.55314694487373,-11.503750038220323
0.46375,-272.87111479827234,-11.532443669724792
0.4639583333333333,-259.2330179756137,-11.433404514418951
0.46416666666666667,-244.1168478830536,-11.209506365935432
0.464375,-229.42757505123717,-10.905500675926016
0.46458333333333335,-214.37872955823477,-10.628265111581095
0.46479166666666666,-200.25701897971868,-10.376509208176934
0.465,-186.15657293485705,-10.270663332996815
0.46520833333333333,-171.05818993982297,-10.229721946180346
0.46541666666666665,-156.13191237522474,-10.206372809831652
0.465625,-138.35670631687907,-10.124866456042078
0.4658333333333333,-117.11102522891518,-9.830332233678064
0.4660416666666667,-92.418273408282,-9.314335798808957
0.46625,-64.28606984052784,-8.425301074267745
0.4664583333333333,-32.90842490976961,-7.277843536774176
0.4666666666666667,0.30734392940914856,-5.809939138419097
0.466875,32.63068320287812,-4.192799629785412
0.46708333333333335,63.712025092820326,-2.6187859609290567
0.46729166666666666,92.63137371015783,-1.040607705914496
0.4675,117.22432472659177,0.232232834016286
0.46770833333333334,137.94059064385377,1.296666571649038
0.46791666666666665,155.50550067621313,2.1149307508041373
0.468125,171.26774146240444,2.7430138797939376
0.4683333333333333,185.8211699655076,3.262969704460133
0.4685416666666667,200.27904666997003,3.792043627524135
0.46875,214.24085450628112,4.364467699519534
0.4689583333333333,229.47576746366502,5.057030328329071
0.4691666666666667,244.83209998963412,5.798114540395457
0.469375,258.78252163341114,6.622450483338638
0.46958333333333335,273.16729172195147,7.392030212258808
0.46979166666666666,284.3161088919135,8.06218136639268
0.47,294.1535856112853,8.726799809977129
0.47020833333333334,301.21099191889226,9.156964116634397
0.47041666666666665,306.2185061336759,9.566332724928994
0.470625,308.82369554149625,9.862350568985809
0.4708333333333333,308.97702618053796,10.177549916397112
0.4710416666666667,308.4897696344846,10.460826556556096
0.47125,305.98191081814764,10.80333903556218
0.4714583333333333,301.1005761599605,11.102796709603302
0.4716666666666667,294.18998942035927,11.390037908703126
0.471875,284.80906317388127,11.532703558478186
0.47208333333333335,273.06095811407886,11.565846181133958
0.47229166666666667,259.3242697328082,11.403898050915915
0.4725,244.20172957187944,11.204288536423359
0.47270833333333334,229.383027121823,10.919258039096972
0.47291666666666665,214.60409203703793,10.628912584770871
0.473125,199.71501683436543,10.416131172972399
0.47333333333333333,185.99266475725514,10.266351820492426
0.4735416666666667,171.68099562583032,10.224369113268173
0.47375,155.93275917431706,10.21719698500673
0.4739583333333333,137.32977533243692,10.072490587212492
0.4741666666666667,116.78172840792821,9.847520878123996
0.474375,92.86727259458029,9.29702735837953
0.47458333333333336,63.92380876566426,8.4280885261824
0.47479166666666667,32.336145799313066,7.263497674328443
0.475,0.30881184707293374,5.830259529605411
0.47520833333333334,-32.82884270720699,4.225640143634803
0.47541666666666665,-63.784208091668084,2.5844755594963624
0.475625,-92.32648563613401,1.084017803527439
0.47583333333333333,-116.9866107145513,-0.2255910934974569
0.47604166666666664,-138.00496798708414,-1.2958607099738388
0.47625,-155.72667035226183,-2.1167552207010827
0.4764583333333333,-170.88453968937347,-2.741650454419015
0.4766666666666667,-185.592094490729,-3.246293645153195
0.476875,-200.3827134769584,-3.777715060974166
0.47708333333333336,-214.38833462118166,-4.3723743721217625
0.47729166666666667,-229.21152724201454,-5.055890053761082
0.4775,-244.3626386230248,-5.777802155471137
0.47770833333333335,-259.4844897142096,-6.601182626874575
0.47791666666666666,-272.61760906867374,-7.373558213320652
0.478125,-284.379785935076,-8.070672014673075
0.47833333333333333,-293.42745737867705,-8.707267136954014
0.47854166666666664,-301.33682156555204,-9.166256338969239
0.47875,-306.07420967991095,-9.546459976894328
0.4789583333333333,-308.76249420838786,-9.856252524204601
0.4791666666666667,-309.69390434098017,-10.1430461625567
0.479375,-308.90846963371456,-10.491095517439094
0.4795833333333333,-306.6380284122288,-10.785405898185239
0.47979166666666667,-301.25799599991984,-11.091121711159136
0.48,-293.97824722299583,-11.369148517988547
0.48020833333333335,-284.73502699634406,-11.528185240860507
0.48041666666666666,-272.42499988409094,-11.545530300979651
0.480625,-259.37449451526885,-11.431186947819542
0.48083333333333333,-244.34055656086073,-11.196836837509686
0.48104166666666665,-229.43154233085573,-10.90468055667507
0.48125,-214.29339817252603,-10.640287945758404
0.4814583333333333,-199.917818259017,-10.38685981730102
0.4816666666666667,-185.49264991674534,-10.25433863673662
0.481875,-171.43991246398286,-10.220846063287324
0.4820833333333333,-155.77701225322375,-10.2218909131388
0.4822916666666667,-138.00413706559763,-10.108392107854087
0.4825,-117.17332186314081,-9.83576453244532
0.48270833333333335,-92.29447972521378,-9.319204634336357
0.48291666666666666,-63.50184665236495,-8.447175369004116
0.483125,-32.89978084061233,-7.2795900517774
0.48333333333333334,0.10486622321322468,-5.8027383767787715
0.48354166666666665,33.146626342805384,-4.207563656439288
0.48375,64.34550653415059,-2.6111890024317583
0.4839583333333333,92.39865440936508,-1.0656097161475089
0.4841666666666667,116.50540332286165,0.2377644777630777
0.484375,138.22489600367982,1.3022963551580127
0.4845833333333333,155.34617386558963,2.100486025915044
0.4847916666666667,171.82138160925086,2.720099752941118
0.485,185.87721454251437,3.2472987759892304
0.48520833333333335,200.2375471524683,3.769010305520395
0.48541666666666666,214.27447221545447,4.356964015274453
0.485625,229.10877056571374,5.0328364882097585
0.48583333333333334,244.7285024206969,5.787418829085586
0.48604166666666665,259.3694376084535,6.586631157305505
0.48625,272.7859599734299,7.373242980635335
0.4864583333333333,284.6328868551453,8.126883490061628
0.4866666666666667,294.7624457109292,8.676072392528836
0.486875,301.3579525183336,9.15720969813352
0.4870833333333333,306.20973418727664,9.593307376326578
0.4872916666666667,308.8969486691611,9.86826386687591
0.4875,309.94121433943354,10.140933852544515
0.48770833333333335,308.6384465280478,10.483794048278789
0.48791666666666667,305.43366920889247,10.780302284077795
0.488125,301.10217459823735,11.12023049040127
0.48833333333333334,294.273520665419,11.36318842783878
0.48854166666666665,284.369271436188,11.51952659822456
0.48875,272.8647536923486,11.575944516046858
0.48895833333333333,259.20489603269385,11.44485522427776
0.4891666666666667,245.0388211376191,11.220166968181928
0.489375,229.6842616878925,10.919623559763979
0.4895833333333333,214.66288515516274,10.618891693317362
0.4897916666666667,200.1430289757825,10.410884131070455
0.49,185.8255337615853,10.289978615059747
0.49020833333333336,171.50328637214398,10.225658377345411
0.49041666666666667,155.6047462851095,10.226503222605746
0.490625,137.54910980432464,10.11942823031208
0.49083333333333334,117.1387707811987,9.841860358846104
0.49104166666666665,92.47672286900693,9.305807928734634
0.49125,64.36275935602498,8.44383185498516
0.49145833333333333,33.22501555911305,7.239680929180248
0.49166666666666664,0.3924996212418122,5.810496677216024
0.491875,-33.08168750341924,4.213370783442496
0.4920833333333333,-64.14850947264769,2.580260978140839
0.4922916666666667,-92.27564173096128,1.0759468443520233
0.4925,-116.46827432917031,-0.23829249961887325
0.49270833333333336,-137.72569549808608,-1.2829447625500507
0.49291666666666667,-155.62119313974407,-2.0964123267053445
0.493125,-171.55084429040122,-2.729614644638466
0.49333333333333335,-186.05564598250803,-3.2793696387557176
0.49354166666666666,-199.79040167665266,-3.7502220176883196
0.49375,-214.77516531605588,-4.3588100038042
0.49395833333333333,-229.55650652178707,-5.0318304080339455
0.49416666666666664,-244.69200831190952,-5.795417439983037
0.494375,-258.9796104461602,-6.600307125381373
0.4945833333333333,-272.9975195057114,-7.3553531589355226
0.4947916666666667,-285.22153394460923,-8.068476953473503
0.495,-293.94447557600404,-8.680967368747543
0.4952083333333333,-301.3240765947642,-9.167191780577891
0.49541666666666667,-305.9367017797013,-9.534612794925817
0.495625,-308.70764062148396,-9.86084171261259
0.49583333333333335,-309.63977480242494,-10.1644869063079
0.49604166666666666,-308.488379300828,-10.466082151396474
0.49625,-306.33057575539857,-10.80057023362005
0.49645833333333333,-301.27857468772766,-11.10281060382405
0.49666666666666665,-293.89957725964126,-11.363289548144936
0.496875,-284.76524272880135,-11.517079495648144
0.4970833333333333,-273.3110468572901,-11.561094095876603
0.4972916666666667,-259.2106996326326,-11.425707158694763
0.4975,-244.3825401670505,-11.219166799014523
0.4977083333333333,-229.50814623594866,-10.921688264345502
0.4979166666666667,-214.9902113996208,-10.633492237061429
0.498125,-199.8111362108296,-10.417794591352246
0.49833333333333335,-186.24981804507567,-10.256605449918682
0.49854166666666666,-171.37669748230243,-10.238173093835526
0.49875,-156.12290838642994,-10.20996232860165
0.49895833333333334,-138.3856801204572,-10.087839806606828
0.49916666666666665,-117.21172800287741,-9.847239361127254
0.499375,-92.44154969404931,-9.304857771046507
0.4995833333333333,-64.2214952765192,-8.456953733064491
0.4997916666666667,-32.68500578553183,-7.24595524284955
0.5,-0.11151734461185939,-5.799146716490547
0.5002083333333334,33.077229323008844,-4.198968797600805
0.5004166666666666,64.13073650531716,-2.578439307537071
0.500625,92.22133600328854,-1.069777852405806
0.5008333333333334,116.88476552764496,0.2307464619699782
0.5010416666666667,137.68384622425052,1.2823256013164517
0.50125,155.97372572471474,2.125707595322975
0.5014583333333333,171.36525041469866,2.7435940080280083
0.5016666666666667,185.2417971927016,3.2484618819781477
0.501875,199.85369992930399,3.7776803352918193
0.5020833333333333,214.27474149268744,4.352179912431032
0.5022916666666667,229.8908168320828,5.013693950642875
0.5025,244.23761917168414,5.7929443979018105
0.5027083333333333,259.01750076851135,6.586748560577015
0.5029166666666667,273.1863375907461,7.3642259796609615
0.503125,284.9509123243285,8.067080629966915
0.5033333333333333,293.8843410032375,8.664176217298076
0.5035416666666667,300.9912996757891,9.160007886346273
0.50375,306.101418384949,9.542623140144656
0.5039583333333333,308.1041894970359,9.848819155186487
0.5041666666666667,309.1060503823441,10.171394653947933
0.504375,308.61578109606035,10.47017054209241
0.5045833333333334,306.3348321773427,10.80260614707477
0.5047916666666666,301.04038860944877,11.103850905931296
0.505,294.095820935856,11.354546097501176
0.5052083333333334,284.8951688531074,11.52783529953404
0.5054166666666666,273.43556636329396,11.532866923834186
0.505625,259.23362635015644,11.444450781797443
0.5058333333333334,244.65910464372377,11.191514888522494
0.5060416666666666,229.95241123937515,10.926873252469168
0.50625,214.11945018120267,10.620481524980539
0.5064583333333333,200.24452391513947,10.417651817511285
0.5066666666666667,185.58026719163158,10.255001036340648
0.506875,171.4795153932919,10.213470761181723
0.5070833333333333,155.84038766839097,10.205192607743273
0.5072916666666667,137.85621739883524,10.124228378665439
0.5075,116.8554750166958,9.863679754224215
0.5077083333333333,92.46482889600965,9.30265612322477
0.5079166666666667,64.30932804595665,8.469339482512344
0.508125,32.79974755429337,7.254104542716722
0.5083333333333333,0.017528289684469324,5.828329274489021
0.5085416666666667,-32.68938808851415,4.195920271208438
0.50875,-64.30334790716614,2.5928052625626283
0.5089583333333333,-92.21080217783076,1.0357562934584656
0.5091666666666667,-116.89641472433466,-0.25543597714867144
0.509375,-137.4448137243287,-1.2875499889454116
0.5095833333333334,-155.9950684778851,-2.126045595204409
0.5097916666666666,-171.56841775193132,-2.725717699790368
0.51,-185.64260460682758,-3.245264573574132
0.5102083333333334,-199.78285260527184,-3.7846026616593726
0.5104166666666666,-214.63377178834298,-4.371215933160815
0.510625,-229.59768810327031,-5.037729910466141
0.5108333333333334,-244.52803111510576,-5.80476681204038
0.5110416666666666,-259.5847345286256,-6.5944991539106885
0.51125,-273.01147867697176,-7.376982670282001
0.5114583333333333,-284.5893233431244,-8.09385777012576
0.5116666666666667,-293.82160206671506,-8.662517881198452
0.511875,-301.30047078553486,-9.176370335556893
0.5120833333333333,-306.40795565131737,-9.523028067012097
0.5122916666666667,-309.1651138131529,-9.877567255883795
0.5125,-309.886202070147,-10.160541898983931
0.5127083333333333,-309.0142563758236,-10.453407159090894
0.5129166666666667,-305.98601222546546,-10.776982510132115
0.513125,-301.4465411698886,-11.112898436249665
0.5133333333333333,-294.2462754778739,-11.358026816228126
0.5135416666666667,-284.80524300621363,-11.519805849712023
0.51375,-273.01897214518385,-11.559906129193402
0.5139583333333333,-259.04721238556505,-11.427119954930712
0.5141666666666667,-244.4978269273012,-11.177634744039342
0.514375,-229.4928650802175,-10.90602425459523
0.5145833333333333,-214.61525657014718,-10.617063015488167
0.5147916666666666,-200.0959368116586,-10.391631490093614
0.515,-185.75290945723663,-10.293755033279817
0.5152083333333334,-171.30785503317415,-10.216733936594533
0.5154166666666666,-156.12794680676896,-10.214729977163172
0.515625,-138.08660011011014,-10.115519226374582
0.5158333333333334,-117.60915539077118,-9.806251493881586
0.5160416666666666,-92.3427968588975,-9.305834554914252
0.51625,-63.86990590343018,-8.452875909615095
0.5164583333333334,-32.90219876181469,-7.241160772280733
0.5166666666666667,0.4541317490408118,-5.826062915195897
0.516875,32.61187199323501,-4.216764273325364
0.5170833333333333,64.11480331773485,-2.567766472440063
0.5172916666666667,92.38676911827348,-1.0702401755913384
0.5175,117.07617608174424,0.21518815629726626
0.5177083333333333,138.06713975701217,1.3027099851312962
0.5179166666666667,155.9278186877448,2.1004120241905544
0.518125,171.66588698737885,2.7552197162501213
0.5183333333333333,186.17928013378756,3.249768641171699
0.5185416666666667,199.98706608637107,3.7928512483743555
0.51875,214.70382901803927,4.383317109311083
0.5189583333333333,229.3214556974751,5.017852962871362
0.5191666666666667,244.85480268784028,5.787381431941189
0.519375,259.18734058748424,6.598810329652548
0.5195833333333333,273.1815101639924,7.365653843367125
0.5197916666666667,285.1643817543131,8.09332204247984
0.52,294.04006576592616,8.684259465488566
0.5202083333333334,300.6011852587879,9.161903264687679
0.5204166666666666,305.81034130250066,9.544633640591789
0.520625,308.99393322984514,9.863017638072709
0.5208333333333334,309.7096180002268,10.164091774069131
0.5210416666666666,308.7481928459419,10.462171345037326
0.52125,306.199526624798,10.785625291550557
0.5214583333333334,301.2704344913027,11.104815753951799
0.5216666666666666,294.37501803478483,11.36568149741081
0.521875,284.84157745412784,11.519540795867817
0.5220833333333333,273.2892702931562,11.556666136145626
0.5222916666666667,259.4675374894247,11.409137777757845
0.5225,244.88962867502852,11.194615132736418
0.5227083333333333,229.42011566576664,10.908900847178113
0.5229166666666667,214.34963479711487,10.61271663336878
0.523125,200.41432055760944,10.42615178498875
0.5233333333333333,185.88889724380206,10.272123311870338
0.5235416666666667,171.65511744298024,10.226288851866041
0.52375,155.93197743384843,10.192230122921073
0.5239583333333333,137.94909138627958,10.106434238458483
0.5241666666666667,117.10399622175446,9.820451818634972
0.524375,92.75472380938575,9.299488375228066
0.5245833333333333,64.19925323249406,8.42771817162189
0.5247916666666667,32.40431331515474,7.25428845719266
0.525,-0.053811114145809885,5.773449011658886
0.5252083333333334,-32.38660815691359,4.193132938036012
0.5254166666666666,-64.11389242937805,2.608461151027237
0.525625,-92.8458449778697,1.08333765530783
0.5258333333333334,-116.62798827724663,-0.2188265219352837
0.5260416666666666,-137.92512217155786,-1.2737343218713046
0.52625,-155.91854564494997,-2.0962642010590047
0.5264583333333334,-171.54675173553076,-2.7389149742327383
0.5266666666666666,-185.56425809226886,-3.2744202095800894
0.526875,-200.1231244975572,-3.7598816896868468
0.5270833333333333,-214.2129358938712,-4.35571311920996
0.5272916666666667,-229.36134861260814,-4.993206768982665
0.5275,-244.6021433432843,-5.795756096892561
0.5277083333333333,-259.3414597671104,-6.563387512718894
0.5279166666666667,-272.9525871891473,-7.3808659065158
0.528125,-284.3503115049112,-8.06922688932025
0.5283333333333333,-294.28692244594805,-8.662182893742944
0.5285416666666667,-301.5548024131975,-9.18092352718428
0.52875,-305.79374950508645,-9.551174535875267
0.5289583333333333,-308.52815486425607,-9.877443355724512
0.5291666666666667,-309.4512885153425,-10.180082729857006
0.529375,-308.5840323538686,-10.461147737461252
0.5295833333333333,-306.02749463039595,-10.796902292969563
0.5297916666666667,-300.9524504553928,-11.105809072936367
0.53,-294.0819762696094,-11.358009275004536
0.5302083333333333,-284.73349992517154,-11.553984338472768
0.5304166666666666,-272.9868180080392,-11.532505551455165
0.530625,-258.87267854375085,-11.441595616438052
0.5308333333333334,-245.09705784516893,-11.197586107026561
0.5310416666666666,-229.37195040796672,-10.903789071982821
0.53125,-214.9197776069067,-10.604996412762679
0.5314583333333334,-200.01468698208214,-10.403286675583356
0.5316666666666666,-185.94325294601174,-10.303694946055124
0.531875,-171.97515437568626,-10.222780392490833
0.5320833333333334,-155.80378303263382,-10.196467980668167
0.5322916666666667,-138.19072981455994,-10.1221848351512
0.5325,-117.626052084252,-9.836468260783024
0.5327083333333333,-92.18583328224442,-9.307450907290246
0.5329166666666667,-63.701691669420434,-8.461914607289824
0.533125,-32.45965051951747,-7.248377237538984
0.5333333333333333,0.08973911015956357,-5.820303637417152
0.5335416666666667,32.843696139729445,-4.216148674384025
0.53375,64.39248236913565,-2.5934409376690044
0.5339583333333333,92.8163212012677,-1.0523495101093874
0.5341666666666667,117.38464267432603,0.23799836954767928
0.534375,137.86033589845766,1.2957366382247348
0.5345833333333333,155.9513786435488,2.099749470105631
0.5347916666666667,171.56377633758618,2.7390649462859593
0.535,185.38244183249103,3.2791012161130277
0.5352083333333333,200.10496881240374,3.7868007710308262
0.5354166666666667,215.06824795649268,4.366984643245689
0.535625,229.6568814754934,5.0397105643168745
0.5358333333333334,245.03166709502042,5.769575987602965
0.5360416666666666,259.42356715097407,6.579839168064955
0.53625,272.8905405989709,7.375439218751242
0.5364583333333334,284.70703938248585,8.078379657641836
0.5366666666666666,293.866630075923,8.67166521442981
0.536875,300.908377334681,9.137496642148498
0.5370833333333334,306.2639356751032,9.523701626504058
0.5372916666666666,309.02905003198936,9.858100783978873
0.5375,309.32357222457364,10.160592167030707
0.5377083333333333,308.9279641474121,10.459257933577128
0.5379166666666667,305.9256195419079,10.795136745606095
0.538125,301.2342732751121,11.100087063170502
0.5383333333333333,294.18564139777874,11.38271146583989
0.5385416666666667,284.8603091519967,11.523699149506703
0.53875,272.92952473043704,11.562252004735402
0.5389583333333333,259.7303789672726,11.439407410422413
0.5391666666666667,244.7406670345991,11.184541061031467
0.539375,229.65294350215407,10.911739891935085
0.5395833333333333,214.29168435211886,10.607023999684293
0.5397916666666667,200.5272934001797,10.400092002193414
0.54,185.95230230552087,10.260663421911005
0.5402083333333333,171.63214665784946,10.229366752194922
0.5404166666666667,155.4989959774411,10.17934326847856
0.540625,137.89004479324512,10.106891449643312
0.5408333333333334,117.4107214205865,9.847266854337924
0.5410416666666666,92.46744808451461,9.315649564309059
0.54125,63.581998280214314,8.430310781682463
0.5414583333333334,33.09175408733044,7.258715775546978
0.5416666666666666,-0.13594570109182738,5.814609964747041
0.541875,-32.479352358623736,4.233259880355669
0.5420833333333334,-64.08240213355828,2.564282304048706
0.5422916666666666,-92.3445486334334,1.057215150895011
0.5425,-116.8065118539564,-0.19654517458308682
0.5427083333333333,-138.3200935417256,-1.298646600175723
0.5429166666666667,-156.14925413220078,-2.134723919569827
0.543125,-171.50302190661122,-2.740860196102333
0.5433333333333333,-185.62805287481328,-3.3003945437082
0.5435416666666667,-200.3203479606501,-3.7734690480816013
0.54375,-214.91700864997395,-4.344534867421666
0.5439583333333333,-229.29096720227963,-5.044292046870999
0.5441666666666667,-244.81405840279993,-5.797340486086289
0.544375,-259.4758949716704,-6.579126138209847
0.5445833333333333,-273.37304778045444,-7.404767261628095
0.5447916666666667,-284.781466363552,-8.10909118646214
0.545,-294.07247856207823,-8.691054997527019
0.5452083333333333,-300.9167266670852,-9.176864300823645
0.5454166666666667,-306.14016707736937,-9.548307568163144
0.545625,-308.2716204162146,-9.880904922130116
0.5458333333333333,-309.7424878095154,-10.158418860244229
0.5460416666666666,-308.8567373966695,-10.473392236496851
0.54625,-305.5630201478359,-10.78571501000234
0.5464583333333334,-301.0964560933987,-11.103588575276879
0.5466666666666666,-294.20859292017485,-11.363252510941834
0.546875,-284.65050481776206,-11.547818146284973
0.5470833333333334,-272.5705767855874,-11.544418168239723
0.5472916666666666,-259.0112877635418,-11.44132220001501
0.5475,-244.8675121194739,-11.208071101234875
0.5477083333333334,-229.50750588655882,-10.897375798925266
0.5479166666666667,-214.47746079308791,-10.636349894521963
0.548125,-200.23418867512913,-10.38144604983971
0.5483333333333333,-185.84876733788425,-10.250173254678874
0.5485416666666667,-171.45256658640298,-10.212345540132194
0.54875,-155.61599006051242,-10.2141878957021
0.5489583333333333,-137.79386404193318,-10.139465320948544
0.5491666666666667,-117.18355284819938,-9.822498096885582
0.549375,-92.44921359091049,-9.30036485484958
0.5495833333333333,-63.894370138401115,-8.45295126011281
0.5497916666666667,-32.978478717320215,-7.240846075807688
0.55,0.1471600379352209,-5.824771143366624
0.5502083333333333,32.81020498324458,-4.21641531503635
0.5504166666666667,63.81809356947922,-2.57862889949487
0.550625,92.15651612671492,-1.087585731545477
0.5508333333333333,117.46301517260865,0.23696989832988216
0.5510416666666667,138.05661492923107,1.3108871986753385
0.55125,156.31113095372015,2.1095256735757264
0.5514583333333334,171.32548823633056,2.750833339004337
0.5516666666666666,185.90764737499808,3.2758654807561447
0.551875,200.58579782825456,3.777198933784915
0.5520833333333334,214.23565331383318,4.321630518180336
0.5522916666666666,229.02244380906254,5.0140305268000365
0.5525,244.98496135748385,5.801729638938517
0.5527083333333334,259.1711361920947,6.569727179236223
0.5529166666666666,272.9036685889428,7.373613640826599
0.553125,284.46524198234823,8.094344827484338
0.5533333333333333,294.13762743316005,8.709676830237749
0.5535416666666667,300.91168707969433,9.156953982814802
0.55375,305.902374513839,9.534247249064727
0.5539583333333333,308.7984182779124,9.861161980841652
0.5541666666666667,309.3192715819019,10.166897257080224
0.554375,308.5109434388617,10.468840037808175
0.5545833333333333,305.8605138274117,10.809691892649072
0.5547916666666667,300.7921172729313,11.094607410288676
0.555,293.96494649222257,11.368155276029908
0.5552083333333333,284.6414206699432,11.532801726620672
0.5554166666666667,272.80895794457354,11.545803549365829
0.555625,259.3099943452118,11.448954853036254
0.5558333333333333,244.6583384069323,11.207806504738809
0.5560416666666667,229.33296156843278,10.92493245026851
0.55625,214.67276564146843,10.628469922794936
0.5564583333333334,200.34662317870317,10.407359883338927
0.5566666666666666,185.71875097667373,10.262354507816664
0.556875,171.57519685938226,10.214175731114805
0.5570833333333334,155.84113814138468,10.217844530739557
0.5572916666666666,138.18709213527228,10.116203578931854
0.5575,117.49269538141327,9.823336143106186
0.5577083333333334,92.52289019069384,9.304748582139231
0.5579166666666666,63.61708957921559,8.406166657247567
0.558125,32.94568051295623,7.249840408508799
0.5583333333333333,0.30821593582031565,5.826263175302538
0.5585416666666667,-32.887580647583576,4.20817580233231
0.55875,-63.811534512381414,2.588270945004715
0.5589583333333333,-92.56825419021875,1.0256359703737237
0.5591666666666667,-117.47263528848639,-0.24449591624622602
0.559375,-138.06042804430606,-1.2894760575591426
0.5595833333333333,-156.3401616104304,-2.0993796642903737
0.5597916666666667,-171.51384005473656,-2.717686608282154
0.56,-185.5131355090577,-3.262015311662807
0.5602083333333333,-200.4650693739359,-3.7795676959579483
0.5604166666666667,-214.81987419897607,-4.376663400266815
0.560625,-229.7549054953319,-5.033684934316079
0.5608333333333333,-244.6791437895872,-5.8092032531885875
0.5610416666666667,-259.4692676648526,-6.620699002337421
0.56125,-272.55906108454786,-7.394791720207236
0.5614583333333333,-284.3731344526925,-8.06663734466216
0.5616666666666666,-293.9467685014021,-8.691691687823903
0.561875,-301.1129135529033,-9.162281117816178
0.5620833333333334,-305.8490520915635,-9.551602008468915
0.5622916666666666,-308.90146003510154,-9.888806932630837
0.5625,-309.3570462150813,-10.147591865659074
0.5627083333333334,-308.9639755098624,-10.503736712317032
0.5629166666666666,-305.7385152873331,-10.80227475756766
0.563125,-300.85278550596115,-11.107413790996953
0.5633333333333334,-294.01787058739853,-11.362895517377815
0.5635416666666667,-284.65577479970517,-11.537020580034858
0.56375,-272.80876770289564,-11.579376463760338
0.5639583333333333,-260.0932180609729,-11.448375603373053
0.5641666666666667,-244.58774927003373,-11.216803496434393
0.564375,-229.5252359334971,-10.924696166998444
0.5645833333333333,-214.51265702826925,-10.611007482321202
0.5647916666666667,-199.8109955192794,-10.41991785643873
0.565,-185.85353830511275,-10.267325695052964
0.5652083333333333,-171.73894901567607,-10.221262851134304
0.5654166666666667,-155.9363930979505,-10.185071757378433
0.565625,-138.07883142799605,-10.108667900340237
0.5658333333333333,-117.07251702071233,-9.826813656091517
0.5660416666666667,-92.35524546312212,-9.304618932840885
0.56625,-63.800600952693614,-8.435257410151998
0.5664583333333333,-33.103690243343905,-7.280993627272605
0.5666666666666667,0.043925114043781154,-5.851421931297744
0.566875,33.154664029745454,-4.204389783359155
0.5670833333333334,63.626790339671345,-2.580034508069473
0.5672916666666666,92.44063697513174,-1.0637491540738944
0.5675,116.95490587310965,0.2307381242527502
0.5677083333333334,138.00304270289334,1.3168959746995392
0.5679166666666666,155.67484055444442,2.0994608451854533
0.568125,171.41150962258527,2.7384351292471747
0.5683333333333334,186.29515997832462,3.267780988761246
0.5685416666666666,199.67152105720177,3.802863961164677
0.56875,214.20759749938162,4.3519261945289935
0.5689583333333333,229.1714137914985,5.020819217634961
0.5691666666666667,245.09516839631493,5.767807446486303
0.569375,259.2622535420641,6.616266455640496
0.5695833333333333,272.90243541488223,7.384835193261143
0.5697916666666667,284.5110257996865,8.096063534867485
0.57,293.83448101831823,8.734383833421038
0.5702083333333333,301.09053346983603,9.170454949379314
0.5704166666666667,306.56192043724474,9.524364743624524
0.570625,309.0339821765163,9.85901011371411
0.5708333333333333,309.3581143490224,10.147011826400309
0.5710416666666667,308.84785797203926,10.465215714300392
0.57125,305.73947884264396,10.787914023374487
0.5714583333333333,300.70522922177787,11.097789201918017
0.5716666666666667,294.32546446733613,11.345453624448776
0.571875,284.90174474662905,11.55001106047219
0.5720833333333334,273.17035824273603,11.556289762181006
0.5722916666666666,259.26037215613934,11.432977123467428
0.5725,244.6216198911572,11.216936694062946
0.5727083333333334,229.6843388224537,10.920165773693846
0.5729166666666666,214.5978740093382,10.629693722165348
0.573125,199.88921927967587,10.411988785858052
0.5733333333333334,185.43007811969252,10.273849405325858
0.5735416666666666,171.4823661000524,10.233690628547553
0.57375,156.1707948400499,10.210775268053709
0.5739583333333333,137.79632322675283,10.109111703289585
0.5741666666666667,117.26094034402942,9.835374703197012
0.574375,92.47861072873003,9.324991597791406
0.5745833333333333,64.24798027972432,8.434604774953925
0.5747916666666667,33.05017548002024,7.264319214970514
0.575,-0.17361631047918522,5.8180563863147485
0.5752083333333333,-33.23642145512839,4.200909618378887
0.5754166666666667,-64.19382309533337,2.5743849191799706
0.575625,-92.17344347555184,1.0655739087582796
0.5758333333333333,-117.23675147448107,-0.24599536477149217
0.5760416666666667,-138.2692311299809,-1.3164220993412217
0.57625,-156.35638001572553,-2.1161314386591203
0.5764583333333333,-171.01573541287576,-2.728128599182655
0.5766666666666667,-185.6284176643654,-3.2398722916241067
0.576875,-199.79515465218068,-3.7687669887409823
0.5770833333333333,-214.25806865330392,-4.395674656301253
0.5772916666666666,-229.35272034365147,-5.0209975555069235
0.5775,-244.72439603845555,-5.798651904041095
0.5777083333333334,-259.41877949447223,-6.586184749420085
0.5779166666666666,-273.0157362711164,-7.378726058543529
0.578125,-283.953036346361,-8.092157932670482
0.5783333333333334,-293.9316087300958,-8.689166805720705
0.5785416666666666,-301.26527124182877,-9.165915642885734
0.57875,-305.83098534226986,-9.523733490119755
0.5789583333333334,-308.9386816757367,-9.86224357014526
0.5791666666666667,-309.19522212382316,-10.145350520535334
0.579375,-308.8512317202249,-10.457055152231534
0.5795833333333333,-305.82208817765684,-10.783947184202065
0.5797916666666667,-300.8828267240534,-11.133393850086119
0.58,-293.97439460186797,-11.349603372186829
0.5802083333333333,-284.5881040370126,-11.532992055378934
0.5804166666666667,-272.9061446587576,-11.54107113229833
0.580625,-259.3919487426734,-11.45094719648668
0.5808333333333333,-244.80748844689114,-11.223348237269724
0.5810416666666667,-229.60926829147863,-10.883453933518636
0.58125,-214.1301024065899,-10.639913107176847
0.5814583333333333,-200.0147628056744,-10.384522215180818
0.5816666666666667,-186.03129514206455,-10.270064079347906
0.581875,-171.5829717007327,-10.229939107567981
0.5820833333333333,-155.62594976006932,-10.200151016805505
0.5822916666666667,-137.92681864072287,-10.12618733971209
0.5825,-116.9611682040558,-9.838886936293724
0.5827083333333334,-92.460105604668,-9.31827673547785
0.5829166666666666,-63.917102596367265,-8.447704954965063
0.583125,-32.993071886333276,-7.244570017504768
0.5833333333333334,-0.06490350783058481,-5.808034900004883
0.5835416666666666,33.07463272692996,-4.2322855436463
0.58375,64.27901263363815,-2.5737299330562275
0.5839583333333334,92.15024784345195,-1.0709881854996475
0.5841666666666666,116.88736888536951,0.23047933294760514
0.584375,138.12289583721622,1.3057502854751113
0.5845833333333333,156.33257552391615,2.103850909866895
0.5847916666666667,170.97500601039576,2.714637023853618
0.585,185.90442930961098,3.2865785910579
0.5852083333333333,199.64361781460963,3.7768235471253484
0.5854166666666667,214.34141725161592,4.355460860758437
0.585625,229.405790329525,5.024540533652515
0.5858333333333333,244.55818673879892,5.807979113344326
0.5860416666666667,259.2443894835257,6.585107772918207
0.58625,272.91064694506485,7.355339331773308
0.5864583333333333,284.4779076433025,8.079087453350452
0.5866666666666667,293.7049723917043,8.70753488880792
0.586875,301.3442885346219,9.178061260683537
0.5870833333333333,306.1355775775968,9.540074329911032
0.5872916666666667,308.89675802377906,9.88254749446372
0.5875,309.18616517940444,10.172852695965448
0.5877083333333334,308.7606939844203,10.46715489976453
0.5879166666666666,306.11635424976157,10.791464219589306
0.588125,300.891520614378,11.111534333763403
0.5883333333333334,294.07288004996667,11.353874557784287
0.5885416666666666,284.58265487363826,11.526191111949647
0.58875,273.36938284461127,11.556434741983697
0.5889583333333334,259.8589624777013,11.411054710408855
0.5891666666666666,244.24722472632308,11.20273232178155
0.589375,230.12037918547537,10.908553921790702
0.5895833333333333,214.27119356971684,10.640979381473693
0.5897916666666667,200.2327969710817,10.374046359859422
0.59,186.07747056994188,10.266117793873946
0.5902083333333333,171.20497474480382,10.216410986982126
0.5904166666666667,156.02435937870007,10.21387964799941
0.590625,138.06883686295012,10.106017723723664
0.5908333333333333,117.23983299976699,9.865622040284256
0.5910416666666667,92.45339338052966,9.311968831497818
0.59125,64.35952808526702,8.435619953137966
0.5914583333333333,32.851031490873,7.262044391412302
0.5916666666666667,-0.041968517369387365,5.806536728012391
0.591875,-32.558165546824576,4.222943927520115
0.5920833333333333,-63.91534422270074,2.566519289260153
0.5922916666666667,-92.21277195634606,1.0585262494231484
0.5925,-117.26739716666627,-0.23177676319561674
0.5927083333333333,-138.35703599436707,-1.276163794185799
0.5929166666666666,-156.04297296605301,-2.139388541363225
0.593125,-171.60910264792957,-2.711504875712163
0.5933333333333334,-185.63829625755866,-3.2609634723127385
0.5935416666666666,-199.74363263492197,-3.8053409831974974
0.59375,-214.5387825723842,-4.401707556454182
0.5939583333333334,-229.13916767933893,-5.053557902215813
0.5941666666666666,-244.32119647621525,-5.790575200090123
0.594375,-259.31698873934386,-6.593969421107686
0.5945833333333334,-273.11431812285883,-7.369016023134958
0.5947916666666667,-284.2178773726028,-8.097509925942413
0.595,-294.08584107567907,-8.704253877998037
0.5952083333333333,-301.11777983238153,-9.171775574076486
0.5954166666666667,-306.03226079221207,-9.543395410397334
0.595625,-308.90841202784753,-9.858487075414764
0.5958333333333333,-309.9385086610493,-10.173471033022057
0.5960416666666667,-308.5277473653844,-10.4576320397141
0.59625,-306.1432097992826,-10.803273818991732
0.5964583333333333,-300.3844383242416,-11.119640328218969
0.5966666666666667,-294.3421051335746,-11.37448873467122
0.596875,-284.9260671537092,-11.510000933331499
0.5970833333333333,-272.78131050107186,-11.553798988308571
0.5972916666666667,-258.9955100987031,-11.446776906534009
0.5975,-244.64716641041605,-11.191680510363266
0.5977083333333333,-229.35383682899356,-10.880958536471958
0.5979166666666667,-214.96088685436615,-10.62241312165955
0.598125,-200.15700653392997,-10.383206177853662
0.5983333333333334,-186.10325000700718,-10.256299214910854
0.5985416666666666,-171.92765876399963,-10.2327219029676
0.59875,-155.8717973717422,-10.199079070833418
0.5989583333333334,-138.65642720441437,-10.125909091709607
0.5991666666666666,-117.43179949012588,-9.841754754594856
0.599375,-92.53002375345122,-9.311428486306488
0.5995833333333334,-64.26826467290648,-8.447816587408273
0.5997916666666666,-32.73307947952873,-7.269697936434424
0.6,0.07639504797238911,-5.816154212276605
0.6002083333333333,33.0556312915699,-4.202069495868875
0.6004166666666667,64.24853914707833,-2.5882946336169717
0.600625,92.68092850227269,-1.0988472870377315
0.6008333333333333,117.10077089860421,0.22742030350073134
0.6010416666666667,138.17158702421176,1.2717591506278487
0.60125,156.028920855724,2.1100199158110837
0.6014583333333333,171.48931147586114,2.7396717044129835
0.6016666666666667,185.73554749723525,3.262709668713829
0.601875,199.90451801391404,3.765271792869074
0.6020833333333333,214.29561040041997,4.360384447762795
0.6022916666666667,229.6023016415143,5.023565397391742
0.6025,244.63981003113804,5.773206245506314
0.6027083333333333,259.2120450307881,6.6041098993364065
0.6029166666666667,272.74328397513614,7.390784445961133
0.603125,284.30912185301895,8.103501050495465
0.6033333333333334,294.31529707322824,8.678508040800667
0.6035416666666666,301.16897554887254,9.183269712951958
0.60375,305.731659530917,9.536495830931061
0.6039583333333334,308.88810138367336,9.871751187162106
0.6041666666666666,309.43123660102185,10.153969872606535
0.604375,308.33433928952064,10.467794007763018
0.6045833333333334,306.2026651081156,10.757635199554894
0.6047916666666666,301.01504688409807,11.10206586956789
0.605,293.96836196536685,11.367719211530957
0.6052083333333333,284.6220165400561,11.519972791706524
0.6054166666666667,273.1944924856702,11.578149862535788
0.605625,259.38284779115793,11.418922212707976
0.6058333333333333,244.36353454312348,11.197118408063586
0.6060416666666667,229.6328666850655,10.8995266754214
0.60625,214.37875256893744,10.617101706489308
0.6064583333333333,200.45960964038616,10.417185010710748
0.6066666666666667,185.83456614421948,10.294010861084294
0.606875,170.89513842704514,10.213125417528934
0.6070833333333333,155.9903836732838,10.18863347039975
0.6072916666666667,138.5818697470804,10.089313992535272
0.6075,117.49523057075149,9.858274901397369
0.6077083333333333,92.85346387713093,9.318850696873158
0.6079166666666667,63.80550316756636,8.44018357105056
0.608125,33.06021970408954,7.237508023019679
0.6083333333333333,-0.18049863493789778,5.792247821671514
0.6085416666666666,-32.776109255237785,4.21261242791839
0.60875,-64.3786813210921,2.5947423237366523
0.6089583333333334,-92.55683924615899,1.0398895169957296
0.6091666666666666,-117.27031217293626,-0.24343176063168329
0.609375,-137.8710814789765,-1.2702757025730378
0.6095833333333334,-155.70086264983115,-2.109621650521031
0.6097916666666666,-171.38469236917933,-2.709777372590274
0.61,-186.1724514292319,-3.2491257534518443
0.6102083333333334,-200.06553850599016,-3.793347052781254
0.6104166666666667,-214.68652912073026,-4.36107170822576
0.610625,-229.27947849486722,-5.0325475248066605
0.6108333333333333,-244.36876761145345,-5.804567300773882
0.6110416666666667,-259.1137420719324,-6.607528970882496
0.61125,-273.0976500348238,-7.355912500773612
0.6114583333333333,-285.2966048155387,-8.10392802757472
0.6116666666666667,-294.51232721245225,-8.671456728655066
0.611875,-300.7939143869703,-9.172126545437125
0.6120833333333333,-306.0476732706394,-9.544284154649162
0.6122916666666667,-308.873645600839,-9.853521001065431
0.6125,-309.16068373011143,-10.170611942626625
0.6127083333333333,-308.3696744599021,-10.462635175516626
0.6129166666666667,-305.94124735532955,-10.824649312909008
0.613125,-301.22267190425424,-11.099998956957974
0.6133333333333333,-294.10361204112587,-11.403380813897908
0.6135416666666667,-284.5549308353699,-11.52952623686749
0.61375,-272.5088333596395,-11.538993396734664
0.6139583333333334,-259.2722216123892,-11.427024774397049
0.6141666666666666,-244.4818065663962,-11.225048283804501
0.614375,-229.20457990677195,-10.930644730512576
0.6145833333333334,-214.79241900026165,-10.635888441779096
0.6147916666666666,-199.79891317438194,-10.39892057683126
0.615,-185.90848826339203,-10.302319382020157
0.6152083333333334,-172.08292110045994,-10.223835660330462
0.6154166666666666,-156.43308481573692,-10.194807142933541
0.615625,-138.35024970189673,-10.110916479977156
0.6158333333333333,-116.96844469146214,-9.830800806078742
0.6160416666666667,-92.36727541360075,-9.298679768394384
0.61625,-64.01435153713302,-8.449898111941902
0.6164583333333333,-32.3444457344177,-7.287492351367978
0.6166666666666667,-0.3172724037042825,-5.809846563929478
0.616875,32.82532326654182,-4.224349116641217
0.6170833333333333,64.13655209461714,-2.5951773943325445
0.6172916666666667,92.2116570258091,-1.0636948258013874
0.6175,117.1083321848716,0.259872112725487
0.6177083333333333,137.69573296549498,1.2939792390649498
0.6179166666666667,156.2535189845584,2.114669984967851
0.618125,171.28349366337673,2.710454753834723
0.6183333333333333,186.34269611591617,3.262544299101268
0.6185416666666667,199.97951006651573,3.776184269703259
0.61875,214.7570133913482,4.375120052535047
0.6189583333333334,229.483571716796,5.022510234088189
0.6191666666666666,244.65562786659007,5.786655062994916
0.619375,259.23183113513795,6.608863167547543
0.6195833333333334,272.93862616231365,7.377133522769644
0.6197916666666666,284.69122120856525,8.072634997559724
0.62,293.8745221106934,8.725907768900749
0.6202083333333334,301.1180600275272,9.149400386811681
0.6204166666666666,305.7948348192951,9.542929063477642
0.620625,309.2608804636769,9.867148989679464
0.6208333333333333,309.5489161109926,10.165647825168419
0.6210416666666667,309.0722724841969,10.468307584659014
0.62125,305.89845395310766,10.79118146185801
0.6214583333333333,301.2141430418749,11.103070589789741
0.6216666666666667,293.74024572000997,11.34961385415025
0.621875,284.4999533869977,11.558376824183382
0.6220833333333333,272.9614788476735,11.54850717774882
0.6222916666666667,259.77433942618524,11.445313168880253
0.6225,244.71880951907224,11.20055233375485
0.6227083333333333,229.84282752433987,10.907778309485936
0.6229166666666667,214.6601822775524,10.618726706234105
0.623125,200.3944789823738,10.378466127946847
0.6233333333333333,185.8200855203965,10.2694310670676
0.6235416666666667,172.05145297917568,10.21753219187786
0.62375,155.77969337952086,10.21705145117838
0.6239583333333333,137.9041048404637,10.088720420500342
0.6241666666666666,116.79873728618254,9.830023412936075
0.624375,92.97848147283861,9.288559023768293
0.6245833333333334,64.26530510707315,8.4634112539608
0.6247916666666666,32.74865142173654,7.245408384290921
0.625,0.3122556742237436,5.820282257824673
0.6252083333333334,-32.66025855880371,4.22460540826416
0.6254166666666666,-63.56891134607633,2.5843104112880573
0.625625,-92.782683513116,1.0502295240573316
0.6258333333333334,-117.16759052568428,-0.2590744198556952
0.6260416666666667,-138.21135064499256,-1.2816536799442027
0.62625,-156.39446309934615,-2.125267922703381
0.6264583333333333,-171.1888155003175,-2.726241544786201
0.6266666666666667,-185.902445213665,-3.257146208738731
0.626875,-199.8027208462522,-3.771425871503911
0.6270833333333333,-213.9100570164197,-4.349607866708141
0.6272916666666667,-229.58520835699358,-5.04462217299456
0.6275,-244.7686020703233,-5.8049125499378045
0.6277083333333333,-259.34817242601497,-6.582257043529166
0.6279166666666667,-272.66203334172025,-7.387954198813649
0.628125,-284.7533997912936,-8.130519845659325
0.6283333333333333,-294.22832713720607,-8.677901940333182
0.6285416666666667,-300.8850238139289,-9.181123197582563
0.62875,-305.8526997048511,-9.536892526532473
0.6289583333333333,-309.1971465120234,-9.841056339599172
0.6291666666666667,-309.8776967533378,-10.161382125674043
0.629375,-308.3106554803161,-10.456217252744231
0.6295833333333334,-305.84687746504085,-10.791645902207652
0.6297916666666666,-301.33987011424915,-11.082783127861994
0.63,-294.11318915222927,-11.382284468660625
0.6302083333333334,-284.60841236676924,-11.52624676067323
0.6304166666666666,-272.72491183990286,-11.541709617438832
0.630625,-259.7174043171565,-11.439215380342965
0.6308333333333334,-244.8735511093277,-11.188288841670353
0.6310416666666666,-229.42865849532177,-10.919580357663826
0.63125,-214.5249586451224,-10.594517793899717
0.6314583333333333,-199.8446638518452,-10.369880852202597
0.6316666666666667,-186.14222292406166,-10.267609304226134
0.631875,-171.36461513245294,-10.215348288987421
0.6320833333333333,-155.62814652540067,-10.181603512006186
0.6322916666666667,-137.97401566222877,-10.124478883248642
0.6325,-117.06647256367616,-9.858360620818308
0.6327083333333333,-92.41969620558461,-9.283189347061606
0.6329166666666667,-64.26915600210452,-8.437663470957286
0.633125,-32.85018125320818,-7.261847089654146
0.6333333333333333,0.31492646322168233,-5.8116809106102485
0.6335416666666667,32.80242447844087,-4.245843608248092
0.63375,63.83799221656837,-2.5893606896769126
0.6339583333333333,92.27266353274504,-1.0821773901591227
0.6341666666666667,117.15146307292964,0.2523831864786614
0.634375,138.0023417997156,1.3094756025920855
0.6345833333333334,156.0223682510131,2.1150092159334464
0.6347916666666666,171.5846082416992,2.738053823684118
0.635,186.05709186981886,3.236401244155398
0.6352083333333334,200.34351851556607,3.7859425049685127
0.6354166666666666,214.74896468108747,4.366122608008335
0.635625,229.26333766800263,5.049295001034954
0.6358333333333334,244.43743021301322,5.822052774438921
0.6360416666666666,259.35889559932457,6.567592540436755
0.63625,272.7960513406588,7.372686877271082
0.6364583333333333,284.32713985322744,8.078133618721996
0.6366666666666667,293.9601637893766,8.690220877627027
0.636875,301.03069289808576,9.165780306134888
0.6370833333333333,305.77939760087025,9.540388333604819
0.6372916666666667,308.607017074734,9.877362732760012
0.6375,309.86596151605005,10.145112349365371
0.6377083333333333,308.735773956587,10.455536918208143
0.6379166666666667,306.5653118048245,10.778589488349345
0.638125,301.1919481779945,11.101189653972872
0.6383333333333333,293.99807029443815,11.347924008790581
0.6385416666666667,284.6127547556313,11.525394963635028
0.63875,272.9729681745797,11.54932468859486
0.6389583333333333,259.48665195774186,11.424561477277967
0.6391666666666667,245.18249165612207,11.218678620430993
0.639375,229.28556731779557,10.912207256646846
0.6395833333333333,214.71476151455013,10.6414980716347
0.6397916666666666,200.0395662969044,10.39878806699854
0.64,185.4420716390759,10.271477460846048
0.6402083333333334,171.64657199704052,10.215195570622432
0.6404166666666666,156.21794832044165,10.199372885432467
0.640625,137.88142619807405,10.117354391856136
0.6408333333333334,117.09901703163808,9.832510607115452
0.6410416666666666,91.96438673943581,9.309811810207346
0.64125,63.74574159900707,8.429582093635272
0.6414583333333334,33.09418899949479,7.269835269446938
0.6416666666666667,-0.11660412651145136,5.80314917274337
0.641875,-33.10938234881938,4.222828184261425
0.6420833333333333,-64.00307812279739,2.5874169030962286
0.6422916666666667,-92.52632841280113,1.0936959950716545
0.6425,-117.21895591304335,-0.25592312786772714
0.6427083333333333,-137.91088879259695,-1.3166927925162586
0.6429166666666667,-156.19147576997818,-2.115602271110999
0.643125,-171.6802386046788,-2.752891108172461
0.6433333333333333,-185.79632607668367,-3.2796024688027168
0.6435416666666667,-199.74527619980788,-3.7677595973615294
0.64375,-214.19045992462563,-4.356744320726847
0.6439583333333333,-229.663162864133,-5.037812325879116
0.6441666666666667,-244.42896958292496,-5.7960840662119475
0.644375,-259.5738740418097,-6.601939515505347
0.6445833333333333,-272.4522928432451,-7.35375849213829
0.6447916666666667,-284.8951642913154,-8.100300203893608
0.645,-293.7384670352228,-8.707465278272544
0.6452083333333334,-301.3134426581954,-9.153638518999312
0.6454166666666666,-305.44404792211094,-9.547135899051169
0.645625,-308.53813426406,-9.8313670620068
0.6458333333333334,-309.82535293582254,-10.169526647114802
0.6460416666666666,-308.816524066159,-10.458463977522745
0.64625,-305.75206423450385,-10.777719907456882
0.6464583333333334,-300.8861600270876,-11.11441460526706
0.6466666666666666,-294.0882656358538,-11.377496673547846
0.646875,-284.6005569647251,-11.51500303800316
0.6470833333333333,-272.71925692181543,-11.543183662745756
0.6472916666666667,-259.34488886169294,-11.457518355498529
0.6475,-244.98669003948908,-11.222498661164723
0.6477083333333333,-229.70014094020183,-10.951146214645464
0.6479166666666667,-214.44122001421476,-10.61662755836454
0.648125,-199.68375804337268,-10.405641222663546
0.6483333333333333,-185.430850468683,-10.274272640484037
0.6485416666666667,-171.25901494632086,-10.249008968158202
0.64875,-155.82921973999046,-10.215950118836904
0.6489583333333333,-137.9085168275182,-10.113840305952573
0.6491666666666667,-117.26793821115729,-9.848765504601587
0.649375,-92.43403304501498,-9.300268089636894
0.6495833333333333,-64.26647589425475,-8.433021276151184
0.6497916666666667,-33.14436725776057,-7.224405322424544
0.65,0.08338725290154239,-5.812148015604352
0.6502083333333334,32.878559931728226,-4.193321946216625
0.6504166666666666,64.23235633504625,-2.598951846614003
0.650625,92.53225326265222,-1.0960058837962467
0.6508333333333334,117.16191156643538,0.2333275872734577
0.6510416666666666,138.23487446543996,1.270584315148722
0.65125,155.89037165618592,2.1065791099288407
0.6514583333333334,171.55712015031787,2.7204151320845047
0.6516666666666666,185.6533099740422,3.2295473745847443
0.651875,200.0800551289082,3.8031232359564555
0.6520833333333333,214.66710442132344,4.34861821312925
0.6522916666666667,229.32947707701743,5.006052821684062
0.6525,244.67627184940673,5.803752204110181
0.6527083333333333,259.22193784103735,6.582051735102482
0.6529166666666667,272.7772185058361,7.39486652016051
0.653125,284.3304891961892,8.078266703259006
0.6533333333333333,294.3870304692141,8.679519804447446
0.6535416666666667,301.41574242516896,9.170751753903657
0.65375,306.08171799936633,9.552797855411491
0.6539583333333333,309.179013434259,9.873475923399155
0.6541666666666667,309.5240373793284,10.160287445452058
0.654375,309.44390505005043,10.479082991042496
0.6545833333333333,305.8904771819709,10.80513729651958
0.6547916666666667,301.21311946943024,11.109603104862682
0.655,293.971142259436,11.364212990330284
0.6552083333333333,284.7048029249856,11.504444111743522
0.6554166666666666,273.1177489119455,11.560794653866214
0.655625,259.34935937017906,11.436991809474963
0.6558333333333334,245.10749378644084,11.199367888834963
0.6560416666666666,229.55668475519644,10.932266260025012
0.65625,214.5676213465271,10.60414085668052
0.6564583333333334,199.76037922387636,10.42637435949713
0.6566666666666666,185.93947084336003,10.271506284990025
0.656875,171.42039049630753,10.22840007937019
0.6570833333333334,155.7489824979109,10.193552921822558
0.6572916666666667,137.90160169698038,10.081664828576345
0.6575,117.76919134354817,9.83658647212252
0.6577083333333333,92.32985599240027,9.307056804372909
0.6579166666666667,63.69619685871882,8.45191667974653
0.658125,32.6576262401662,7.2554790129878866
0.6583333333333333,-0.012891959869556418,5.778959662535409
0.6585416666666667,-32.695514846934756,4.186928065994006
0.65875,-63.921744083472454,2.6172825493166103
0.6589583333333333,-92.22657166699092,1.0544936493146801
0.6591666666666667,-117.2624655752686,-0.21720637010078958
0.659375,-138.01061018813502,-1.3085614419775897
0.6595833333333333,-156.12005729627464,-2.1090958510673823
0.6597916666666667,-171.60880804726966,-2.7227438200583243
0.66,-186.0642733183421,-3.2711643620848663
0.6602083333333333,-200.284725861149,-3.753199631732151
0.6604166666666667,-214.23394762777954,-4.35554571345446
0.660625,-229.3247445087937,-5.023704348533859
0.6608333333333334,-244.4191474821624,-5.794293732372772
0.6610416666666666,-259.3680102019374,-6.583100146235251
0.66125,-272.71464325525204,-7.35483213855762
0.6614583333333334,-285.05204388612833,-8.09123690734374
0.6616666666666666,-293.8548148584071,-8.661687577939906
0.661875,-301.1050411739879,-9.174753215387181
0.6620833333333334,-305.79058213577304,-9.532438124110728
0.6622916666666666,-308.5909586215105,-9.854611952295336
0.6625,-309.8181125921047,-10.177662293623255
0.6627083333333333,-309.06047439012053,-10.467946594649693
0.6629166666666667,-306.1253730773565,-10.793842378348026
0.663125,-301.0080918111712,-11.119392450428352
0.6633333333333333,-293.89806388412666,-11.360982825516182
0.6635416666666667,-284.95370710431433,-11.523929192775473
0.66375,-273.1541200218369,-11.552895845723993
0.6639583333333333,-259.5586473899348,-11.437387866023794
0.6641666666666667,-244.75264008972533,-11.20692228050408
0.664375,-229.8374101417533,-10.918615258889817
0.6645833333333333,-214.8555129415371,-10.623460849749007
0.6647916666666667,-200.19308747160295,-10.411372527952016
0.665,-185.8132826156624,-10.231988241797403
0.6652083333333333,-171.74904588645614,-10.244777305374662
0.6654166666666667,-155.92999330773483,-10.208249624699063
0.665625,-137.8310820949771,-10.114257053832757
0.6658333333333334,-117.4266954329652,-9.808073219384609
0.6660416666666666,-92.44733674454172,-9.321837650519045
0.66625,-63.80425403049042,-8.435384463581151
0.6664583333333334,-32.93674870268345,-7.2547235999884885
0.6666666666666666,-0.14341742270803526,-5.806843725583138
0.666875,33.12305555866176,-4.191507838723778
0.6670833333333334,63.983892694167885,-2.5682648145635363
0.6672916666666666,92.67184906124344,-1.0776460414686275
0.6675,117.20849184637994,0.24152237371619403
0.6677083333333333,138.0100091357878,1.2665886104342987
0.6679166666666667,156.0209650628927,2.107845407549116
0.668125,171.53400967997408,2.720212102534659
0.6683333333333333,186.09006677997147,3.2560657089968967
0.6685416666666667,199.8505422630369,3.7518022807964453
0.66875,214.5103015166933,4.362754723126446
0.6689583333333333,229.48151851414127,5.005168580794935
0.6691666666666667,244.83935086006431,5.792503896354229
0.669375,259.1215436698297,6.574583366645013
0.6695833333333333,273.16308944203035,7.365769414128503
0.6697916666666667,284.7283037280045,8.106588599817174
0.67,293.7413554695119,8.696452038989944
0.6702083333333333,301.45138683786115,9.182817325326734
0.6704166666666667,306.5058828060107,9.567295471688606
0.670625,308.9364229386599,9.850356086731866
0.6708333333333333,309.9280949952771,10.184118137469765
0.6710416666666666,308.7073072916738,10.449171155376407
0.67125,305.5319833058753,10.805144372434015
0.6714583333333334,300.688291018701,11.099194502065101
0.6716666666666666,294.1343572488867,11.35239835988965
0.671875,284.4637268330335,11.535340583976623
0.6720833333333334,272.6802011103939,11.565981314391886
0.6722916666666666,259.36215179745415,11.450088229787593
0.6725,244.81721014662017,11.208795024953574
0.6727083333333334,229.13370804735172,10.915079124091159
0.6729166666666667,214.38778059493347,10.633461359959789
0.673125,200.36509631827758,10.406270275899244
0.6733333333333333,185.56602397967094,10.279960721763352
0.6735416666666667,171.67133759830512,10.226697298609315
0.67375,155.77985973985042,10.21212034090806
0.6739583333333333,138.23216873897766,10.082262805165875
0.6741666666666667,117.37558237540769,9.83671151847314
0.674375,92.5810457466986,9.281277933362025
0.6745833333333333,64.28773311447584,8.445923828314845
0.6747916666666667,32.54428322173368,7.28307846360171
0.675,0.2784149266939114,5.804736488424693
0.6752083333333333,-33.04535488375159,4.211961766616961
0.6754166666666667,-63.99555777252365,2.597849555683342
0.675625,-92.3311637581795,1.0398658450950733
0.6758333333333333,-116.97996985888562,-0.246443769206215
0.6760416666666667,-138.01148113000417,-1.2890824060276695
0.67625,-156.11199492487367,-2.1498139333061297
0.6764583333333334,-171.791364154586,-2.7467740713482933
0.6766666666666666,-185.61675890473362,-3.242348575785675
0.676875,-199.9411700031158,-3.7620379052616273
0.6770833333333334,-214.21265578976153,-4.351066865415245
0.6772916666666666,-229.50808066758125,-5.017384146629008
0.6775,-245.0146049148264,-5.787053063736091
0.6777083333333334,-259.136306048193,-6.584650026928935
0.6779166666666666,-273.0014378323801,-7.3832488352877705
0.678125,-284.5262206706096,-8.087530428035379
0.6783333333333333,-294.2324515950417,-8.697118825597574
0.6785416666666667,-300.7382457039291,-9.14662702809864
0.67875,-306.16650074185696,-9.521076173558523
0.6789583333333333,-308.7703218848006,-9.84124997532877
0.6791666666666667,-309.5444866277961,-10.167755193958218
0.679375,-308.9590100280461,-10.485460350809504
0.6795833333333333,-305.8647296536632,-10.77479826250471
0.6797916666666667,-300.74634351212455,-11.098435959745052
0.68,-294.1932022780907,-11.36142409690637
0.6802083333333333,-284.51293583021385,-11.53562801724125
0.6804166666666667,-273.5962040264796,-11.545422084324949
0.680625,-259.38757076856484,-11.452638374882833
0.6808333333333333,-244.74157439614967,-11.196061191279158
0.6810416666666667,-229.70152183464285,-10.892416464077122
0.68125,-214.2296373825926,-10.601092678015565
0.6814583333333334,-200.0691895679067,-10.391085953954951
0.6816666666666666,-185.87921544649586,-10.292570707413793
0.681875,-171.54819552021246,-10.220677354728407
0.6820833333333334,-156.3802463981877,-10.167383357379691
0.6822916666666666,-138.3787169090371,-10.119700096120782
0.6825,-116.86097712706366,-9.839568344192863
0.6827083333333334,-92.92321296666532,-9.280832765492509
0.6829166666666666,-64.25202205133024,-8.432516289219768
0.683125,-32.93211161917381,-7.2212471660972755
0.6833333333333333,0.4359054668095829,-5.822840800902613
0.6835416666666667,33.024332546472955,-4.224899322948387
0.68375,63.92115058213928,-2.568140373422651
0.6839583333333333,92.72185372922286,-1.0888198684948176
0.6841666666666667,116.91612154348323,0.23566059214207885
0.684375,138.34799524993596,1.2935654427430898
0.6845833333333333,155.56132311876434,2.121898854522222
0.6847916666666667,171.72221175946248,2.7413359634726313
0.685,185.7333126633533,3.26571741909894
0.6852083333333333,199.7305025872639,3.771046395600023
0.6854166666666667,214.4457140967311,4.374906699112034
0.685625,229.56623347896831,5.0910044718692795
0.6858333333333333,244.53962671702416,5.800648858736237
0.6860416666666667,259.51632684494194,6.594476033653706
0.68625,272.76309670905295,7.3590460850904496
0.6864583333333333,284.76681463344397,8.079705396539202
0.6866666666666666,294.181142253427,8.684427616291885
0.686875,301.134090367812,9.157560274657538
0.6870833333333334,305.83701395772096,9.543658397183316
0.6872916666666666,308.72384964521336,9.888618908490992
0.6875,309.7089122392289,10.180341066293657
0.6877083333333334,309.20141423445574,10.468771249472201
0.6879166666666666,306.1822146412605,10.775828668245602
0.688125,301.3933186189414,11.126655082427593
0.6883333333333334,294.8427147866359,11.36561704792746
0.6885416666666667,284.74071115415643,11.500226029582995
0.68875,273.03000605779806,11.562493493291724
0.6889583333333333,259.5538422370262,11.451744504251476
0.6891666666666667,244.4110723302619,11.169183500546206
0.689375,229.38592202493663,10.900731444939213
0.6895833333333333,214.37345768332932,10.623901551004586
0.6897916666666667,200.14953214180883,10.41273147843634
0.69,185.79130243416833,10.264104185400118
0.6902083333333333,171.48845315788654,10.21115517816305
0.6904166666666667,156.1729060852863,10.210386122285767
0.690625,138.31150798368273,10.099646086664343
0.6908333333333333,117.06082024785292,9.846811440357772
0.6910416666666667,92.22822653071063,9.28536289594451
0.69125,64.34426189682212,8.421488302761745
0.6914583333333333,33.02565440033256,7.269778548328265
0.6916666666666667,-0.40156420458075204,5.815635558807975
0.691875,-32.910470089798224,4.223889822162186
0.6920833333333334,-64.01906434841587,2.5785133599454624
0.6922916666666666,-92.20101787565989,1.0589551095338072
0.6925,-116.8737251248701,-0.21820132866102102
0.6927083333333334,-138.02474379872004,-1.3173945223764245
0.6929166666666666,-155.75473054740348,-2.0875871017836034
0.693125,-171.43786310091792,-2.7123143733398996
0.6933333333333334,-186.00330899676317,-3.2459601026721887
0.6935416666666666,-200.05294474525843,-3.787399971523688
0.69375,-214.4952522033369,-4.368929496376504
0.6939583333333333,-229.5055672465406,-5.033767947823203
0.6941666666666667,-245.13470705076494,-5.809705222404843
0.694375,-259.4772093021724,-6.6074063605216535
0.6945833333333333,-272.8947937667025,-7.3688430152830895
0.6947916666666667,-284.6820640329383,-8.079527381565667
0.695,-294.1322926867963,-8.703376892199143
0.6952083333333333,-301.0273232887918,-9.155437449232306
0.6954166666666667,-306.21709883257046,-9.537085015114718
0.695625,-309.09297499976134,-9.839300373520487
0.6958333333333333,-309.65839125117964,-10.153096515905167
0.6960416666666667,-308.49493584489846,-10.455275024413167
0.69625,-305.5254712759394,-10.78679670355192
0.6964583333333333,-300.9537890717162,-11.091895631138666
0.6966666666666667,-294.4376526778868,-11.385659619377686
0.696875,-284.6698133448088,-11.52794970282356
0.6970833333333334,-272.8446865847031,-11.55239178303793
0.6972916666666666,-259.3334406892167,-11.440015453191984
0.6975,-244.52848768642497,-11.198913827165413
0.6977083333333334,-229.72615967065767,-10.90358406975376
0.6979166666666666,-214.48376422811612,-10.619674505018192
0.698125,-199.88254794004988,-10.404367972984838
0.6983333333333334,-185.62842833640045,-10.282876335367177
0.6985416666666666,-171.65532684317395,-10.207179515580377
0.69875,-155.98733164705033,-10.194232591291362
0.6989583333333333,-138.7716747190415,-10.121950130140185
0.6991666666666667,-117.2566159904944,-9.84158593372406
0.699375,-92.52682902817675,-9.328185125934858
0.6995833333333333,-64.31533934095543,-8.441242738835244
0.6997916666666667,-32.79077856752861,-7.261425210102904
0.7,-0.013986358033715174,-5.820464764409938
0.7002083333333333,32.267378135695594,-4.186283983315671
0.7004166666666667,64.11432020624201,-2.6038445667526
0.700625,92.1636442722394,-1.0602857947959006
0.7008333333333333,117.22267273839985,0.2714127343879943
0.7010416666666667,137.77525748707876,1.3107091594720912
0.70125,155.908544064874,2.105885930689726
0.7014583333333333,171.3831064692895,2.7151109143607486
0.7016666666666667,185.91062154596537,3.2384305127377733
0.701875,200.01880296690817,3.770909583344037
0.7020833333333333,214.43620895623826,4.346376627816735
0.7022916666666666,229.11282935553288,5.0198239075942
0.7025,244.29401183378621,5.785384925420106
0.7027083333333334,259.2318667336759,6.591447244147558
0.7029166666666666,272.90677520898157,7.385792208869805
0.703125,284.45965954816586,8.070700674987345
0.7033333333333334,294.2268897205653,8.677399612859235
0.7035416666666666,301.07951590168443,9.163184197019092
0.70375,305.70610635461657,9.540967286799773
0.7039583333333334,308.61644037302705,9.889495022950408
0.7041666666666667,309.62781376254964,10.165117261423894
0.704375,308.7671856259795,10.446949893039745
0.7045833333333333,306.41695431880805,10.800225587839563
0.7047916666666667,300.98209379649154,11.11477952362535
0.705,294.05221707252554,11.364475941605647
0.7052083333333333,284.71825252166565,11.507922585851034
0.7054166666666667,272.90298944017337,11.578177861944042
0.705625,259.2526839319523,11.420310945284216
0.7058333333333333,244.27599953057702,11.215483709716539
0.7060416666666667,229.36918879428228,10.916100522507246
0.70625,214.23157439681597,10.634570519409536
0.7064583333333333,199.55597697722433,10.427316683629092
0.7066666666666667,185.6359263642989,10.280264967251483
0.706875,171.19212437131935,10.215257343286993
0.7070833333333333,156.04698906657697,10.216068467667494
0.7072916666666667,138.24599325836556,10.097204430513438
0.7075,116.87528067620757,9.841133990770286
0.7077083333333334,92.3306681472967,9.282639376649087
0.7079166666666666,63.59588254838892,8.426274079640521
0.708125,32.7085966175457,7.25922031102071
0.7083333333333334,0.09974547517918449,5.817369060782403
0.7085416666666666,-32.625947132682214,4.184517126822502
0.70875,-64.23870498433465,2.5939615654797303
0.7089583333333334,-92.13276158980098,1.05859025442242
0.7091666666666666,-117.48017347897779,-0.21941679173883014
0.709375,-138.40762724879454,-1.2998296073486204
0.7095833333333333,-155.72362696382916,-2.123213346464369
0.7097916666666667,-171.0361169943786,-2.730984875583019
0.71,-185.71148807767034,-3.2726049704022957
0.7102083333333333,-199.9977142441389,-3.758048681647319
0.7104166666666667,-215.0487959366344,-4.356673685712936
0.710625,-230.00250919804265,-5.032892260574432
0.7108333333333333,-244.63096144043652,-5.781402611968671
0.7110416666666667,-259.4673541358399,-6.608055162128684
0.71125,-273.18530397550927,-7.397851334485446
0.7114583333333333,-284.59533838975807,-8.083142344587621
0.7116666666666667,-294.04180389603584,-8.704128330420904
0.711875,-300.9132171643529,-9.182079430567677
0.7120833333333333,-305.9132089650559,-9.53134822423255
0.7122916666666667,-308.3788658541895,-9.854072705689301
0.7125,-309.56935029608326,-10.180441005669891
0.7127083333333334,-308.7147981949748,-10.48044078086321
0.7129166666666666,-305.6812814892503,-10.80750884075498
0.713125,-301.39393135150186,-11.079949778313434
0.7133333333333334,-293.3669748746005,-11.352762705615797
0.7135416666666666,-284.51790716542854,-11.53243620865719
0.71375,-272.8136378667583,-11.54316412117434
0.7139583333333334,-259.2465644749485,-11.45670199677691
0.7141666666666666,-244.19402970583192,-11.21566181888808
0.714375,-229.29877058111856,-10.911526815581956
0.7145833333333333,-214.90126399475884,-10.61877489993714
0.7147916666666667,-199.63676105130597,-10.403175701649271
0.715,-185.92007021958088,-10.268120181508747
0.7152083333333333,-171.4271085333135,-10.222462259793312
0.7154166666666667,-156.22085592328727,-10.201932244570855
0.715625,-137.96416979448335,-10.111113106146984
0.7158333333333333,-117.2640940711231,-9.84507459368959
0.7160416666666667,-92.37068289544293,-9.29855656814001
0.71625,-64.13146796526071,-8.435611064212694
0.7164583333333333,-32.35092840466168,-7.255474123454507
0.7166666666666667,0.4955650750289619,-5.829526715903893
0.716875,32.843809897634834,-4.22503690393032
0.7170833333333333,64.0764376417493,-2.580519027870751
0.7172916666666667,92.30236456336061,-1.048806589560505
0.7175,117.37775207147168,0.2408983438970719
0.7177083333333333,138.0134903314223,1.2883751147289313
0.7179166666666666,155.79570811158666,2.109724119253157
0.718125,171.69854551742327,2.7150696226142434
0.7183333333333334,185.70027130089468,3.2784955927344472
0.7185416666666666,199.97818988889003,3.7798817709362913
0.71875,214.10467230461433,4.346639780627303
0.7189583333333334,229.67294502032257,5.028115179237186
0.7191666666666666,245.14853055945358,5.78237408377158
0.719375,259.55814481164504,6.6126560001928745
0.7195833333333334,273.27429497185807,7.375480428313812
0.7197916666666667,284.4001960009211,8.091598104470942
0.72,294.12966780842515,8.696239166650853
0.7202083333333333,300.9135311503966,9.154467779205035
0.7204166666666667,305.89041814941504,9.546805206693058
0.720625,308.8790173156102,9.866065200879829
0.7208333333333333,309.59680395674627,10.138322380217858
0.7210416666666667,308.33280419062356,10.474944187550713
0.72125,305.6186022594263,10.793266436441526
0.7214583333333333,300.80403014861423,11.108544062165889
0.7216666666666667,294.1934498854103,11.366887307731616
0.721875,285.12769516887784,11.530011084061398
0.7220833333333333,273.2494597409688,11.571867189899553
0.7222916666666667,258.90384216866704,11.418666592806797
0.7225,245.01858280917313,11.200439841587615
0.7227083333333333,229.73099753830334,10.923099044005813
0.7229166666666667,214.1136750136173,10.632772249190083
0.723125,199.91182824332301,10.408604898066724
0.7233333333333334,186.10872667759662,10.313144042404648
0.7235416666666666,171.59150567924874,10.232849339554402
0.72375,155.57376866714904,10.216442650484382
0.7239583333333334,138.24840583796632,10.102064841381354
0.7241666666666666,116.56687534958952,9.82378693499103
0.724375,92.34001976098685,9.29732086933054
0.7245833333333334,64.34493240627529,8.452452700621004
0.7247916666666666,32.83678015899307,7.26455192878697
0.725,-0.12473438750238156,5.817896530711992
0.7252083333333333,-32.60984504163379,4.206837820361361
0.7254166666666667,-63.816755260153705,2.580895215676775
0.725625,-92.06821538170881,1.0681838304073872
0.7258333333333333,-116.88266489148093,-0.22774498022100517
0.7260416666666667,-137.82537660053282,-1.281939229494054
0.72625,-155.71781529087474,-2.121452637165994
0.7264583333333333,-171.38751513923626,-2.720686805560782
0.7266666666666667,-185.81246882478024,-3.268622263847625
0.726875,-200.0469435772733,-3.7700490339909103
0.7270833333333333,-214.8030920732648,-4.359561124962698
0.7272916666666667,-229.73572531124364,-5.007130282989793
0.7275,-244.73381744514015,-5.796550746687135
0.7277083333333333,-259.31747542854237,-6.590301772927143
0.7279166666666667,-272.548642030476,-7.369415132292517
0.728125,-284.6221708419315,-8.102377001030908
0.7283333333333334,-293.81971766519996,-8.68872612563262
0.7285416666666666,-300.87949221738177,-9.169578051530925
0.72875,-306.0052212352303,-9.55160676695186
0.7289583333333334,-308.5372918934309,-9.868544512361359
0.7291666666666666,-309.6322308139017,-10.144953343560962
0.729375,-308.35543047275524,-10.480132001240415
0.7295833333333334,-305.7883987012444,-10.785456749175884
0.7297916666666666,-301.4469420701652,-11.101875642753495
0.73,-294.0302055748808,-11.387307563765924
0.7302083333333333,-284.19969349450696,-11.51833599439054
0.7304166666666667,-272.9541529386062,-11.57300973966069
0.730625,-259.26590971092185,-11.426937826565519
0.7308333333333333,-244.5268441152234,-11.21318000126713
0.7310416666666667,-229.75605315883206,-10.912974255772317
0.73125,-214.3723230126969,-10.644972560418518
0.7314583333333333,-200.33608743551042,-10.399878079912545
0.7316666666666667,-185.99125210132382,-10.257936127899923
0.731875,-171.18496655964418,-10.235741788112998
0.7320833333333333,-155.81185335767157,-10.208586089832755
0.7322916666666667,-138.17183975095622,-10.09985160691065
0.7325,-116.98963524328458,-9.831486345744539
0.7327083333333333,-92.41074836688738,-9.338548320245756
0.7329166666666667,-64.05729858834206,-8.41154220259428
0.733125,-32.66797697340188,-7.2505212087105235
0.7333333333333333,-0.1818419351813082,-5.801393980217507
0.7335416666666666,32.8422657064844,-4.212206092862329
0.73375,63.982376165269415,-2.6143325575875456
0.7339583333333334,91.99932446129166,-1.060760858152124
0.7341666666666666,116.87113655954401,0.2301342915507847
0.734375,138.48777191076633,1.3027091163285816
0.7345833333333334,155.99722325888982,2.1030769963673803
0.7347916666666666,171.12300022616373,2.735692534638926
0.735,185.4497574807579,3.247236499665122
0.7352083333333334,199.9595876724706,3.7900486929087056
0.7354166666666667,214.89029663329129,4.338855953233753
0.735625,229.45020790033453,5.064300652608264
0.7358333333333333,244.9900637130049,5.823848856777123
0.7360416666666667,259.4658211611557,6.617471444322959
0.73625,273.02665779442924,7.397646214441926
0.7364583333333333,284.27779140763363,8.087999392905417
0.7366666666666667,294.3049674683588,8.705131470387537
0.736875,301.0655881221689,9.164136630787247
0.7370833333333333,306.163132649214,9.520596801567397
0.7372916666666667,308.4824219507765,9.8844966885495
0.7375,309.61561114034794,10.178565929477033
0.7377083333333333,308.77396518475797,10.470683653604354
0.7379166666666667,305.90885120666786,10.775575103555617
0.738125,301.25045742976005,11.097801557635384
0.7383333333333333,294.00398746912396,11.339035678256081
0.7385416666666667,284.44945659670634,11.54029974875639
0.73875,273.3102160256706,11.52775740701146
0.7389583333333334,259.64007668503683,11.440661667040075
0.7391666666666666,244.4730976383988,11.192916726403514
0.739375,229.63900851044139,10.891699212896272
0.7395833333333334,214.3143302863283,10.629133687573416
0.7397916666666666,199.69145748658892,10.396706823986959
0.74,186.0932984350741,10.284413220750794
0.7402083333333334,171.02787239510724,10.204623227661727
0.7404166666666666,156.13275640864475,10.188118863858461
0.740625,138.0325397208652,10.070856289136703
0.7408333333333333,117.04836384784518,9.805915420364649
0.7410416666666667,92.49816310983823,9.329008516918863
0.74125,64.2057429169103,8.473027271711867
0.7414583333333333,32.62559581090188,7.259840404043257
0.7416666666666667,0.1794314021847105,5.7994903286648345
0.741875,-32.803838970584295,4.205576252280299
0.7420833333333333,-64.37445691213415,2.5996058679967007
0.7422916666666667,-92.43819392583251,1.0631658537737836
0.7425,-116.75593074471327,-0.23504760396841026
0.7427083333333333,-137.67657159945043,-1.2947414816736535
0.7429166666666667,-155.7217053158396,-2.1148912024725033
0.743125,-171.75148317355342,-2.7400148351419773
0.7433333333333333,-185.7121943491033,-3.2544616323108593
0.7435416666666667,-199.77491342153277,-3.7917361808143304
0.74375,-214.31857300416607,-4.349905698641237
0.7439583333333334,-229.30065886186256,-5.037690795622916
0.7441666666666666,-244.57249805485102,-5.788369117683054
0.744375,-259.395941553147,-6.57222151204771
0.7445833333333334,-273.0609370539512,-7.381036910334103
0.7447916666666666,-285.0862054145917,-8.075470553176398
0.745,-293.9856762962388,-8.714513762639328
0.7452083333333334,-301.1028079205788,-9.17263472346636
0.7454166666666666,-305.8079655751008,-9.543484235384533
0.745625,-309.0203503695961,-9.833098707150931
0.7458333333333333,-309.4100946311417,-10.191032843781997
0.7460416666666667,-308.1723281726176,-10.47259688814755
0.74625,-305.92774700311475,-10.772102534652001
0.7464583333333333,-301.1647374612932,-11.118369873863163
0.7466666666666667,-293.9933361489002,-11.369545444185622
0.746875,-284.1036372787883,-11.521147451191078
0.7470833333333333,-273.1647571203997,-11.549039413208678
0.7472916666666667,-259.32703673510105,-11.41287264685623
0.7475,-244.8632281802368,-11.19884501946914
0.7477083333333333,-229.6336486142452,-10.893183171138345
0.7479166666666667,-214.5123975769773,-10.630958486533997
0.748125,-199.6507978370936,-10.412821695935381
0.7483333333333333,-185.3845984245552,-10.2752262320648
0.7485416666666667,-171.34186176536514,-10.24102385309318
0.74875,-155.99519111099704,-10.192225908097395
0.7489583333333333,-137.47253558236525,-10.112459093955536
0.7491666666666666,-117.20813911893451,-9.848757454099013
0.749375,-92.5385092835265,-9.294555754624993
0.7495833333333334,-64.5041789750607,-8.45892903472017
0.7497916666666666,-32.48315871277821,-7.246891977756226
0.75,0.24206139809126087,-5.819022820980941
0.7502083333333334,33.43663298911597,-4.192666539501435
0.7504166666666666,63.71306237585833,-2.5923933186331416
0.750625,92.76026800680317,-1.0614030440729816
0.7508333333333334,117.11878437819158,0.24130554758051626
0.7510416666666667,138.2972453532092,1.3057086690219852
0.75125,155.4890981449629,2.1080082158033417
0.7514583333333333,171.8209177571749,2.70717098276687
0.7516666666666667,186.03147526255788,3.27399334847506
0.751875,199.97790113879776,3.7757676149315063
0.7520833333333333,214.6612781719084,4.368524379985769
0.7522916666666667,229.30552360878278,5.040970808381613
0.7525,244.51845380325435,5.77868018003693
0.7527083333333333,259.2619773150408,6.5792590194631115
0.7529166666666667,272.44566321455005,7.388344356177331
0.753125,284.82716115851787,8.084718882838192
0.7533333333333333,294.368485141468,8.701679708993376
0.7535416666666667,300.9739850940478,9.16290626411852
0.75375,306.03441028979637,9.559250711362704
0.7539583333333333,308.6195793276163,9.868298234602294
0.7541666666666667,309.65341729399074,10.165953187438713
0.754375,308.5290701359713,10.465543572237992
0.7545833333333334,305.72650324678915,10.797439281626685
0.7547916666666666,301.4123398529961,11.124487358508278
0.755,294.05461909163995,11.365539630149131
0.7552083333333334,285.11724877267284,11.534091152622203
0.7554166666666666,272.92042267117415,11.55250244265818
0.755625,259.1463189583628,11.438228264629107
0.7558333333333334,244.97004904376237,11.231423287974104
0.7560416666666666,229.65459747508342,10.931125715036941
0.75625,214.68171821592068,10.626749418402067
0.7564583333333333,200.28527881721467,10.404930626085601
0.7566666666666667,185.67164700125807,10.261312326616196
0.756875,171.42208397426722,10.221042733498734
0.7570833333333333,155.85817997238314,10.20411955035381
0.7572916666666667,137.7730336647848,10.11943012610765
0.7575,117.03535296106591,9.849918934053077
0.7577083333333333,92.72982016940995,9.285396744930859
0.7579166666666667,64.11977773986843,8.456428039010833
0.758125,32.49566627313327,7.257117905773607
0.7583333333333333,-0.3889598529099494,5.7970428898186945
0.7585416666666667,-32.415987590396064,4.230098757224524
0.75875,-64.08302296649494,2.608451439909764
0.7589583333333333,-92.55757785635568,1.074837893806615
0.7591666666666667,-117.16974843982098,-0.2279802079451317
0.759375,-138.46504723759966,-1.2830384027856259
0.7595833333333334,-155.54526864285936,-2.0854224301288826
0.7597916666666666,-171.55216053591482,-2.7212009160708956
0.76,-185.4929956927788,-3.278776769547581
0.7602083333333334,-199.97471571889048,-3.746935742534095
0.7604166666666666,-214.14261700635873,-4.340696785483546
0.760625,-229.4327238092696,-5.038259974307072
0.7608333333333334,-244.4500056589415,-5.8057240033379225
0.7610416666666666,-259.198065206924,-6.585408749084611
0.76125,-272.75302241340705,-7.382687930231007
0.7614583333333333,-284.52473791566774,-8.084317687969115
0.7616666666666667,-294.12879941694854,-8.676482167182034
0.761875,-300.67046245859706,-9.174075906581585
0.7620833333333333,-306.1740937820849,-9.560641184591331
0.7622916666666667,-308.68488753568664,-9.856161390320867
0.7625,-309.5676273346686,-10.169634380362172
0.7627083333333333,-308.58535425793747,-10.468962303433084
0.7629166666666667,-306.0547276972865,-10.814102763970215
0.763125,-301.07063455509586,-11.110377308651202
0.7633333333333333,-294.11279738421985,-11.355628583663822
0.7635416666666667,-285.0072096643283,-11.517034548352184
0.76375,-272.9064571084031,-11.563632411077416
0.7639583333333333,-259.6529798017,-11.453883169527616
0.7641666666666667,-245.09691026527875,-11.205335671274037
0.764375,-229.4626791038658,-10.90468427261585
0.7645833333333333,-214.37802916449436,-10.619480734071255
0.7647916666666666,-199.85595413697223,-10.409396212431915
0.765,-185.6930533979657,-10.267373017532167
0.7652083333333334,-171.93704455674998,-10.201101974623516
0.7654166666666666,-156.24129666222257,-10.196401413230921
0.765625,-137.60233993981296,-10.13116814130142
0.7658333333333334,-117.36305268862766,-9.83563261552795
0.7660416666666666,-92.24301504715967,-9.271376276201307
0.76625,-64.23217761934069,-8.461084160247571
0.7664583333333334,-32.81226342028275,-7.2580036410370425
0.7666666666666667,-0.15831355057905086,-5.815242791649477
0.766875,32.972566893756365,-4.208614741772947
0.7670833333333333,64.09463674323382,-2.5835884726628273
0.7672916666666667,92.28365286153475,-1.053782109279757
0.7675,116.83870746869036,0.23988386127048683
0.7677083333333333,138.162663848377,1.3137090342741942
0.7679166666666667,155.597862730486,2.1045941775396653
0.768125,171.56076756203618,2.7268698923422523
0.7683333333333333,186.49146730198237,3.2488237006407834
0.7685416666666667,200.32517116031664,3.749826553331844
0.76875,214.6795869717236,4.360818360004643
0.7689583333333333,229.47549560960385,5.061427115555462
0.7691666666666667,244.17862566790538,5.7971531594116525
0.769375,259.0472668694681,6.603282160852944
0.7695833333333333,273.2295433939949,7.372318559780173
0.7697916666666667,284.41428251493284,8.085602617410064
0.77,293.89577371337583,8.702402892126033
0.7702083333333334,301.1079085125662,9.195709682865697
0.7704166666666666,305.6818479710993,9.566218783737979
0.770625,308.3792722626352,9.874027336784994
0.7708333333333334,309.5587302852751,10.1621608212241
0.7710416666666666,308.4630820826065,10.474299523933018
0.77125,305.7621048908673,10.78265025762425
0.7714583333333334,300.9540233749519,11.084872054964645
0.7716666666666666,294.20117679138525,11.349450886662874
0.771875,284.55369011234114,11.52687053648499
0.7720833333333333,272.8642021879973,11.547427157593104
0.7722916666666667,259.5270749427718,11.414317578417123
0.7725,244.62780392259927,11.205012275934358
0.7727083333333333,229.4273339919269,10.908323309704244
0.7729166666666667,214.6176125888932,10.607965628344942
0.773125,200.154678108391,10.39616112960731
0.7733333333333333,185.79807769984623,10.267026089158737
0.7735416666666667,171.47404924542124,10.214387749593733
0.77375,155.7055948728141,10.2133786360122
0.7739583333333333,137.8805495382279,10.078127398832759
0.7741666666666667,117.29353737410344,9.808893635738857
0.774375,92.5069608205645,9.302084917535838
0.7745833333333333,64.17426782353233,8.443215205891821
0.7747916666666667,32.90239519228476,7.264512738004919
0.775,0.011550818945060142,5.80376315752894
0.7752083333333334,-32.65807863236719,4.196284129087164
0.7754166666666666,-63.826666023665965,2.5863925129687746
0.775625,-92.16791830364464,1.0642580170406137
0.7758333333333334,-117.12644497759356,-0.2153460409044322
0.7760416666666666,-137.74897211653783,-1.2994135496654156
0.77625,-155.84392725981095,-2.1071567896970413
0.7764583333333334,-171.29580325337358,-2.6949906718582484
0.7766666666666666,-185.76432410201173,-3.261782848787216
0.776875,-199.92587697062757,-3.768740505790487
0.7770833333333333,-214.68393799756186,-4.346986997325008
0.7772916666666667,-229.32155972445108,-5.019646086572638
0.7775,-243.95199022592774,-5.785937318271281
0.7777083333333333,-259.47153723713967,-6.590073338624393
0.7779166666666667,-272.8910965011211,-7.377009015308387
0.778125,-284.72327285104774,-8.097907526812424
0.7783333333333333,-294.192591713307,-8.682750487758364
0.7785416666666667,-300.7632087619611,-9.135149590700152
0.77875,-306.11560229023917,-9.52573933606615
0.7789583333333333,-308.80448456461454,-9.857389897005604
0.7791666666666667,-309.9682220094033,-10.148796115561467
0.779375,-308.8753673774087,-10.484191378850179
0.7795833333333333,-306.3744595090473,-10.797860549728892
0.7797916666666667,-300.9913699566909,-11.092376820121238
0.78,-293.3706624324612,-11.344045354127493
0.7802083333333333,-284.7033912333773,-11.537686528548457
0.7804166666666666,-273.32553466321826,-11.559060866155734
0.780625,-259.15283855233923,-11.40363856707978
0.7808333333333334,-244.84504506439242,-11.204128207873628
0.7810416666666666,-229.17206070140392,-10.885749334980613
0.78125,-214.5705072619508,-10.62245550141498
0.7814583333333334,-200.14558256976434,-10.398021110531557
0.7816666666666666,-185.87933546366062,-10.276422747484386
0.781875,-171.2644531112856,-10.209498979570098
0.7820833333333334,-155.957897587928,-10.179111920286156
0.7822916666666667,-138.21990147472013,-10.122195955716396
0.7825,-117.15095839934328,-9.843967378882702
0.7827083333333333,-92.71368910107641,-9.288309452904125
0.7829166666666667,-63.961185313337204,-8.443716527617115
0.783125,-33.27886325354576,-7.265850292991824
0.7833333333333333,-0.11103036361218203,-5.796704627846378
0.7835416666666667,33.02202790729937,-4.193501188091835
0.78375,64.13620528465087,-2.593246886319466
0.7839583333333333,92.54330544818501,-1.0676961911511995
0.7841666666666667,117.08498908042394,0.2204849900354756
0.784375,138.3881568442591,1.2811179272591955
0.7845833333333333,156.13221722943456,2.1082214909031656
0.7847916666666667,171.56543255257347,2.732593045765694
0.785,186.0667325190455,3.2443583040101163
0.7852083333333333,200.17523453609786,3.7663432498976133
0.7854166666666667,214.39013412166,4.340705973276327
0.785625,229.16092270611318,5.037443009082054
0.7858333333333334,244.76840435611376,5.7607650393020515
0.7860416666666666,259.51436077615784,6.57780729209765
0.78625,273.1814631777503,7.350569906437755
0.7864583333333334,284.3776412162065,8.095552927337256
0.7866666666666666,293.8439789731041,8.660592266550605
0.786875,301.26429619806356,9.166055216239265
0.7870833333333334,305.92956778859764,9.568492424937148
0.7872916666666666,308.2145240436313,9.887050177058185
0.7875,309.66512584440903,10.13454494899539
0.7877083333333333,308.2228587175268,10.475629884243643
0.7879166666666667,305.71104539784477,10.779118297969946
0.788125,301.48724147470534,11.088697527248552
0.7883333333333333,294.52680649237186,11.364650812713412
0.7885416666666667,284.3078074428473,11.54454790332097
0.78875,272.8264972956212,11.560801924627821
0.7889583333333333,259.38849409921744,11.425632090060661
0.7891666666666667,245.10862055655602,11.216147636581171
0.789375,229.37368019708728,10.879444139592886
0.7895833333333333,214.38077899423482,10.614264174197396
0.7897916666666667,200.37481003712122,10.389355441596074
0.79,185.74114878653708,10.273015194545513
0.7902083333333333,171.63444772875218,10.220594887237795
0.7904166666666667,155.53175668897282,10.197356517136273
0.790625,138.05291211298618,10.104050129312492
0.7908333333333334,116.68635128903702,9.839016729214652
0.7910416666666666,92.13186685969681,9.310137595273769
0.79125,64.27024355270352,8.444013263442052
0.7914583333333334,32.81970525734056,7.254184233715871
0.7916666666666666,-0.0797764351378322,5.8178739843505225
0.791875,-33.01936901108322,4.222444839317509
0.7920833333333334,-64.11560723222503,2.5781618665986437
0.7922916666666666,-92.3204470131599,1.0699906481111348
0.7925,-116.85552144698475,-0.22118351352820034
0.7927083333333333,-138.75200697003297,-1.311091551075146
0.7929166666666667,-156.10898272380595,-2.079288479477205
0.793125,-171.41412324097405,-2.7522092685734423
0.7933333333333333,-185.85956185370685,-3.264041914554114
0.7935416666666667,-199.88678458687352,-3.791335708721905
0.79375,-214.4331149284611,-4.323862733872401
0.7939583333333333,-229.57311439978045,-5.038167361660835
0.7941666666666667,-244.7950271236571,-5.797792244600631
0.794375,-259.43921384087287,-6.598542181639527
0.7945833333333333,-272.6216595925184,-7.377079987537386
0.7947916666666667,-284.7947235181914,-8.094194244962813
0.795,-294.08628841870103,-8.689626571870194
0.7952083333333333,-301.1034855779905,-9.218517427556856
0.7954166666666667,-305.55727180334253,-9.543042167160966
0.795625,-308.761041510833,-9.861681568016799
0.7958333333333333,-309.33164713946775,-10.146055030571834
0.7960416666666666,-308.3779695954578,-10.451517825994953
0.79625,-305.9632981020586,-10.796768488336753
0.7964583333333334,-301.20200087626193,-11.094351131559163
0.7966666666666666,-294.15285015593565,-11.382876393736085
0.796875,-284.6756773185287,-11.514613400826637
0.7970833333333334,-272.69528521482175,-11.560394178501449
0.7972916666666666,-259.3200859741364,-11.454129666009868
0.7975,-244.60449139737258,-11.208355956793378
0.7977083333333334,-229.77820331163136,-10.89209267786315
0.7979166666666667,-214.7418725193504,-10.622843278123124
0.798125,-199.45176694130308,-10.379266492551247
0.7983333333333333,-185.87930250603966,-10.283071374876597
0.7985416666666667,-171.64759030041753,-10.207919540124493
0.79875,-155.54326763884524,-10.209260984099194
0.7989583333333333,-138.02526816184232,-10.103290992191877
0.7991666666666667,-116.95671176938806,-9.835430378169585
0.799375,-92.43023707375946,-9.292113254760501
0.7995833333333333,-64.14011148656265,-8.438012188751957
0.7997916666666667,-32.87457819821681,-7.269537279031455
0.8,-0.34568454258032044,-5.7986431558723
0.8002083333333333,32.81019975272875,-4.184078137247983
0.8004166666666667,64.13445148317061,-2.5952593062935767
0.800625,92.85834111341146,-1.098410170217059
0.8008333333333333,117.12275026484932,0.2461019054991091
0.8010416666666667,137.5121760384558,1.2895824350054128
0.80125,155.87754607205468,2.1043924695822747
0.8014583333333334,172.13877333478374,2.7404646102877046
0.8016666666666666,186.05143763347016,3.2520155589388593
0.801875,199.78490641155236,3.7730500791986064
0.8020833333333334,214.64777662859962,4.355179846071402
0.8022916666666666,229.3113940778195,5.052663420298391
0.8025,244.32486194476124,5.790730671313742
0.8027083333333334,259.2907461276378,6.574445846828504
0.8029166666666666,272.93172678978004,7.360575852438354
0.803125,284.14368265935616,8.091356067104106
0.8033333333333333,293.7832969152856,8.67069184979086
0.8035416666666667,301.1519050222832,9.142144725957452
0.80375,305.84531624181164,9.553432604564742
0.8039583333333333,308.7846672640595,9.872216143381982
0.8041666666666667,309.2676817216433,10.156111514524795
0.804375,308.86449288341123,10.475558629586358
0.8045833333333333,305.6514197615464,10.796774692078698
0.8047916666666667,301.5600047069721,11.11563085857384
0.805,293.6416471668286,11.375424110588405
0.8052083333333333,284.33858296736526,11.487036707154209
0.8054166666666667,273.0131878807357,11.548199557137323
0.805625,259.79389678132674,11.44412776681066
0.8058333333333333,244.74207458368406,11.199415277754442
0.8060416666666667,229.63761191409512,10.913642804160189
0.80625,214.50438422541794,10.636818860899293
0.8064583333333334,199.73102903397015,10.402927693265362
0.8066666666666666,185.712311487661,10.294459175427962
0.806875,171.1509198715201,10.240542100476963
0.8070833333333334,155.58136493830023,10.197700121246042
0.8072916666666666,138.19615752884545,10.103700229703364
0.8075,116.82045600308565,9.79592575902152
0.8077083333333334,92.4756138066238,9.297138097816177
0.8079166666666666,63.73498752586714,8.421474264660088
0.808125,32.90627736012775,7.261767954094381
0.8083333333333333,-0.12217064223017833,5.814140820820775
0.8085416666666667,-32.48052772166737,4.220490822503462
0.80875,-63.979513490033156,2.607452312037978
0.8089583333333333,-92.08677958167915,1.0704876476264993
0.8091666666666667,-117.29016217770086,-0.20440586729474688
0.809375,-138.08168446395752,-1.2910633692383473
0.8095833333333333,-156.146314219764,-2.126012258326647
0.8097916666666667,-171.55729861220186,-2.7405530220788394
0.81,-185.90037213040952,-3.264452645890987
0.8102083333333333,-200.16909320267328,-3.768200951501295
0.8104166666666667,-214.80387571471246,-4.370890387329266
0.810625,-229.85027676494215,-5.035086749470156
0.8108333333333333,-245.24825085358398,-5.792695231464534
0.8110416666666667,-259.64192508432006,-6.599702762655502
0.81125,-272.7519717058024,-7.366342798930333
0.8114583333333333,-285.0113461679681,-8.07964779745219
0.8116666666666666,-294.4126174494818,-8.670134762774492
0.811875,-300.70159648868133,-9.170544655978144
0.8120833333333334,-306.1064835482713,-9.525861651186077
0.8122916666666666,-308.60570294398275,-9.882408623628782
0.8125,-309.41076951684533,-10.182459327047738
0.8127083333333334,-308.52033291382867,-10.489360765510412
0.8129166666666666,-306.3279380934613,-10.793814692026508
0.813125,-301.2070860514659,-11.088558896035313
0.8133333333333334,-294.4751435552966,-11.375384993238885
0.8135416666666667,-284.0001420702438,-11.533273937041598
0.81375,-273.3075639959732,-11.555047310844111
0.8139583333333333,-259.6397985231603,-11.427766782136965
0.8141666666666667,-244.92346403837854,-11.212736506170632
0.814375,-229.87106255322027,-10.92110101893984
0.8145833333333333,-214.1618515225613,-10.645739290124448
0.8147916666666667,-199.38201667223063,-10.410289631434193
0.815,-185.95378335455166,-10.254178457875511
0.8152083333333333,-171.78400308822629,-10.222273416565475
0.8154166666666667,-156.46027380492757,-10.210576401194276
0.815625,-138.15674747864998,-10.088128762673437
0.8158333333333333,-117.18034185438536,-9.847458823130314
0.8160416666666667,-92.55854933653649,-9.28073629707737
0.81625,-64.0050994004331,-8.420719193382412
0.8164583333333333,-32.73338831939839,-7.257609336568936
0.8166666666666667,0.08077081447113656,-5.834326003064638
0.816875,32.753150387106714,-4.175710476931955
0.8170833333333334,63.78503775650865,-2.580693114116118
0.8172916666666666,92.56218357939483,-1.075739994441547
0.8175,117.10437893846259,0.25295403069586997
0.8177083333333334,138.31780968021081,1.3050846827211866
0.8179166666666666,156.09856131761333,2.1260230876696027
0.818125,171.0984567842527,2.7221867271219162
0.8183333333333334,185.4762905228559,3.263638546577792
0.8185416666666666,199.7987434678129,3.7592948053147985
0.81875,214.23593364792544,4.366676654761841
0.8189583333333333,229.68571037803073,5.030272930683925
0.8191666666666667,244.7511412436534,5.7944947660848865
0.819375,259.65263446688846,6.590785704683006
0.8195833333333333,273.0079668843198,7.374749197346496
0.8197916666666667,284.66388393043025,8.076244150668805
0.82,294.37051918300483,8.699489723021394
0.8202083333333333,301.26675296642316,9.187924838812576
0.8204166666666667,305.96438477667226,9.535549539317472
0.820625,309.05607770475456,9.870251774913347
0.8208333333333333,309.60014402425867,10.168116316902978
0.8210416666666667,308.6098792950435,10.471275207389484
0.82125,305.73790372111887,10.771053931415272
0.8214583333333333,301.32507749625177,11.087070607517669
0.8216666666666667,294.3798493733805,11.354638132762114
0.821875,284.5990746846053,11.494038465113432
0.8220833333333334,273.2358240859153,11.57292750246294
0.8222916666666666,258.8853347104543,11.441874752425704
0.8225,244.64945048095822,11.205122710894194
0.8227083333333334,229.48687370601473,10.880246227281955
0.8229166666666666,214.31825140689932,10.598200298348731
0.823125,200.5835939069981,10.401678693943758
0.8233333333333334,185.81829791655218,10.301397733651735
0.8235416666666666,171.35196460861755,10.21315764375461
0.82375,155.9075329586081,10.212435553756874
0.8239583333333333,137.59501686437557,10.099472386149047
0.8241666666666667,116.9112835172783,9.839509209489073
0.824375,92.64153529729235,9.320255888502658
0.8245833333333333,63.90320687517599,8.43658402359783
0.8247916666666667,32.624962814406445,7.248097937343895
0.825,0.3273814091231387,5.833118818465016
0.8252083333333333,-32.49711800483231,4.2107363534803195
0.8254166666666667,-63.93119559587894,2.602870331318069
0.825625,-92.50950463844974,1.06060295567016
0.8258333333333333,-117.16111826488462,-0.2175119988397597
0.8260416666666667,-138.296757789408,-1.2904457317984455
0.82625,-156.14973570999862,-2.099837198027849
0.8264583333333333,-171.71500142359028,-2.730147504280603
0.8266666666666667,-185.98935967641543,-3.266443570116104
0.826875,-200.24630889516857,-3.7771081009258927
0.8270833333333333,-214.890926279632,-4.363320492395458
0.8272916666666666,-229.4420467665962,-5.016223920288544
0.8275,-244.60466492944022,-5.793325484758887
0.8277083333333334,-258.9526402788339,-6.615428558957455
0.8279166666666666,-273.0759297720641,-7.403705385680716
0.828125,-284.53769638755335,-8.11516839056369
0.8283333333333334,-293.9924085930966,-8.67836370843754
0.8285416666666666,-301.2127805217715,-9.182851842932063
0.82875,-305.7612761386217,-9.539398278063228
0.8289583333333334,-308.49215714956125,-9.85990004957676
0.8291666666666667,-309.4894960296711,-10.16260419145678
0.829375,-308.7498743725351,-10.46457766216843
0.8295833333333333,-306.03674206294795,-10.791578314359475
0.8297916666666667,-301.4912596061893,-11.147240513925965
0.83,-294.27206618257713,-11.371207240642214
0.8302083333333333,-284.7672234159426,-11.519746988956241
0.8304166666666667,-273.18983812058025,-11.527202799353129
0.830625,-259.2678574767755,-11.41106233973912
0.8308333333333333,-244.36415685741503,-11.226019384323925
0.8310416666666667,-229.72391304212704,-10.918345644060976
0.83125,-214.42913964106754,-10.649050083379672
0.8314583333333333,-200.24615643237686,-10.378915538639738
0.8316666666666667,-185.91107661746,-10.256647541047176
0.831875,-171.62647969631445,-10.218378488389757
0.8320833333333333,-155.75056851808785,-10.196987160621727
0.8322916666666667,-138.26541734248428,-10.085961455759064
0.8325,-116.84833539517399,-9.820510742678021
0.8327083333333334,-92.45715549834962,-9.284664960319441
0.8329166666666666,-64.2228441413128,-8.434923100153704
0.833125,-33.14550792067486,-7.2636879354567006
0.8333333333333334,0.06330112754999428,-5.800340887674274
0.8335416666666666,33.055986205645134,-4.197812357583819
0.83375,64.12877352804948,-2.5893618170033
0.8339583333333334,92.95543322153952,-1.07615042285368
0.8341666666666666,117.45869736171916,0.25561181101731323
0.834375,138.01883835783138,1.3195118825478476
0.8345833333333333,155.82153557179004,2.0951180757074948
0.8347916666666667,171.5713214813809,2.7281712938201372
0.835,185.62534127962027,3.264125441533178
0.8352083333333333,200.2792007241298,3.7843818437346934
0.8354166666666667,214.59040013045572,4.34884614343697
0.835625,229.56101216175932,5.058869920683923
0.8358333333333333,244.83505224159396,5.796611056235437
0.8360416666666667,259.80854593929143,6.600951701668
0.83625,272.9515840180103,7.404897290877731
0.8364583333333333,284.5834614422482,8.082531693900568
0.8366666666666667,294.44776664375286,8.686306791654689
0.836875,301.3912087354822,9.146779444825757
0.8370833333333333,305.8671145757132,9.541314307616965
0.8372916666666667,308.6872610584376,9.839614754479891
0.8375,309.6201940324552,10.172851302845935
0.8377083333333334,308.7764176824242,10.4774536914702
0.8379166666666666,305.60820957307465,10.789796827810212
0.838125,300.76369997954055,11.105088212166876
0.8383333333333334,293.84873923242236,11.37777485825727
0.8385416666666666,284.3705369242075,11.509086594663883
0.83875,272.7478891764824,11.554869559526338
0.8389583333333334,259.5365161289729,11.44685185108491
0.8391666666666666,244.62108153558214,11.17883801545907
0.839375,229.54599608529853,10.923373834656692
0.8395833333333333,214.19392414748557,10.600447424225063
0.8397916666666667,199.87221809677655,10.399949897508906
0.84,185.98166049015353,10.254389517608018
0.8402083333333333,171.60263541605508,10.245106005381999
0.8404166666666667,155.71989897320657,10.182121767728349
0.840625,138.13613589560723,10.081918073884724
0.8408333333333333,117.65096246197413,9.840680902723415
0.8410416666666667,92.39132582262431,9.295830086069088
0.84125,63.88714647738227,8.419204219620655
0.8414583333333333,32.788741007750865,7.2663367389514075
0.8416666666666667,0.02304427688639768,5.78197527421692
0.841875,-32.86997370025839,4.194509371573988
0.8420833333333333,-64.06828188908061,2.577873980903316
0.8422916666666667,-92.75658700416595,1.0829150249537294
0.8425,-117.34190811737012,-0.21918008646862974
0.8427083333333333,-138.13305410827584,-1.2780084072062228
0.8429166666666666,-155.9423594227436,-2.1086581192779126
0.843125,-171.59544462023376,-2.7685315676241964
0.8433333333333334,-185.8790994712347,-3.2529986500678114
0.8435416666666666,-199.97237493365034,-3.75502425268039
0.84375,-214.27764663587132,-4.338174782708686
0.8439583333333334,-229.521700367839,-5.023672876082067
0.8441666666666666,-244.56353802333587,-5.808122168717892
0.844375,-259.5132385438047,-6.600860555595216
0.8445833333333334,-272.7658212490722,-7.349506813674425
0.8447916666666667,-284.5177889605633,-8.110518561299275
0.845,-293.854132487119,-8.704850888223012
0.8452083333333333,-300.97095601587836,-9.151441004993963
0.8454166666666667,-305.8001756300887,-9.550366953372828
0.845625,-308.71056879843735,-9.87967499417203
0.8458333333333333,-309.5101139967094,-10.138713994852093
0.8460416666666667,-308.4200872141613,-10.464237900546914
0.84625,-306.110378178162,-10.799679884881469
0.8464583333333333,-301.3064230761648,-11.123781190322562
0.8466666666666667,-294.0252288884285,-11.335641763571468
0.846875,-284.50790161240343,-11.526490313248287
0.8470833333333333,-273.11487180478423,-11.530847120577452
0.8472916666666667,-259.3965291092955,-11.422954700818737
0.8475,-244.68681351822207,-11.213385650045156
0.8477083333333333,-230.05071746293686,-10.920793881295811
0.8479166666666667,-214.55489849732322,-10.603863637705219
0.848125,-200.0269581057107,-10.379776054777205
0.8483333333333334,-185.87491931042612,-10.299994123811263
0.8485416666666666,-171.09991873287896,-10.215390602777935
0.84875,-156.20499200487012,-10.201296805611406
0.8489583333333334,-138.3018759418171,-10.122170769708417
0.8491666666666666,-117.75429944818737,-9.834754429178867
0.849375,-92.51595447148594,-9.322279582634316
0.8495833333333334,-64.15935410245335,-8.448770128370404
0.8497916666666666,-32.959675899180084,-7.270426616955842
0.85,0.27691933486259,-5.819344629116195
0.8502083333333333,33.04733598568794,-4.211125163566852
0.8504166666666667,64.07990739497338,-2.601735754888524
0.850625,92.30307204156306,-1.0472840036374316
0.8508333333333333,117.3577979156214,0.24601136047450495
0.8510416666666667,138.09078083404634,1.3214685863417
0.85125,155.69647492051865,2.103957812885217
0.8514583333333333,171.0248351321352,2.7238900945173503
0.8516666666666667,185.72451745124923,3.2852376796036853
0.851875,200.17628955179453,3.768411962670498
0.8520833333333333,215.0691346723758,4.354007258495542
0.8522916666666667,229.51230002058685,5.041417822385938
0.8525,244.4719749458788,5.771713740128267
0.8527083333333333,259.0815971663749,6.603650370812723
0.8529166666666667,273.0468339040457,7.387264235647976
0.853125,284.1705675218667,8.10830749804963
0.8533333333333334,294.20817301327037,8.700983937346274
0.8535416666666666,301.3537490330555,9.18507895355468
0.85375,306.05642939911894,9.542243236193306
0.8539583333333334,308.6310490282882,9.84900861255832
0.8541666666666666,309.71258396685715,10.193283343744415
0.854375,308.7286990390561,10.448253305986249
0.8545833333333334,305.752828575348,10.77255517123272
0.8547916666666666,301.6119242120836,11.115071488392047
0.855,293.9826668930218,11.390727652751929
0.8552083333333333,284.8056596100754,11.528966798655837
0.8554166666666667,272.3041916092942,11.566796597009883
0.855625,259.6969561891502,11.406422163076028
0.8558333333333333,245.03050476082137,11.198078952187467
0.8560416666666667,229.5043558808308,10.884990547463989
0.85625,214.63969275868388,10.637264525547389
0.8564583333333333,200.12725744290117,10.37850534486761
0.8566666666666667,185.67415018231134,10.252673101478967
0.856875,171.5906778778756,10.231347684767123
0.8570833333333333,155.6988848127786,10.215405948820912
0.8572916666666667,137.94353106810624,10.10428640064082
0.8575,117.38298628441227,9.847233208161109
0.8577083333333333,92.6393897276012,9.310102453272123
0.8579166666666667,63.88384933839667,8.438541895159254
0.858125,32.648787519226396,7.242028928721207
0.8583333333333333,-0.16139915062486807,5.820321131256205
0.8585416666666666,-32.64902171345962,4.219249421524917
0.85875,-64.31043940912713,2.599912621005316
0.8589583333333334,-92.30654714516648,1.075562685432896
0.8591666666666666,-116.91453879593443,-0.2561396106757129
0.859375,-138.11778166159107,-1.2841950384961087
0.8595833333333334,-155.64852650601617,-2.106379728624107
0.8597916666666666,-171.52997484388632,-2.7393630056168616
0.86,-185.88830997497075,-3.2632809829441634
0.8602083333333334,-200.23194020528322,-3.7874367164444465
0.8604166666666667,-214.2457056630941,-4.343348982142938
0.860625,-229.68852754578293,-5.051888832232123
0.8608333333333333,-244.5758708702265,-5.8051819162745195
0.8610416666666667,-259.3956674852231,-6.597912543810546
0.86125,-273.1720409457545,-7.354307766932255
0.8614583333333333,-284.76399732091886,-8.073453410042744
0.8616666666666667,-293.7248686781561,-8.712245881849656
0.861875,-301.0989067458282,-9.14530907192994
0.8620833333333333,-306.1996471211506,-9.523658261446004
0.8622916666666667,-308.60963237443667,-9.879558792229439
0.8625,-309.6078773113691,-10.199455436591913
0.8627083333333333,-307.8224528457131,-10.472237064554198
0.8629166666666667,-305.87607857547397,-10.777116501276423
0.863125,-301.24447734325986,-11.082725638237086
0.8633333333333333,-293.7155797584724,-11.379415270994832
0.8635416666666667,-285.07198057678886,-11.499843849397287
0.86375,-272.88526514087624,-11.585226027451789
0.8639583333333334,-258.8792313447752,-11.441879963195339
0.8641666666666666,-244.69236364574837,-11.211830286658277
0.864375,-229.93022269520418,-10.89581470919728
0.8645833333333334,-214.59897949110496,-10.606083824185118
0.8647916666666666,-199.62399913726304,-10.38740045993512
0.865,-185.74082867564437,-10.29209863490065
0.8652083333333334,-171.66361132889517,-10.210698021215661
0.8654166666666666,-156.07235313204328,-10.19184295401175
0.865625,-138.23564536680772,-10.131739438043473
0.8658333333333333,-117.01095102758305,-9.869685828031379
0.8660416666666667,-92.061176271714,-9.286465791419353
0.86625,-63.797337460730745,-8.444474787565689
0.8664583333333333,-32.71817855955557,-7.277727242350549
0.8666666666666667,-0.33291119003074937,-5.8149703390848115
0.866875,32.50019847659738,-4.2045923699455665
0.8670833333333333,64.19375621922323,-2.587745021859227
0.8672916666666667,92.05935753045742,-1.0941614813677767
0.8675,117.04485874333851,0.2668954655276339
0.8677083333333333,138.17175791054663,1.3096134104506123
0.8679166666666667,155.61664393140236,2.1013283506461393
0.868125,171.19783171792443,2.7276955241136482
0.8683333333333333,185.81131580857763,3.264253756306921
0.8685416666666667,200.1135412193788,3.760138537832334
0.86875,214.76537969260175,4.361521785373818
0.8689583333333334,229.64866079272895,5.010656124675454
0.8691666666666666,244.68172797340176,5.7892216139997235
0.869375,259.1912897800618,6.575452378043209
0.8695833333333334,272.64111843100625,7.3617427699203954
0.8697916666666666,284.4840022628779,8.11395345748315
0.87,294.1730706341677,8.68852165821558
0.8702083333333334,301.233477058144,9.16869037554232
0.8704166666666666,305.4223840393797,9.513728866784739
0.870625,308.489545189205,9.852993640960939
0.8708333333333333,309.872475691372,10.168551744313604
0.8710416666666667,308.7057682082242,10.474065784208412
0.87125,305.5931073075358,10.76164242009531
0.8714583333333333,301.7382764268877,11.109701636533979
0.8716666666666667,294.0633513048423,11.371851244082597
0.871875,284.7078050247937,11.545379965939999
0.8720833333333333,273.0087263689828,11.541978574730315
0.8722916666666667,259.28593960190756,11.402728173185933
0.8725,244.4814204042055,11.190620565343103
0.8727083333333333,230.02731618030975,10.89664378898811
0.8729166666666667,214.75080146739765,10.636608994340653
0.873125,200.1931129477829,10.360962765940737
0.8733333333333333,185.9789183726546,10.265115037268401
0.8735416666666667,171.2030679539302,10.245024238796411
0.87375,156.22042497818737,10.199586770483254
0.8739583333333333,137.88493713450714,10.120115674506938
0.8741666666666666,117.17207219815374,9.814053645596415
0.874375,91.98587782856738,9.278005788071175
0.8745833333333334,63.550228501250686,8.463331934918093
0.8747916666666666,32.91175440577241,7.259967741451174
0.875,-0.2022748168015022,5.813396875586449
0.8752083333333334,-33.329473497913995,4.19328069374102
0.8754166666666666,-63.925290838179066,2.588013980893736
0.875625,-91.86570511217407,1.0536926255460057
0.8758333333333334,-116.75386043395719,-0.22080905524038022
0.8760416666666667,-138.16004977032796,-1.2536326802682953
0.87625,-155.8988311035669,-2.099099896616141
0.8764583333333333,-171.23197073731464,-2.7416461397338843
0.8766666666666667,-185.5543140697575,-3.2968663203434634
0.876875,-200.07351257720254,-3.8023498204865986
0.8770833333333333,-214.4914555710647,-4.333358711360215
0.8772916666666667,-229.42174373234397,-5.046054988877376
0.8775,-244.52484474459402,-5.795842150478266
0.8777083333333333,-259.4111075789412,-6.58315106092166
0.8779166666666667,-272.9388664912404,-7.356279682665264
0.878125,-284.2667634525285,-8.092261422096806
0.8783333333333333,-293.76820656230666,-8.693703272845992
0.8785416666666667,-301.0299684881332,-9.164504962834
0.87875,-305.5175822683031,-9.553314131950364
0.8789583333333333,-308.7825758868305,-9.8705559553885
0.8791666666666667,-309.1656054413131,-10.155455360770043
0.879375,-308.5503355853902,-10.468374367451641
0.8795833333333334,-305.1296030052578,-10.76197878781752
0.8797916666666666,-301.4474416131863,-11.100011835534655
0.88,-294.242923050975,-11.34908567880784
0.8802083333333334,-284.5070220779158,-11.54219281361781
0.8804166666666666,-272.8095366667305,-11.543929682164066
0.880625,-258.8903037224049,-11.447203924186933
0.8808333333333334,-244.83040749548644,-11.199640327670588
0.8810416666666666,-229.27066780435996,-10.902772045599104
0.88125,-214.20938424883514,-10.624810328514167
0.8814583333333333,-199.81146668944052,-10.365603928944354
0.8816666666666667,-186.0750951602092,-10.25042068763287
0.881875,-171.10195760020903,-10.205978626700333
0.8820833333333333,-155.5937111974128,-10.188014290655117
0.8822916666666667,-137.94582416907696,-10.080220509998263
0.8825,-117.05016357679995,-9.860235160061404
0.8827083333333333,-92.3391983024263,-9.281481383999584
0.8829166666666667,-64.08012716197717,-8.456641962730574
0.883125,-32.67198532152765,-7.266914597750031
0.8833333333333333,0.007783713233767274,-5.803426873492622
0.8835416666666667,32.62005036124781,-4.191554683680159
0.88375,63.798295302705924,-2.603805904434811
0.8839583333333333,92.20771624152036,-1.0785698622364797
0.8841666666666667,117.15678355923613,0.24007509306134453
0.884375,138.08898133989874,1.2917546508456421
0.8845833333333334,155.95487837856138,2.1191694933395278
0.8847916666666666,171.57910058489577,2.783660858191693
0.885,185.67801584324678,3.265151256014292
0.8852083333333334,200.35404368957992,3.766054912195877
0.8854166666666666,214.4330722932299,4.337234013865819
0.885625,229.3885406878467,5.0257383025247835
0.8858333333333334,244.7839103839817,5.776175878961645
0.8860416666666666,258.9187109178527,6.599994197420373
0.88625,272.71121156754253,7.385294354192513
0.8864583333333333,284.85698973463735,8.08232009521133
0.8866666666666667,293.63623125565385,8.71740759500787
0.886875,301.42871468072303,9.154547568472875
0.8870833333333333,306.3251436774007,9.542108098682501
0.8872916666666667,308.5936006118179,9.871536107327428
0.8875,309.64430199532706,10.175014385939548
0.8877083333333333,308.9657362174869,10.490317388042273
0.8879166666666667,305.8306622388003,10.800380314600757
0.888125,301.3662650116247,11.122358258296073
0.8883333333333333,293.9027995391415,11.356376239448979
0.8885416666666667,284.4923209616288,11.539894765372493
0.88875,272.7090110638938,11.565377978766719
0.8889583333333333,259.4635002682499,11.45905250410923
0.8891666666666667,244.9528060877958,11.180545586736587
0.889375,229.45086920101915,10.89949201783731
0.8895833333333333,214.18218771001992,10.637905475714636
0.8897916666666666,199.7169519419265,10.36194334756821
0.89,185.933495930061,10.279220476776192
0.8902083333333334,171.91492640486143,10.239534373066665
0.8904166666666666,155.99947368008438,10.190832954827414
0.890625,137.99899616135158,10.100218072262548
0.8908333333333334,117.29279649031821,9.8225685603909
0.8910416666666666,92.33585064604402,9.294212423973436
0.89125,63.965871909579256,8.434384770521262
0.8914583333333334,32.59256682867069,7.2482068918472295
0.8916666666666667,0.35211221106931834,5.800782587487017
0.891875,-33.46698358445563,4.205987914389641
0.8920833333333333,-63.860978413860025,2.5822556902238047
0.8922916666666667,-92.5116615393789,1.0989936675694516
0.8925,-117.2038356814595,-0.24452488912048365
0.8927083333333333,-137.67264150999054,-1.289387887673877
0.8929166666666667,-156.07957520328765,-2.1150122569181757
0.893125,-171.62391459002552,-2.7409658805899593
0.8933333333333333,-185.86744463444438,-3.2844270034519676
0.8935416666666667,-199.88416680105055,-3.800653352485894
0.89375,-214.61046394557525,-4.374786613020688
0.8939583333333333,-229.89036216666383,-5.027861658706627
0.8941666666666667,-244.87973836987902,-5.774137022423375
0.894375,-259.0575050043293,-6.6197809184441105
0.8945833333333333,-272.89015098268567,-7.386750181675655
0.8947916666666667,-284.49894971403785,-8.109770978919427
0.895,-294.1359420397131,-8.691597426213193
0.8952083333333334,-301.31419555553066,-9.149442735855681
0.8954166666666666,-305.52796717333985,-9.550602800724832
0.895625,-308.73301241053645,-9.862661421922063
0.8958333333333334,-309.68219127335226,-10.13980513658713
0.8960416666666666,-308.41192885468433,-10.464285226261444
0.89625,-306.12794962552846,-10.805354245252996
0.8964583333333334,-301.2980029674347,-11.104210838496472
0.8966666666666666,-294.06802506691304,-11.378766097200366
0.896875,-284.6116540089494,-11.519816305776141
0.8970833333333333,-272.84394234299344,-11.544076939203435
0.8972916666666667,-258.85492119609455,-11.456866599495415
0.8975,-244.5792517630786,-11.202944885359406
0.8977083333333333,-230.0914109247263,-10.914863363440952
0.8979166666666667,-214.41842526414268,-10.617388200216558
0.898125,-199.9781586488775,-10.389243609001305
0.8983333333333333,-185.82398356863382,-10.264678640107576
0.8985416666666667,-171.3924104741673,-10.228185206993444
0.89875,-155.90821200216422,-10.185478633227657
0.8989583333333333,-138.10887332228054,-10.1197668639089
0.8991666666666667,-116.94798944616636,-9.85848845050011
0.899375,-92.53124550424324,-9.349964931037992
0.8995833333333333,-64.29736479783408,-8.442825412326867
0.8997916666666667,-32.07623624194498,-7.270772707556857
0.9,-0.1789643609579363,-5.80588144301294
0.9002083333333334,32.85721733321468,-4.23962139707282
0.9004166666666666,63.6865281511845,-2.5962099332235784
0.900625,92.42484240870755,-1.0638276404827418
0.9008333333333334,116.8679441109374,0.22316456977916949
0.9010416666666666,137.98510206329075,1.3006889921450897
0.90125,156.1623085966888,2.0980036734953025
0.9014583333333334,171.57189969360053,2.731629819305175
0.9016666666666666,185.97694845586616,3.2677888154825903
0.901875,199.54482743790265,3.791374814115292
0.9020833333333333,214.95922379244752,4.35806902499523
0.9022916666666667,229.19892710630444,5.018406956805391
0.9025,245.04545402822964,5.783409044316849
0.9027083333333333,259.6332244349387,6.602535280986924
0.9029166666666667,273.0531783654158,7.363195225903243
0.903125,284.39797533973706,8.086596619329526
0.9033333333333333,294.10848419912287,8.681845008325594
0.9035416666666667,301.03159077882793,9.164028851511667
0.90375,305.954619428689,9.528760326762388
0.9039583333333333,308.62349638150044,9.834169502055605
0.9041666666666667,309.06169617682735,10.16944470177248
0.904375,308.96641048402023,10.485615711571352
0.9045833333333333,305.927082746674,10.76707024305323
0.9047916666666667,301.02812103161216,11.112128460198106
0.905,293.93050492971804,11.38260060575191
0.9052083333333333,284.70133642905637,11.53506220166857
0.9054166666666666,272.6854060953965,11.545556988834331
0.905625,258.8140445788377,11.422206758441906
0.9058333333333334,244.76509627546042,11.206786797810432
0.9060416666666666,229.62667318352965,10.916816540453816
0.90625,214.45009204383194,10.626995473841435
0.9064583333333334,199.7006529287049,10.399011795314784
0.9066666666666666,185.85707995994647,10.255600608307635
0.906875,171.08776420943767,10.229977631062287
0.9070833333333334,155.64423478107514,10.206541400956764
0.9072916666666667,137.90804581489462,10.109683254146304
0.9075,117.31223526633488,9.840345525275678
0.9077083333333333,92.30507256731954,9.327224373085329
0.9079166666666667,63.948476610984905,8.432407616282374
0.908125,33.32085473395708,7.2776710374264875
0.9083333333333333,0.0881156242894147,5.800837393114775
0.9085416666666667,-32.747432977453236,4.226687244757869
0.90875,-64.15286840022333,2.605002768210375
0.9089583333333333,-92.54481822185065,1.0664859210197983
0.9091666666666667,-117.6478521085945,-0.2136976661624953
0.909375,-137.85353516603413,-1.2875146026153086
0.9095833333333333,-155.78896500380515,-2.1195180990383706
0.9097916666666667,-171.49868879981688,-2.737734292867918
0.91,-185.86915275017844,-3.2418700107945453
0.9102083333333333,-199.80359258193232,-3.763236888240301
0.9104166666666667,-214.88867751826717,-4.372552244846372
0.910625,-229.64436776692423,-5.032705970911144
0.9108333333333334,-244.9473895403786,-5.787226782510887
0.9110416666666666,-258.9349611478187,-6.6005950193766
0.91125,-272.68993129701124,-7.34314703380515
0.9114583333333334,-285.16239469524515,-8.085762662127907
0.9116666666666666,-294.4490271445784,-8.68856045266464
0.911875,-301.18240754983213,-9.147716512597848
0.9120833333333334,-306.0654695888267,-9.549377767723307
0.9122916666666666,-309.01705999829295,-9.846837253179816
0.9125,-309.0851582440578,-10.186649548466798
0.9127083333333333,-308.6078294677797,-10.477958550912648
0.9129166666666667,-305.828655455096,-10.778216811140334
0.913125,-301.322324868802,-11.083041601975182
0.9133333333333333,-293.8900182011259,-11.377952297724464
0.9135416666666667,-284.7068297252098,-11.539470860510285
0.91375,-272.9796809733972,-11.543295345058715
0.9139583333333333,-259.2250879784918,-11.445704712411784
0.9141666666666667,-245.07056321592623,-11.20960079538653
0.914375,-229.097640469079,-10.899953689199934
0.9145833333333333,-214.45440269632178,-10.633719893898366
0.9147916666666667,-199.66739259529768,-10.43119520103948
0.915,-186.10370101388,-10.291356650703566
0.9152083333333333,-171.68468858252663,-10.223487972906902
0.9154166666666667,-156.19151748563866,-10.227429930767723
0.915625,-138.03314588085482,-10.111128328523643
0.9158333333333334,-117.08475467311854,-9.859562068342951
0.9160416666666666,-92.5118282597598,-9.277436545666836
0.91625,-64.31396051215431,-8.40929615912959
0.9164583333333334,-33.148830672517796,-7.274322467498898
0.9166666666666666,-0.012120975138320535,-5.807996379953828
0.916875,32.71578491019455,-4.224459042142448
0.9170833333333334,63.8890414658278,-2.591141988990193
0.9172916666666666,92.78249767647065,-1.0438296491517856
0.9175,117.08066907905592,0.23161178375820282
0.9177083333333333,138.41323103249476,1.29025957898285
0.9179166666666667,155.7677293845698,2.09222107341261
0.918125,171.51509137246182,2.749314784617016
0.9183333333333333,185.82097707066478,3.2099124448486576
0.9185416666666667,199.56322307011695,3.7704408989454605
0.91875,214.8570845765613,4.355993347413547
0.9189583333333333,229.46310903227638,5.0207009512804675
0.9191666666666667,244.84991837955928,5.803232809868185
0.919375,259.1898312878331,6.611011359800419
0.9195833333333333,272.86763408457136,7.357333436962142
0.9197916666666667,284.39500844497684,8.120669918085296
0.92,294.3795863586104,8.6662843874358
0.9202083333333333,301.22717346834924,9.18490873848638
0.9204166666666667,306.03912291748094,9.54614698017896
0.920625,309.02551048305014,9.854393150882407
0.9208333333333333,309.8604341276952,10.155493058588023
0.9210416666666666,308.87730008030735,10.470651048359242
0.92125,305.5919276990502,10.797079135343768
0.9214583333333334,300.9754013516112,11.09279225251366
0.9216666666666666,293.81961470392105,11.36284376266435
0.921875,284.7936049583745,11.514563443623274
0.9220833333333334,272.9515081654112,11.533581298608349
0.9222916666666666,259.03021036004066,11.424099528450999
0.9225,244.61612777140903,11.188322507129625
0.9227083333333334,229.123369350116,10.906797440880043
0.9229166666666667,214.48671087797769,10.632045484756116
0.923125,199.57378552150925,10.403524470079198
0.9233333333333333,185.9670529480726,10.301455555819393
0.9235416666666667,171.54838795801845,10.19048051148689
0.92375,156.37802955358939,10.206518698033877
0.9239583333333333,138.3076886213852,10.106767225842065
0.9241666666666667,116.99552193466303,9.850915675735314
0.924375,92.60024282825503,9.31278260883403
0.9245833333333333,63.711027243679666,8.439298421798473
0.9247916666666667,32.591563454191956,7.261039280237793
0.925,0.08328563301904232,5.800686721959651
0.9252083333333333,-33.37174402077442,4.219258185852957
0.9254166666666667,-64.06973341014685,2.558319114177679
0.925625,-92.65079112796388,1.0825340856509944
0.9258333333333333,-117.07592373481182,-0.23895971363740787
0.9260416666666667,-138.3651543885209,-1.3018560714836327
0.92625,-155.79498039587696,-2.1098470104128735
0.9264583333333334,-171.44906544560445,-2.7345098874712814
0.9266666666666666,-185.48475459549488,-3.2394018889787253
0.926875,-199.98594501396988,-3.7285804538196903
0.9270833333333334,-214.6921607012343,-4.338383576463294
0.9272916666666666,-229.55861889798948,-5.03909699801652
0.9275,-244.99937292391522,-5.780832899888506
0.9277083333333334,-259.2763041547621,-6.582881013049469
0.9279166666666666,-272.7613826183956,-7.392391440492477
0.928125,-283.9944225257921,-8.108179607737508
0.9283333333333333,-294.22604573556634,-8.688582483734647
0.9285416666666667,-301.2162697749089,-9.153463664220986
0.92875,-306.091299166918,-9.568076688714685
0.9289583333333333,-308.6329360209898,-9.872762135353717
0.9291666666666667,-309.4759261698506,-10.15304378689816
0.929375,-308.69930815738013,-10.47052788602007
0.9295833333333333,-305.675778056591,-10.772708763106783
0.9297916666666667,-301.30356600743005,-11.127765079595271
0.93,-293.8240432259508,-11.33107038802768
0.9302083333333333,-284.4770970715574,-11.5491934226206
0.9304166666666667,-272.9118526599518,-11.582244497297067
0.930625,-259.4565726286406,-11.437242895680498
0.9308333333333333,-244.0566468849814,-11.222589010543883
0.9310416666666667,-229.7011495967214,-10.913681099531663
0.93125,-214.42551670576597,-10.626664264358505
0.9314583333333334,-200.17518341505885,-10.404650427948104
0.9316666666666666,-185.38844088756287,-10.284476549652403
0.931875,-171.23219071932468,-10.217147464404066
0.9320833333333334,-156.07062989995453,-10.204238640262238
0.9322916666666666,-137.9675715506554,-10.090115949202897
0.9325,-117.03682656828583,-9.841386204387417
0.9327083333333334,-92.52488149543358,-9.316505342112444
0.9329166666666666,-63.87090215961271,-8.467088956328327
0.933125,-32.73485525731818,-7.2610311524359785
0.9333333333333333,0.05392467846473299,-5.8308858287242025
0.9335416666666667,32.82170167727317,-4.230302413972909
0.93375,64.16820683705951,-2.5785903953225224
0.9339583333333333,92.45307222030388,-1.0975467399888388
0.9341666666666667,117.11602383185348,0.25979501264874677
0.934375,137.93546632000988,1.2969458866820116
0.9345833333333333,156.32448399043975,2.10570137295609
0.9347916666666667,171.19129231566967,2.7166004548435496
0.935,185.9417551294434,3.270327029831423
0.9352083333333333,199.9075684619277,3.777039284764766
0.9354166666666667,214.93988681735433,4.346390189184332
0.935625,229.27102679973652,5.033614481678435
0.9358333333333333,244.47949800920784,5.765037845420518
0.9360416666666667,259.13538395262987,6.568451043567501
0.93625,272.9897114427087,7.361711238376046
0.9364583333333333,284.2684588700735,8.094510527293417
0.9366666666666666,293.95095461423267,8.687584394974275
0.936875,300.6112296757755,9.181313967244751
0.9370833333333334,306.0074648743407,9.530099716918194
0.9372916666666666,308.5609107315838,9.870568684946159
0.9375,309.1993346174875,10.159925504246944
0.9377083333333334,308.95736679701776,10.457008062297955
0.9379166666666666,305.62044281121524,10.799732482476484
0.938125,301.34855705399485,11.105604389910653
0.9383333333333334,293.89532653192435,11.356916074116924
0.9385416666666667,285.01211437943374,11.526753522274102
0.93875,273.09623281470886,11.54986408572538
0.9389583333333333,259.12582650073307,11.434053882960125
0.9391666666666667,244.43404318660166,11.199383229371241
0.939375,229.6482787353549,10.893525536487875
0.9395833333333333,214.4344054673209,10.626679842412484
0.9397916666666667,199.94529302074415,10.389673099160696
0.94,186.15290579016428,10.256535451154797
0.9402083333333333,171.26672508317282,10.220026809031166
0.9404166666666667,155.9238658732878,10.210488981703136
0.940625,138.3343772474302,10.109455124879714
0.9408333333333333,117.30352987070533,9.830713487474286
0.9410416666666667,92.35582213806323,9.293465439901503
0.94125,63.98821674371054,8.451310496983607
0.9414583333333333,32.39747773946831,7.222498474422668
0.9416666666666667,-0.2640612481558833,5.823808234991944
0.941875,-32.75259179843456,4.181942749539292
0.9420833333333334,-64.09491376116219,2.5652711363340717
0.9422916666666666,-92.37699353528546,1.063167701602735
0.9425,-116.84143709618476,-0.2060602498295564
0.9427083333333334,-138.3925510762825,-1.2693888505163151
0.9429166666666666,-155.96008750579338,-2.0957616960839176
0.943125,-171.40671956066367,-2.7267738082777657
0.9433333333333334,-186.01088605911593,-3.286795599906446
0.9435416666666666,-199.62975936901864,-3.774731486325364
0.94375,-214.27285329959628,-4.364919961604145
0.9439583333333333,-229.42436410226637,-5.042867151232776
0.9441666666666667,-244.2147558798258,-5.787957580903057
0.944375,-259.7525622883476,-6.60004760068247
0.9445833333333333,-272.91077675024405,-7.365474536465822
0.9447916666666667,-284.5201372927286,-8.118306939793213
0.945,-294.2992254996171,-8.686508098465897
0.9452083333333333,-301.07414249603505,-9.1787657366142
0.9454166666666667,-306.2240051592579,-9.550044102134736
0.945625,-308.51332511670637,-9.857379271047105
0.9458333333333333,-309.30689011143824,-10.17839318047213
0.9460416666666667,-308.61788109599195,-10.468690258129369
0.94625,-306.4105589895756,-10.797137940494153
0.9464583333333333,-301.3910195117855,-11.116503370761798
0.9466666666666667,-293.9294092371169,-11.373411449319667
0.946875,-284.60642187409206,-11.528441814334755
0.9470833333333334,-273.582345834392,-11.563324589202802
0.9472916666666666,-259.06713087247624,-11.436252786857853
0.9475,-244.6291496981039,-11.209744775945179
0.9477083333333334,-229.701666100039,-10.922269002626974
0.9479166666666666,-214.25126110060867,-10.601710727665429
0.948125,-200.15701365072738,-10.395485215928117
0.9483333333333334,-186.00695910412347,-10.277581067658806
0.9485416666666666,-171.36430913876313,-10.221449400230332
0.94875,-155.45578281543715,-10.214880885592255
0.9489583333333333,-137.6898235045259,-10.113222496365944
0.9491666666666667,-117.011322623869,-9.843481782355905
0.949375,-92.28012889023452,-9.320737539418232
0.9495833333333333,-63.86256848090629,-8.435962987331038
0.9497916666666667,-33.14642752394515,-7.26603370150369
0.95,0.16103708427321198,-5.8171797601658
0.9502083333333333,32.648663238061545,-4.21858378404902
0.9504166666666667,64.14006273060005,-2.542115896100601
0.950625,92.33885839804064,-1.0808209163234521
0.9508333333333333,117.22655258038573,0.20758195766592386
0.9510416666666667,138.12524616525215,1.2705511613513676
0.95125,155.13278486253827,2.117748551761598
0.9514583333333333,171.49862022943924,2.752168734327223
0.9516666666666667,185.99538431279598,3.2486344875156457
0.951875,200.09911073458397,3.7962671038130895
0.9520833333333333,214.4743535134461,4.367805488823354
0.9522916666666666,229.9074378570199,5.027774909263588
0.9525,244.7411571069356,5.786372932995896
0.9527083333333334,259.487256793489,6.5956940039366545
0.9529166666666666,273.1699681534801,7.391675866987599
0.953125,284.7023697848865,8.09522703676302
0.9533333333333334,293.8460822995615,8.677481145273827
0.9535416666666666,300.5397367780415,9.162966172555809
0.95375,305.828079310306,9.573618516521709
0.9539583333333334,308.8762008277433,9.865716874298391
0.9541666666666667,309.483074720616,10.1746734439364
0.954375,308.88625903934246,10.479252015027978
0.9545833333333333,305.9845415797936,10.798053233575736
0.9547916666666667,301.47133764905595,11.10822505128458
0.955,293.9967825611395,11.379813721409274
0.9552083333333333,284.7286252416091,11.536903169496961
0.9554166666666667,273.0353164461061,11.555765443684711
0.955625,259.75323893660413,11.42595276610469
0.9558333333333333,244.2366544980758,11.211355508703283
0.9560416666666667,229.38229536540405,10.912094645524036
0.95625,214.71212902635037,10.62093452250406
0.9564583333333333,200.37410276744833,10.441895454391123
0.9566666666666667,185.89486395288597,10.24875461455385
0.956875,171.38072126041266,10.238014999578562
0.9570833333333333,156.09032202241812,10.186538519376848
0.9572916666666667,138.31289596781525,10.108638854604319
0.9575,117.01133507894775,9.877209433386016
0.9577083333333334,92.47830213297605,9.28760009584688
0.9579166666666666,64.35557502951347,8.430915208227967
0.958125,33.30479635342511,7.258186804907406
0.9583333333333334,0.1856512398032149,5.79913950578865
0.9585416666666666,-32.821146880903314,4.223313831427643
0.95875,-64.07396200792817,2.578484313418255
0.9589583333333334,-92.25637616564057,1.0806918336732148
0.9591666666666666,-117.1301687092241,-0.25854994895109906
0.959375,-138.04831017425704,-1.3216526134486615
0.9595833333333333,-156.16551149637453,-2.109793787105433
0.9597916666666667,-171.12963300239042,-2.755649561522712
0.96,-186.1198922565059,-3.2360874116947103
0.9602083333333333,-200.0956565876101,-3.8000299111258298
0.9604166666666667,-214.47560168478387,-4.372246939140748
0.960625,-228.99915071406326,-5.024412812946202
0.9608333333333333,-244.7689845708766,-5.7990750865038585
0.9610416666666667,-259.5443424219306,-6.615756770088465
0.96125,-273.0465494093093,-7.3479145672547705
0.9614583333333333,-284.1969972430567,-8.104292125326227
0.9616666666666667,-294.77367348629195,-8.690577136913333
0.961875,-301.4000056345271,-9.168717166063061
0.9620833333333333,-305.2645373585165,-9.533244927420977
0.9622916666666667,-308.5382439278996,-9.855013380428801
0.9625,-309.8478450408053,-10.174035578098984
0.9627083333333334,-308.6964439418169,-10.47604114848083
0.9629166666666666,-305.93049589429245,-10.797356703918986
0.963125,-300.9377898200115,-11.095360175311095
0.9633333333333334,-293.61071123721587,-11.383877690752218
0.9635416666666666,-284.51458361464626,-11.495851877615676
0.96375,-273.0437922557255,-11.563194792326286
0.9639583333333334,-259.18106735792475,-11.436490444939428
0.9641666666666666,-244.8378769988775,-11.222971968215596
0.964375,-229.75523180804143,-10.932572149745765
0.9645833333333333,-214.93997721799425,-10.638674787310313
0.9647916666666667,-200.37891074612057,-10.416271663031425
0.965,-186.05895736375703,-10.27805423953182
0.9652083333333333,-171.74834474344678,-10.238321782124212
0.9654166666666667,-155.82273329839745,-10.189045297221309
0.965625,-138.39557075547978,-10.118415680694083
0.9658333333333333,-117.88716707410708,-9.852087853001201
0.9660416666666667,-92.65670324858255,-9.307930163731074
0.96625,-64.17840812584478,-8.426880714870032
0.9664583333333333,-32.98354397705655,-7.2552263683598355
0.9666666666666667,0.37988116982712133,-5.8133431031018175
0.966875,32.678795965265365,-4.231548657712257
0.9670833333333333,64.28067407971376,-2.603642881857537
0.9672916666666667,92.39097965501489,-1.0900578381717905
0.9675,117.09067431718316,0.25821488032907025
0.9677083333333333,137.8868752267983,1.302508587763235
0.9679166666666666,155.8863467673449,2.0934347047872137
0.968125,171.26262326978534,2.7236563692945412
0.9683333333333334,185.87735215328993,3.246482092742833
0.9685416666666666,199.9285662393393,3.7637949405227196
0.96875,214.26384301669702,4.363586154293825
0.9689583333333334,229.74487101897034,5.026304067917044
0.9691666666666666,244.77002394465572,5.821497143416713
0.969375,259.26582278491173,6.611736347908614
0.9695833333333334,272.9452184417229,7.398156234762147
0.9697916666666667,284.59076590459097,8.09933797290353
0.97,293.8536890036066,8.68129338374375
0.9702083333333333,301.1669451887411,9.174546141529124
0.9704166666666667,305.79210659710856,9.538667074282962
0.970625,308.4497309873688,9.886402808100012
0.9708333333333333,309.16565697090385,10.16769775327878
0.9710416666666667,308.59631260788973,10.47508914559816
0.97125,306.0891022007077,10.795858957352321
0.9714583333333333,300.97565629314624,11.132698564194582
0.9716666666666667,294.7007639109606,11.344846607021683
0.971875,284.8331429483723,11.553697853382083
0.9720833333333333,273.23492771314113,11.54901473440271
0.9722916666666667,259.576649221468,11.415266969350695
0.9725,245.12653006839716,11.194288980645405
0.9727083333333333,229.3001469381779,10.888337655630403
0.9729166666666667,213.8598156535809,10.635363212357813
0.973125,199.8760972454191,10.386139420511416
0.9733333333333334,185.97440071860527,10.274370399162509
0.9735416666666666,171.4917765444494,10.240650562145186
0.97375,155.96991058299497,10.189398329612086
0.9739583333333334,138.42594779967914,10.102649366868741
0.9741666666666666,117.19676489221925,9.819130121450648
0.974375,92.5954535368368,9.296210274135213
0.9745833333333334,63.82555252845521,8.480383652429678
0.9747916666666666,32.558333182788814,7.270118508425769
0.975,0.40352848076066467,5.80787680387024
0.9752083333333333,-32.80695622129719,4.2008776656201965
0.9754166666666667,-64.21625050977171,2.585862754024943
0.975625,-92.55107392831853,1.0728324503543074
0.9758333333333333,-117.26353127900691,-0.24489815758093747
0.9760416666666667,-138.27296005426783,-1.286599252979453
0.97625,-156.22182938088923,-2.1206607247719216
0.9764583333333333,-171.82900240207448,-2.7464977590770796
0.9766666666666667,-185.8835971691281,-3.2533085135302264
0.976875,-200.13586011508352,-3.794612485072163
0.9770833333333333,-214.22321017864166,-4.345746380032944
0.9772916666666667,-229.4236282707135,-5.030831320413991
0.9775,-244.59698440463887,-5.817698265533362
0.9777083333333333,-259.56361857033426,-6.591338463657277
0.9779166666666667,-272.93910228391746,-7.403791229024536
0.978125,-284.5214712590549,-8.07886718813422
0.9783333333333334,-293.8915378029859,-8.691363984739551
0.9785416666666666,-301.17279408811896,-9.137813015013844
0.97875,-305.67757859097964,-9.527829872035364
0.9789583333333334,-308.68396711904694,-9.877859054932602
0.9791666666666666,-309.373137023841,-10.191944660490602
0.979375,-308.80842749842157,-10.482480259070975
0.9795833333333334,-306.40050662745364,-10.812271746458292
0.9797916666666666,-301.08223138448955,-11.079208496481108
0.98,-293.88925572213316,-11.366507581918833
0.9802083333333333,-284.4678847020175,-11.512122253904318
0.9804166666666667,-272.80329851460823,-11.556082505202694
0.980625,-259.4649852099301,-11.43905421631199
0.9808333333333333,-244.86500038752834,-11.206061531957987
0.9810416666666667,-229.35896536677737,-10.896501674792269
0.98125,-214.39338814595894,-10.620883989839
0.9814583333333333,-200.12785342021004,-10.417573822418591
0.9816666666666667,-185.55749002742152,-10.247502672098147
0.981875,-171.67461368016168,-10.228029539177511
0.9820833333333333,-156.0469232749424,-10.206311385398791
0.9822916666666667,-137.68661399593017,-10.149113501797974
0.9825,-116.88410501417411,-9.829164626732126
0.9827083333333333,-92.48522763141514,-9.300520441174525
0.9829166666666667,-63.9885980365113,-8.440274413201724
0.983125,-32.79348354396556,-7.264491881030957
0.9833333333333333,-0.6864034662532553,-5.820476027755774
0.9835416666666666,32.605563117734796,-4.215596692564302
0.98375,64.04773155962889,-2.5795548418930236
0.9839583333333334,92.30657243580737,-1.0612949224750612
0.9841666666666666,117.16302613980223,0.2351466381479412
0.984375,138.37809087724298,1.3087842033308306
0.9845833333333334,155.82065848408527,2.1051743997062533
0.9847916666666666,171.18948360247416,2.7245585476798144
0.985,185.91605898934984,3.2618376790097905
0.9852083333333334,199.90597281411033,3.7566920624912736
0.9854166666666667,214.46098412478463,4.360172413461561
0.985625,229.42395400425175,5.007484379645629
0.9858333333333333,245.2237732746604,5.774863722852838
0.9860416666666667,258.81766240319587,6.562700579439973
0.98625,272.8117617041856,7.375887275365303
0.9864583333333333,284.6107992785511,8.113412123813765
0.9866666666666667,293.8753011148486,8.685877119884934
0.986875,301.3742775895184,9.175233058952662
0.9870833333333333,306.1506739554883,9.579184273160378
0.9872916666666667,308.67402579165054,9.868009505060716
0.9875,309.50368036463453,10.150155381864343
0.9877083333333333,308.65797523771505,10.461740211178027
0.9879166666666667,305.92116287239986,10.793962740539069
0.988125,301.12972787445705,11.097101148105354
0.9883333333333333,294.02358696254504,11.35798155703208
0.9885416666666667,284.6748338636106,11.540902344605998
0.98875,273.097148196178,11.567199385726207
0.9889583333333334,259.07027343155454,11.411655816757277
0.9891666666666666,244.40064784984864,11.193299583851559
0.989375,229.05976792666868,10.906139698767332
0.9895833333333334,214.71659935009026,10.634544695366532
0.9897916666666666,200.05020947079836,10.418859948594186
0.99,185.9611629537058,10.312369903183559
0.9902083333333334,171.0965227419264,10.216652207248512
0.9904166666666666,156.34727946096643,10.193242652825518
0.990625,137.94350757198157,10.115499472498822
0.9908333333333333,117.14330195038829,9.828447369815265
0.9910416666666667,92.60932147009653,9.29992120284675
0.99125,63.81369827497791,8.43554772641919
0.9914583333333333,32.69560051547442,7.219124702135977
0.9916666666666667,0.04479294364085987,5.813696258605285
0.991875,-32.117813336209835,4.2073175717737215
0.9920833333333333,-63.9851620282112,2.6055707207128074
0.9922916666666667,-91.9941350172667,1.0709640451848024
0.9925,-116.79983221229372,-0.25743332414815967
0.9927083333333333,-138.00371778989253,-1.298421624011223
0.9929166666666667,-156.14834137314045,-2.1377252550677994
0.993125,-171.1889588988094,-2.7502857114800756
0.9933333333333333,-186.2093736601336,-3.249328855864011
0.9935416666666667,-199.5874098665805,-3.7807929653678336
0.99375,-214.44999867294467,-4.342844015233278
0.9939583333333334,-230.1594533208627,-5.060120494991638
0.9941666666666666,-244.74844034841323,-5.7939165482123505
0.994375,-259.2143515132117,-6.600113638016386
0.9945833333333334,-272.9681011482371,-7.364176300916733
0.9947916666666666,-284.43297008221583,-8.079176176756699
0.995,-294.2830927798455,-8.677999487549659
0.9952083333333334,-301.4758167246858,-9.142458127690164
0.9954166666666666,-305.9652208865707,-9.549420871340049
0.995625,-308.6780730294512,-9.841922454809579
0.9958333333333333,-309.65844489123606,-10.17729665479605
0.9960416666666667,-308.3791416596136,-10.48736690646549
0.99625,-306.1599113795944,-10.782661668843474
0.9964583333333333,-301.07102972965816,-11.129165678860046
0.9966666666666667,-294.0535942451265,-11.357761377602927
0.996875,-285.0009005229993,-11.524603838061308
0.9970833333333333,-273.238602725888,-11.535729250584652
0.9972916666666667,-259.37486071438246,-11.437250863462124
0.9975,-244.16801382498758,-11.204731392425767
0.9977083333333333,-229.35207998106674,-10.905460789677257
0.9979166666666667,-214.9314087062884,-10.635498104425011
0.998125,-200.76525066378306,-10.412306909378911
0.9983333333333333,-185.65158267647396,-10.26472394257183
0.9985416666666667,-171.47795067224902,-10.224076623829617
0.99875,-155.61572593787048,-10.205588292300126
0.9989583333333333,-138.31589977919973,-10.107912683759853
0.9991666666666666,-117.01369737413322,-9.814762227981884
0.999375,-92.1841819391928,-9.30868090687079
0.9995833333333334,-64.17230912348252,-8.448853592250272
0.9997916666666666,-32.938702997640604,-7.284061174333666
