timestamp,voltage,current
0.0,0.0,-4.9252947119943995
0.00020833333333333335,24.410741799366402,-4.061949352520618
0.0004166666666666667,48.67098325814435,-3.1735607245533215
0.000625,72.63115192039153,-2.265606039403124
0.0008333333333333334,96.14352537874063,-1.3436831396295468
0.0010416666666666667,119.06314203216334,-0.4134759864801684
0.00125,141.24869482244534,0.519280383620578
0.0014583333333333334,162.56340243918964,1.4488352174780534
0.0016666666666666668,182.87585262207952,2.3694575004331773
0.001875,202.06081236116228,3.2754712899735563
0.0020833333333333333,220.0,4.161290709806516
0.0022916666666666667,236.58281448141406,5.021454388643941
0.0025,251.7070172397811,5.850659131372347
0.0027083333333333334,265.27936253578804,6.643792615014255
0.002916666666666667,277.21617234742223,7.395964907899369
0.003125,287.4438522728028,8.10253861771938
0.0033333333333333335,295.89934526414123,8.759157482593649
0.0035416666666666665,302.53052039540904,9.361773228872297
0.00375,307.29649426683255,9.906670530089443
0.003958333333333334,310.16788306464724,10.390489913186345
0.004166666666666667,311.1269837220809,10.81024847077994
0.004375,310.16788306464724,11.163358251778778
0.004583333333333333,307.2964942668325,11.447642216962086
0.004791666666666666,302.5305203954091,11.661347661150495
0.005,295.89934526414123,11.803157019216313
0.005208333333333333,287.4438522728028,11.872195989310667
0.005416666666666667,277.21617234742223,11.86803892322514
0.005625,265.2793625357881,11.79071145065451
0.005833333333333334,251.7070172397811,11.64069032118117
0.0060416666666666665,236.58281448141406,11.418900464955415
0.00625,220.00000000000003,11.126709290193485
0.006458333333333333,202.0608123611623,10.765918252651213
0.006666666666666667,182.87585262207955,10.338751749050243
0.006875,162.56340243918967,9.847843402932545
0.007083333333333333,141.24869482244537,9.296219827495538
0.007291666666666667,119.06314203216338,8.68728196551523
0.0075,96.14352537874066,8.024784121403126
0.0077083333333333335,72.63115192039157,7.312810814671058
0.007916666666666667,48.67098325814438,6.555751597510192
0.008125,24.41074179936644,5.758273991742043
0.008333333333333333,3.8102066474361705e-14,4.925294711994403
0.008541666666666666,-24.410741799366363,4.061949352520617
0.00875,-48.670983258144304,3.1735607245533255
0.008958333333333334,-72.63115192039137,2.2656060394031328
0.009166666666666667,-96.14352537874073,1.3436831396295403
0.009375,-119.06314203216343,0.4134759864801672
0.009583333333333333,-141.24869482244532,-0.5192803836205739
0.009791666666666667,-162.56340243918962,-1.4488352174780545
0.01,-182.8758526220795,-2.3694575004331733
0.010208333333333333,-202.06081236116225,-3.2754712899735576
0.010416666666666666,-219.9999999999999,-4.161290709806513
0.010625,-236.58281448141395,-5.0214543886439325
0.010833333333333334,-251.70701723978107,-5.850659131372343
0.011041666666666667,-265.2793625357881,-6.643792615014257
0.01125,-277.21617234742234,-7.3959649078993746
0.011458333333333333,-287.44385227280276,-8.102538617719373
0.011666666666666667,-295.89934526414123,-8.759157482593647
0.011875,-302.5305203954091,-9.361773228872297
0.012083333333333333,-307.29649426683255,-9.906670530089446
0.012291666666666666,-310.16788306464724,-10.39048991318634
0.0125,-311.1269837220809,-10.810248470779939
0.012708333333333334,-310.16788306464724,-11.16335825177878
0.012916666666666667,-307.29649426683255,-11.447642216962082
0.013125,-302.5305203954091,-11.661347661150494
0.013333333333333334,-295.89934526414123,-11.803157019216313
0.013541666666666667,-287.4438522728028,-11.872195989310667
0.01375,-277.2161723474221,-11.86803892322514
0.013958333333333333,-265.27936253578815,-11.790711450654511
0.014166666666666666,-251.70701723978115,-11.640690321181172
0.014375,-236.582814481414,-11.418900464955415
0.014583333333333334,-220.00000000000026,-11.12670929019349
0.014791666666666667,-202.06081236116242,-10.765918252651216
0.015,-182.87585262207958,-10.338751749050243
0.015208333333333334,-162.56340243918962,-9.847843402932545
0.015416666666666667,-141.24869482244517,-9.296219827495532
0.015625,-119.06314203216354,-8.687281965515236
0.015833333333333335,-96.14352537874072,-8.024784121403128
0.016041666666666666,-72.63115192039147,-7.31281081467106
0.01625,-48.670983258144695,-6.555751597510202
0.016458333333333332,-24.410741799366615,-5.758273991742054
0.016666666666666666,-7.620413294872341e-14,-4.925294711994405
0.016875,24.410741799366463,-4.061949352520618
0.017083333333333332,48.67098325814399,-3.1735607245533375
0.017291666666666667,72.63115192039133,-2.265606039403134
0.0175,96.14352537874056,-1.3436831396295523
0.017708333333333333,119.0631420321634,-0.41347598648016864
0.017916666666666668,141.24869482244554,0.519280383620583
0.018125,162.56340243918947,1.4488352174780428
0.018333333333333333,182.87585262207944,2.369457500433172
0.018541666666666668,202.0608123611623,3.2754712899735563
0.01875,219.99999999999974,4.161290709806503
0.018958333333333334,236.58281448141426,5.02145438864395
0.019166666666666665,251.70701723978104,5.850659131372342
0.019375,265.2793625357881,6.643792615014255
0.019583333333333335,277.21617234742206,7.395964907899356
0.019791666666666666,287.44385227280276,8.102538617719372
0.02,295.89934526414123,8.759157482593645
0.02020833333333333,302.5305203954091,9.361773228872295
0.020416666666666666,307.29649426683255,9.906670530089444
0.020625,310.16788306464724,10.39048991318634
0.020833333333333332,311.1269837220809,10.810248470779937
0.021041666666666667,310.16788306464724,11.16335825177877
0.02125,307.29649426683255,11.447642216962082
0.021458333333333333,302.5305203954091,11.661347661150494
0.021666666666666667,295.89934526414123,11.803157019216313
0.021875,287.44385227280304,11.872195989310667
0.022083333333333333,277.2161723474224,11.86803892322514
0.022291666666666668,265.27936253578815,11.790711450654511
0.0225,251.70701723978115,11.640690321181172
0.022708333333333334,236.582814481414,11.418900464955415
0.022916666666666665,220.00000000000026,11.12670929019349
0.023125,202.06081236116245,10.765918252651218
0.023333333333333334,182.87585262207958,10.338751749050244
0.023541666666666666,162.56340243918964,9.847843402932545
0.02375,141.2486948224457,9.296219827495547
0.023958333333333335,119.06314203216357,8.687281965515238
0.024166666666666666,96.14352537874127,8.024784121403146
0.024375,72.63115192039152,7.312810814671061
0.024583333333333332,48.67098325814418,6.555751597510186
0.024791666666666667,24.410741799366654,5.758273991742055
0.025,1.1430619942308512e-13,4.925294711994406
0.025208333333333333,-24.410741799365876,4.06194935252064
0.025416666666666667,-48.670983258143956,3.173560724553339
0.025625,-72.63115192039129,2.2656060394031354
0.025833333333333333,-96.14352537874052,1.3436831396295537
0.026041666666666668,-119.06314203216284,0.41347598648019124
0.02625,-141.248694822445,-0.5192803836205605
0.026458333333333334,-162.56340243918945,-1.4488352174780412
0.02666666666666667,-182.8758526220794,-2.3694575004331706
0.026875,-202.06081236116228,-3.275471289973555
0.027083333333333334,-219.99999999999972,-4.161290709806501
0.027291666666666665,-236.58281448141386,-5.02145438864393
0.0275,-251.70701723978104,-5.85065913137234
0.027708333333333335,-265.2793625357881,-6.643792615014254
0.027916666666666666,-277.21617234742206,-7.395964907899354
0.028125,-287.44385227280276,-8.102538617719372
0.028333333333333332,-295.899345264141,-8.759157482593631
0.028541666666666667,-302.5305203954089,-9.361773228872282
0.02875,-307.29649426683255,-9.906670530089444
0.028958333333333332,-310.1678830646472,-10.39048991318634
0.029166666666666667,-311.1269837220809,-10.810248470779937
0.029375,-310.16788306464724,-11.16335825177877
0.029583333333333333,-307.29649426683255,-11.447642216962082
0.029791666666666668,-302.5305203954091,-11.661347661150494
0.03,-295.8993452641413,-11.803157019216313
0.030208333333333334,-287.44385227280304,-11.872195989310667
0.030416666666666668,-277.2161723474224,-11.86803892322514
0.030625,-265.2793625357882,-11.790711450654511
0.030833333333333334,-251.70701723978118,-11.640690321181172
0.031041666666666665,-236.58281448141406,-11.418900464955417
0.03125,-220.0000000000003,-11.12670929019349
0.03145833333333333,-202.06081236116248,-10.765918252651218
0.03166666666666667,-182.87585262207963,-10.338751749050244
0.031875,-162.56340243918967,-9.847843402932547
0.03208333333333333,-141.24869482244574,-9.296219827495547
0.03229166666666667,-119.0631420321636,-8.687281965515238
0.0325,-96.1435253787413,-8.024784121403146
0.03270833333333333,-72.63115192039209,-7.31281081467108
0.032916666666666664,-48.670983258144226,-6.555751597510187
0.033125,-24.410741799366694,-5.7582739917420565
0.03333333333333333,-1.5240826589744682e-13,-4.9252947119944075
0.033541666666666664,24.410741799365837,-4.061949352520641
0.03375,48.67098325814392,-3.17356072455334
0.03395833333333333,72.63115192039126,-2.265606039403137
0.034166666666666665,96.14352537874049,-1.3436831396295552
0.034375,119.06314203216282,-0.4134759864801926
0.034583333333333334,141.24869482244497,0.5192803836205591
0.034791666666666665,162.56340243918942,1.4488352174780397
0.035,182.87585262207938,2.369457500433169
0.035208333333333335,202.06081236116228,3.2754712899735536
0.035416666666666666,219.99999999999972,4.1612907098065
0.035625,236.58281448141383,5.021454388643929
0.035833333333333335,251.707017239781,5.850659131372339
0.036041666666666666,265.27936253578804,6.643792615014252
0.03625,277.21617234742206,7.395964907899353
0.036458333333333336,287.44385227280253,8.102538617719356
0.03666666666666667,295.8993452641412,8.759157482593643
0.036875,302.53052039540887,9.36177322887228
0.037083333333333336,307.2964942668325,9.906670530089432
0.03729166666666667,310.16788306464724,10.390489913186348
0.0375,311.1269837220809,10.810248470779936
0.03770833333333334,310.16788306464724,11.16335825177877
0.03791666666666667,307.2964942668326,11.447642216962082
0.038125,302.530520395409,11.661347661150497
0.03833333333333333,295.8993452641413,11.803157019216313
0.03854166666666667,287.4438522728031,11.872195989310667
0.03875,277.2161723474227,11.86803892322514
0.03895833333333333,265.2793625357882,11.790711450654511
0.03916666666666667,251.7070172397812,11.640690321181173
0.039375,236.58281448141443,11.418900464955422
0.03958333333333333,219.99999999999994,11.126709290193483
0.03979166666666667,202.0608123611625,10.765918252651218
0.04,182.87585262208012,10.338751749050257
0.04020833333333333,162.56340243919016,9.847843402932561
0.04041666666666666,141.2486948224453,9.296219827495534
0.040625,119.06314203216364,8.68728196551524
0.04083333333333333,96.14352537874134,8.024784121403147
0.041041666666666664,72.63115192039159,7.312810814671064
0.04125,48.67098325814426,6.555751597510189
0.04145833333333333,24.41074179936673,5.758273991742057
0.041666666666666664,7.431828778284974e-13,4.925294711994428
0.041875,-24.410741799366352,4.061949352520624
0.042083333333333334,-48.67098325814388,3.1735607245533415
0.042291666666666665,-72.63115192039068,2.2656060394031594
0.0425,-96.14352537873992,1.3436831396295776
0.042708333333333334,-119.06314203216277,0.4134759864801941
0.042916666666666665,-141.24869482244492,-0.5192803836205576
0.043125,-162.56340243918936,-1.4488352174780383
0.043333333333333335,-182.87585262207935,-2.3694575004331675
0.043541666666666666,-202.06081236116225,-3.2754712899735523
0.04375,-220.00000000000006,-4.161290709806519
0.043958333333333335,-236.58281448141346,-5.0214543886439085
0.04416666666666667,-251.70701723978132,-5.850659131372356
0.044375,-265.27936253578775,-6.643792615014234
0.044583333333333336,-277.216172347422,-7.395964907899353
0.04479166666666667,-287.4438522728027,-8.102538617719368
0.045,-295.8993452641412,-8.759157482593643
0.045208333333333336,-302.53052039540904,-9.361773228872293
0.04541666666666667,-307.2964942668324,-9.90667053008942
0.045625,-310.16788306464724,-10.390489913186347
0.04583333333333333,-311.1269837220809,-10.810248470779927
0.04604166666666667,-310.1678830646473,-11.163358251778769
0.04625,-307.2964942668326,-11.447642216962082
0.04645833333333333,-302.53052039540916,-11.661347661150494
0.04666666666666667,-295.8993452641413,-11.80315701921631
0.046875,-287.44385227280287,-11.872195989310667
0.04708333333333333,-277.21617234742223,-11.86803892322514
0.04729166666666667,-265.2793625357879,-11.790711450654507
0.0475,-251.70701723978155,-11.640690321181177
0.04770833333333333,-236.58281448141446,-11.418900464955422
0.04791666666666667,-220.00000000000037,-11.126709290193492
0.048125,-202.06081236116256,-10.765918252651218
0.04833333333333333,-182.8758526220797,-10.338751749050246
0.048541666666666664,-162.5634024391907,-9.847843402932572
0.04875,-141.24869482244532,-9.296219827495536
0.04895833333333333,-119.06314203216317,-8.687281965515226
0.049166666666666664,-96.14352537874137,-8.024784121403147
0.049375,-72.63115192039109,-7.312810814671048
0.04958333333333333,-48.67098325814485,-6.5557515975102065
0.049791666666666665,-24.410741799366768,-5.758273991742059
0.05,-2.2861239884617023e-13,-4.92529471199441
0.050208333333333334,24.410741799366313,-4.0619493525206245
0.050416666666666665,48.67098325814439,-3.173560724553322
0.050625,72.63115192039065,-2.2656060394031607
0.050833333333333335,96.14352537873988,-1.343683139629579
0.051041666666666666,119.06314203216274,-0.4134759864801955
0.05125,141.2486948224449,0.5192803836205562
0.051458333333333335,162.56340243918933,1.448835217478037
0.051666666666666666,182.87585262207932,2.369457500433166
0.051875,202.0608123611622,3.275471289973551
0.052083333333333336,220.00000000000003,4.161290709806517
0.05229166666666667,236.58281448141346,5.021454388643907
0.0525,251.7070172397813,5.850659131372355
0.052708333333333336,265.2793625357877,6.643792615014233
0.05291666666666667,277.216172347422,7.3959649078993515
0.053125,287.4438522728027,8.102538617719368
0.05333333333333334,295.8993452641412,8.759157482593642
0.05354166666666667,302.53052039540904,9.361773228872293
0.05375,307.2964942668324,9.906670530089418
0.05395833333333333,310.16788306464724,10.390489913186347
0.05416666666666667,311.1269837220809,10.810248470779927
0.054375,310.1678830646473,11.163358251778769
0.05458333333333333,307.2964942668326,11.44764221696208
0.05479166666666667,302.53052039540916,11.661347661150492
0.055,295.89934526414135,11.80315701921631
0.05520833333333333,287.44385227280287,11.872195989310667
0.05541666666666667,277.21617234742223,11.86803892322514
0.055625,265.279362535788,11.79071145065451
0.05583333333333333,251.70701723978158,11.640690321181177
0.05604166666666666,236.5828144814145,11.418900464955422
0.05625,220.0000000000004,11.126709290193494
0.05645833333333333,202.0608123611626,10.76591825265122
0.056666666666666664,182.87585262207972,10.338751749050246
0.056875,162.56340243919072,9.847843402932574
0.05708333333333333,141.24869482244534,9.296219827495536
0.057291666666666664,119.06314203216422,8.687281965515256
0.0575,96.1435253787414,8.02478412140315
0.057708333333333334,72.63115192039113,7.3128108146710495
0.057916666666666665,48.67098325814488,6.555751597510208
0.058125,24.410741799366804,5.75827399174206
0.058333333333333334,2.6671446532053194e-13,4.925294711994411
0.058541666666666665,-24.410741799366274,4.061949352520626
0.05875,-48.670983258144354,3.1735607245533233
0.058958333333333335,-72.63115192039061,2.2656060394031625
0.059166666666666666,-96.14352537873985,1.3436831396295805
0.059375,-119.0631420321627,0.413475986480197
0.059583333333333335,-141.24869482244486,-0.5192803836205546
0.05979166666666667,-162.5634024391893,-1.4488352174780355
0.06,-182.87585262207932,-2.369457500433165
0.060208333333333336,-202.06081236116216,-3.275471289973549
0.06041666666666667,-220.00000000000003,-4.161290709806516
0.060625,-236.58281448141344,-5.021454388643906
0.060833333333333336,-251.70701723978124,-5.850659131372354
0.06104166666666667,-265.2793625357877,-6.643792615014231
0.06125,-277.21617234742195,-7.395964907899351
0.06145833333333333,-287.4438522728027,-8.102538617719366
0.06166666666666667,-295.8993452641412,-8.759157482593642
0.061875,-302.530520395409,-9.361773228872291
0.06208333333333333,-307.2964942668324,-9.906670530089418
0.06229166666666667,-310.16788306464724,-10.390489913186345
0.0625,-311.1269837220809,-10.810248470779925
0.06270833333333334,-310.1678830646473,-11.163358251778769
0.06291666666666666,-307.2964942668326,-11.44764221696208
0.063125,-302.53052039540916,-11.661347661150492
0.06333333333333334,-295.89934526414135,-11.80315701921631
0.06354166666666666,-287.4438522728029,-11.872195989310667
0.06375,-277.21617234742223,-11.86803892322514
0.06395833333333334,-265.279362535788,-11.79071145065451
0.06416666666666666,-251.70701723978158,-11.640690321181179
0.064375,-236.5828144814145,-11.418900464955422
0.06458333333333334,-220.0000000000004,-11.126709290193494
0.06479166666666666,-202.06081236116262,-10.76591825265122
0.065,-182.87585262207975,-10.338751749050248
0.06520833333333333,-162.56340243919075,-9.847843402932575
0.06541666666666666,-141.24869482244537,-9.296219827495538
0.065625,-119.06314203216427,-8.687281965515258
0.06583333333333333,-96.14352537874146,-8.024784121403151
0.06604166666666667,-72.63115192039116,-7.31281081467105
0.06625,-48.670983258144915,-6.555751597510209
0.06645833333333333,-24.410741799366843,-5.758273991742062
0.06666666666666667,-3.0481653179489364e-13,-4.925294711994413
0.066875,24.410741799366235,-4.061949352520627
0.06708333333333333,48.67098325814432,-3.1735607245533255
0.06729166666666667,72.63115192039056,-2.265606039403164
0.0675,96.14352537874088,-1.3436831396295401
0.06770833333333333,119.06314203216267,-0.4134759864801985
0.06791666666666667,141.24869482244483,0.5192803836205533
0.068125,162.56340243918928,1.448835217478034
0.06833333333333333,182.87585262207926,2.3694575004331635
0.06854166666666667,202.06081236116214,3.275471289973548
0.06875,219.9999999999992,4.161290709806474
0.06895833333333333,236.58281448141338,5.021454388643905
0.06916666666666667,251.70701723978124,5.850659131372353
0.069375,265.27936253578764,6.64379261501423
0.06958333333333333,277.21617234742195,7.395964907899349
0.06979166666666667,287.44385227280264,8.102538617719366
0.07,295.8993452641412,8.75915748259364
0.07020833333333333,302.530520395409,9.36177322887229
0.07041666666666667,307.2964942668323,9.906670530089416
0.070625,310.16788306464724,10.390489913186345
0.07083333333333333,311.1269837220809,10.810248470779925
0.07104166666666667,310.1678830646473,11.163358251778769
0.07125,307.2964942668326,11.44764221696208
0.07145833333333333,302.53052039540916,11.661347661150492
0.07166666666666667,295.89934526414135,11.80315701921631
0.071875,287.4438522728029,11.872195989310667
0.07208333333333333,277.21617234742223,11.86803892322514
0.07229166666666667,265.279362535788,11.79071145065451
0.0725,251.70701723978163,11.640690321181179
0.07270833333333333,236.58281448141454,11.418900464955424
0.07291666666666667,220.00000000000043,11.126709290193494
0.073125,202.06081236116347,10.765918252651238
0.07333333333333333,182.8758526220789,10.338751749050227
0.07354166666666667,162.56340243918982,9.84784340293255
0.07375,141.2486948224454,9.296219827495538
0.07395833333333333,119.0631420321643,8.687281965515258
0.07416666666666667,96.1435253787415,8.024784121403151
0.074375,72.63115192039228,7.312810814671085
0.07458333333333333,48.670983258146045,6.5557515975102465
0.07479166666666667,24.41074179936578,5.758273991742025
0.075,3.4291859826925535e-13,4.925294711994414
0.07520833333333334,-24.4107417993662,4.061949352520628
0.07541666666666667,-48.670983258144275,3.173560724553327
0.075625,-72.63115192039054,2.2656060394031647
0.07583333333333334,-96.14352537873978,1.3436831396295834
0.07604166666666666,-119.06314203216263,0.4134759864801999
0.07625,-141.2486948224458,-0.519280383620594
0.07645833333333334,-162.5634024391902,-1.4488352174780745
0.07666666666666666,-182.87585262207924,-2.369457500433162
0.076875,-202.0608123611621,-3.2754712899735465
0.07708333333333334,-219.99999999999915,-4.161290709806473
0.07729166666666666,-236.58281448141335,-5.021454388643903
0.0775,-251.70701723978055,-5.850659131372314
0.07770833333333334,-265.2793625357871,-6.643792615014195
0.07791666666666666,-277.21617234742246,-7.395964907899381
0.078125,-287.44385227280264,-8.102538617719365
0.07833333333333334,-295.8993452641411,-8.759157482593638
0.07854166666666666,-302.530520395409,-9.36177322887229
0.07875,-307.2964942668323,-9.906670530089416
0.07895833333333334,-310.1678830646471,-10.390489913186325
0.07916666666666666,-311.1269837220809,-10.810248470779925
0.079375,-310.1678830646472,-11.163358251778783
0.07958333333333334,-307.29649426683244,-11.447642216962091
0.07979166666666666,-302.53052039540916,-11.661347661150492
0.08,-295.89934526414135,-11.80315701921631
0.08020833333333334,-287.4438522728034,-11.872195989310665
0.08041666666666666,-277.21617234742274,-11.86803892322514
0.080625,-265.2793625357886,-11.790711450654515
0.08083333333333333,-251.707017239781,-11.64069032118117
0.08104166666666666,-236.58281448141383,-11.418900464955412
0.08125,-220.00000000000048,-11.126709290193494
0.08145833333333333,-202.06081236116265,-10.765918252651222
0.08166666666666667,-182.87585262207983,-10.33875174905025
0.081875,-162.5634024391908,-9.847843402932577
0.08208333333333333,-141.24869482244642,-9.296219827495564
0.08229166666666667,-119.06314203216331,-8.68728196551523
0.0825,-96.14352537874048,-8.02478412140312
0.08270833333333333,-72.63115192039125,-7.312810814671053
0.08291666666666667,-48.67098325814499,-6.555751597510212
0.083125,-24.41074179936692,-5.758273991742064
0.08333333333333333,-3.810206647436171e-13,-4.925294711994415
0.08354166666666667,24.41074179936506,-4.06194935252067
0.08375,48.670983258143146,-3.173560724553369
0.08395833333333333,72.63115192039157,-2.265606039403125
0.08416666666666667,96.1435253787408,-1.3436831396295428
0.084375,119.0631420321626,-0.4134759864802014
0.08458333333333333,141.24869482244478,0.5192803836205504
0.08479166666666667,162.56340243918825,1.4488352174779893
0.085,182.87585262208012,2.3694575004332017
0.08520833333333333,202.06081236116208,3.275471289973545
0.08541666666666667,220.0000000000007,4.161290709806551
0.085625,236.5828144814141,5.0214543886439404
0.08583333333333333,251.70701723978183,5.850659131372386
0.08604166666666667,265.2793625357882,6.6437926150142985
0.08625,277.21617234742195,7.39596490789938
0.08645833333333333,287.4438522728031,8.102538617719425
0.08666666666666667,295.8993452641411,8.759157482593666
0.086875,302.53052039540927,9.361773228872341
0.08708333333333333,307.29649426683284,9.906670530089508
0.08729166666666667,310.1678830646473,10.390489913186386
0.0875,311.1269837220809,10.810248470779959
0.08770833333333333,310.1678830646471,11.16335825177881
0.08791666666666667,307.2964942668325,11.447642216962102
0.088125,302.53052039540916,11.661347661150499
0.08833333333333333,295.899345264141,11.80315701921632
0.08854166666666667,287.44385227280213,11.87219598931067
0.08875,277.2161723474218,11.868038923225134
0.08895833333333333,265.27936253578804,11.790711450654504
0.08916666666666667,251.70701723978036,11.640690321181154
0.089375,236.58281448141386,11.418900464955401
0.08958333333333333,220.00000000000048,11.12670929019348
0.08979166666666667,202.06081236116185,10.765918252651188
0.09,182.87585262207807,10.338751749050187
0.09020833333333333,162.56340243918896,9.847843402932506
0.09041666666666667,141.2486948224455,9.296219827495513
0.090625,119.06314203216232,8.687281965515172
0.09083333333333334,96.1435253787405,8.02478412140309
0.09104166666666667,72.63115192039234,7.312810814671053
0.09125,48.67098325814394,6.555751597510143
0.09145833333333334,24.410741799364754,5.758273991741954
0.09166666666666666,-6.862223596953989e-13,4.92529471199434
0.091875,-24.41074179936612,4.061949352520592
0.09208333333333334,-48.6709832581453,3.1735607245532482
0.09229166666666666,-72.63115192039153,2.2656060394030852
0.0925,-96.14352537873971,1.3436831396295443
0.09270833333333334,-119.06314203216358,0.41347598648011846
0.09291666666666666,-141.2486948224467,-0.5192803836206753
0.093125,-162.56340243919013,-1.4488352174781134
0.09333333333333334,-182.87585262208097,-2.369457500433283
0.09354166666666666,-202.0608123611629,-3.275471289973625
0.09375,-219.9999999999999,-4.161290709806549
0.09395833333333334,-236.58281448141477,-5.021454388644015
0.09416666666666666,-251.70701723978118,-5.850659131372386
0.094375,-265.2793625357888,-6.643792615014331
0.09458333333333334,-277.2161723474224,-7.395964907899411
0.09479166666666666,-287.44385227280344,-8.102538617719455
0.095,-295.8993452641414,-8.759157482593695
0.09520833333333334,-302.530520395409,-9.361773228872314
0.09541666666666666,-307.29649426683267,-9.906670530089484
0.095625,-310.16788306464724,-10.390489913186364
0.09583333333333334,-311.1269837220809,-10.81024847077994
0.09604166666666666,-310.16788306464724,-11.163358251778796
0.09625,-307.2964942668323,-11.447642216962112
0.09645833333333333,-302.5305203954089,-11.661347661150508
0.09666666666666666,-295.89934526414135,-11.803157019216314
0.096875,-287.44385227280253,-11.872195989310669
0.09708333333333333,-277.2161723474223,-11.868038923225138
0.09729166666666667,-265.27936253578866,-11.79071145065451
0.0975,-251.70701723977973,-11.640690321181145
0.09770833333333333,-236.58281448141318,-11.41890046495539
0.09791666666666667,-219.99999999999974,-11.126709290193466
0.098125,-202.06081236116103,-10.765918252651169
0.09833333333333333,-182.87585262207895,-10.338751749050209
0.09854166666666667,-162.56340243918993,-9.847843402932531
0.09875,-141.2486948224465,-9.296219827495541
0.09895833333333333,-119.06314203216134,-8.687281965515146
0.09916666666666667,-96.1435253787395,-8.02478412140306
0.099375,-72.6311519203913,-7.312810814671022
0.09958333333333333,-48.67098325814289,-6.55575159751011
0.09979166666666667,-24.410741799365894,-5.7582739917419925
0.1,-4.572247976923405e-13,-4.925294711994379
0.10020833333333333,24.410741799367184,-4.0619493525205534
0.10041666666666667,48.67098325814635,-3.1735607245532087
0.100625,72.63115192039257,-2.265606039403045
0.10083333333333333,96.14352537874073,-1.3436831396295037
0.10104166666666667,119.06314203216456,-0.4134759864800777
0.10125,141.24869482244569,0.5192803836206318
0.10145833333333333,162.56340243918916,1.44883521747807
0.10166666666666667,182.87585262208003,2.3694575004332403
0.101875,202.06081236116202,3.275471289973583
0.10208333333333333,220.00000000000065,4.161290709806587
0.10229166666666667,236.582814481414,5.021454388643976
0.1025,251.7070172397818,5.850659131372421
0.10270833333333333,265.27936253578815,6.643792615014296
0.10291666666666667,277.2161723474219,7.395964907899378
0.103125,287.44385227280304,8.102538617719423
0.10333333333333333,295.89934526414106,8.759157482593665
0.10354166666666667,302.53052039540927,9.36177322887234
0.10375,307.29649426683284,9.906670530089507
0.10395833333333333,310.1678830646473,10.390489913186384
0.10416666666666667,311.1269837220809,10.810248470779957
0.104375,310.1678830646471,11.16335825177881
0.10458333333333333,307.2964942668325,11.447642216962102
0.10479166666666667,302.5305203954092,11.661347661150497
0.105,295.89934526414106,11.80315701921632
0.10520833333333333,287.44385227280213,11.87219598931067
0.10541666666666667,277.21617234742183,11.868038923225134
0.105625,265.2793625357881,11.790711450654504
0.10583333333333333,251.7070172397804,11.640690321181154
0.10604166666666667,236.58281448141392,11.418900464955401
0.10625,220.00000000000054,11.126709290193482
0.10645833333333334,202.0608123611619,10.765918252651188
0.10666666666666667,182.87585262207813,10.33875174905019
0.106875,162.56340243918902,9.847843402932508
0.10708333333333334,141.24869482244554,9.296219827495516
0.10729166666666666,119.06314203216239,8.687281965515176
0.1075,96.14352537874058,8.024784121403092
0.10770833333333334,72.63115192039243,7.312810814671056
0.10791666666666666,48.67098325814402,6.555751597510145
0.108125,24.410741799364832,5.758273991741957
0.10833333333333334,-6.100182267466754e-13,4.925294711994343
0.10854166666666666,-24.410741799366043,4.061949352520594
0.10875,-48.67098325814522,3.173560724553251
0.10895833333333334,-72.63115192039146,2.265606039403088
0.10916666666666666,-96.14352537873964,1.3436831396295472
0.109375,-119.06314203216351,0.4134759864801214
0.10958333333333334,-141.24869482244665,-0.5192803836206724
0.10979166666666666,-162.56340243919007,-1.4488352174781107
0.11,-182.8758526220809,-2.3694575004332803
0.11020833333333334,-202.06081236116282,-3.2754712899736225
0.11041666666666666,-219.99999999999986,-4.161290709806546
0.110625,-236.58281448141472,-5.021454388644012
0.11083333333333334,-251.7070172397811,-5.8506591313723835
0.11104166666666666,-265.2793625357887,-6.643792615014329
0.11125,-277.2161723474224,-7.39596490789941
0.11145833333333334,-287.44385227280344,-8.102538617719453
0.11166666666666666,-295.8993452641414,-8.759157482593691
0.111875,-302.530520395409,-9.361773228872313
0.11208333333333333,-307.29649426683267,-9.906670530089484
0.11229166666666666,-310.16788306464724,-10.390489913186363
0.1125,-311.1269837220809,-10.81024847077994
0.11270833333333333,-310.16788306464724,-11.163358251778796
0.11291666666666667,-307.2964942668323,-11.447642216962112
0.113125,-302.5305203954089,-11.661347661150506
0.11333333333333333,-295.8993452641414,-11.803157019216314
0.11354166666666667,-287.4438522728026,-11.872195989310669
0.11375,-277.21617234742234,-11.868038923225138
0.11395833333333333,-265.2793625357887,-11.79071145065451
0.11416666666666667,-251.7070172397798,-11.640690321181145
0.114375,-236.5828144814132,-11.418900464955392
0.11458333333333333,-219.99999999999977,-11.126709290193467
0.11479166666666667,-202.0608123611628,-10.765918252651208
0.115,-182.87585262207904,-10.33875174905021
0.11520833333333333,-162.56340243918999,-9.847843402932531
0.11541666666666667,-141.24869482244657,-9.296219827495543
0.115625,-119.06314203216141,-8.687281965515147
0.11583333333333333,-96.14352537873955,-8.024784121403064
0.11604166666666667,-72.63115192039139,-7.312810814671025
0.11625,-48.67098325814297,-6.555751597510112
0.11645833333333333,-24.410741799365972,-5.758273991741995
0.11666666666666667,-5.334289306410639e-13,-4.925294711994382
0.116875,24.41074179936711,-4.061949352520556
0.11708333333333333,48.67098325814627,-3.1735607245532114
0.11729166666666667,72.6311519203925,-2.265606039403048
0.1175,96.14352537874065,-1.3436831396295068
0.11770833333333333,119.0631420321645,-0.4134759864800806
0.11791666666666667,141.24869482244563,0.5192803836206289
0.118125,162.5634024391891,1.4488352174780672
0.11833333333333333,182.87585262207998,2.3694575004332377
0.11854166666666667,202.06081236116196,3.2754712899735803
0.11875,220.0000000000006,4.161290709806584
0.11895833333333333,236.58281448141398,5.021454388643973
0.11916666666666667,251.70701723978178,5.850659131372418
0.119375,265.2793625357881,6.643792615014293
0.11958333333333333,277.2161723474219,7.395964907899375
0.11979166666666667,287.44385227280304,8.102538617719421
0.12,295.89934526414106,8.759157482593663
0.12020833333333333,302.5305203954092,9.361773228872337
0.12041666666666667,307.29649426683284,9.906670530089505
0.120625,310.1678830646473,10.390489913186382
0.12083333333333333,311.1269837220809,10.810248470779957
0.12104166666666667,310.1678830646471,11.16335825177881
0.12125,307.2964942668325,11.4476422169621
0.12145833333333333,302.5305203954092,11.661347661150497
0.12166666666666667,295.89934526414106,11.80315701921632
0.121875,287.44385227280213,11.87219598931067
0.12208333333333334,277.2161723474219,11.868038923225134
0.12229166666666667,265.2793625357881,11.790711450654506
0.1225,251.70701723978044,11.640690321181156
0.12270833333333334,236.58281448141398,11.418900464955403
0.12291666666666666,220.0000000000006,11.126709290193482
0.123125,202.06081236116196,10.765918252651188
0.12333333333333334,182.87585262207818,10.338751749050191
0.12354166666666666,162.5634024391891,9.84784340293251
0.12375,141.24869482244563,9.296219827495518
0.12395833333333334,119.06314203216246,8.687281965515178
0.12416666666666666,96.14352537874065,8.024784121403096
0.124375,72.6311519203925,7.312810814671058
0.12458333333333334,48.67098325814409,6.555751597510148
0.12479166666666666,24.410741799364903,5.75827399174196
0.125,-5.338140937979521e-13,4.925294711994345
0.12520833333333334,-24.410741799365972,4.061949352520597
0.12541666666666668,-48.67098325814514,3.1735607245532536
0.125625,-72.63115192039139,2.2656060394030906
0.12583333333333332,-96.14352537873955,1.34368313962955
0.12604166666666666,-119.06314203216344,0.4134759864801243
0.12625,-141.24869482244657,-0.5192803836206695
0.12645833333333334,-162.56340243918999,-1.4488352174781076
0.12666666666666668,-182.87585262208083,-2.369457500433277
0.126875,-202.0608123611628,-3.275471289973619
0.12708333333333333,-219.99999999999977,-4.1612907098065435
0.12729166666666666,-236.58281448141466,-5.02145438864401
0.1275,-251.70701723978107,-5.850659131372381
0.12770833333333334,-265.2793625357887,-6.643792615014326
0.12791666666666668,-277.21617234742234,-7.395964907899407
0.128125,-287.44385227280344,-8.102538617719452
0.12833333333333333,-295.8993452641414,-8.75915748259369
0.12854166666666667,-302.5305203954089,-9.36177322887231
0.12875,-307.29649426683267,-9.906670530089482
0.12895833333333334,-310.16788306464724,-10.39048991318636
0.12916666666666668,-311.1269837220809,-10.810248470779973
0.129375,-310.16788306464724,-11.163358251778794
0.12958333333333333,-307.2964942668323,-11.44764221696211
0.12979166666666667,-302.530520395409,-11.661347661150506
0.13,-295.8993452641414,-11.803157019216314
0.13020833333333334,-287.4438522728026,-11.872195989310669
0.13041666666666665,-277.2161723474224,-11.868038923225138
0.130625,-265.2793625357887,-11.790711450654511
0.13083333333333333,-251.70701723977984,-11.640690321181147
0.13104166666666667,-236.5828144814133,-11.418900464955392
0.13125,-219.99999999999986,-11.12670929019347
0.13145833333333334,-202.06081236116282,-10.765918252651208
0.13166666666666665,-182.8758526220791,-10.33875174905021
0.131875,-162.56340243919007,-9.847843402932535
0.13208333333333333,-141.24869482244665,-9.296219827495545
0.13229166666666667,-119.06314203216148,-8.68728196551515
0.1325,-96.14352537873964,-8.024784121403066
0.13270833333333334,-72.63115192039146,-7.312810814671026
0.13291666666666666,-48.67098325814303,-6.555751597510113
0.133125,-24.410741799366043,-5.758273991741998
0.13333333333333333,-6.096330635897873e-13,-4.925294711994384
0.13354166666666667,24.410741799367035,-4.061949352520559
0.13375,48.6709832581462,-3.1735607245532145
0.13395833333333335,72.63115192039243,-2.265606039403051
0.13416666666666666,96.14352537874058,-1.3436831396295095
0.134375,119.06314203216444,-0.4134759864800836
0.13458333333333333,141.24869482244554,0.519280383620626
0.13479166666666667,162.56340243918902,1.4488352174780643
0.135,182.8758526220799,2.3694575004332346
0.13520833333333335,202.06081236116358,3.2754712899736584
0.13541666666666666,220.00000000000054,4.1612907098065826
0.135625,236.58281448141392,5.021454388643971
0.13583333333333333,251.7070172397817,5.850659131372416
0.13604166666666667,265.2793625357881,6.6437926150142905
0.13625,277.21617234742183,7.395964907899373
0.13645833333333332,287.443852272803,8.102538617719418
0.13666666666666666,295.89934526414106,8.75915748259366
0.136875,302.5305203954092,9.361773228872336
0.13708333333333333,307.29649426683284,9.906670530089503
0.13729166666666667,310.1678830646473,10.39048991318638
0.1375,311.1269837220809,10.810248470779957
0.13770833333333332,310.1678830646473,11.16335825177878
0.13791666666666666,307.2964942668325,11.447642216962098
0.138125,302.53052039540927,11.661347661150497
0.13833333333333334,295.89934526414106,11.80315701921632
0.13854166666666667,287.4438522728022,11.87219598931067
0.13875,277.2161723474219,11.868038923225136
0.13895833333333332,265.27936253578815,11.790711450654506
0.13916666666666666,251.7070172397805,11.640690321181156
0.139375,236.582814481414,11.418900464955403
0.13958333333333334,220.00000000000065,11.126709290193483
0.13979166666666668,202.06081236116202,10.76591825265119
0.14,182.87585262207824,10.338751749050191
0.14020833333333332,162.56340243918916,9.84784340293251
0.14041666666666666,141.24869482244569,9.296219827495518
0.140625,119.06314203216253,8.68728196551518
0.14083333333333334,96.14352537874073,8.024784121403098
0.14104166666666668,72.63115192039257,7.312810814671061
0.14125,48.67098325814417,6.555751597510151
0.14145833333333332,24.41074179936498,5.758273991741962
0.14166666666666666,-4.576099608492287e-13,4.925294711994348
0.141875,-24.410741799365894,4.0619493525206
0.14208333333333334,-48.67098325814507,3.173560724553256
0.14229166666666668,-72.6311519203913,2.2656060394030937
0.1425,-96.1435253787395,1.343683139629553
0.14270833333333333,-119.06314203216338,0.4134759864801272
0.14291666666666666,-141.2486948224465,-0.5192803836206666
0.143125,-162.56340243918993,-1.448835217478105
0.14333333333333334,-182.87585262208077,-2.3694575004332745
0.14354166666666668,-202.06081236116273,-3.2754712899736163
0.14375,-219.99999999999974,-4.161290709806541
0.14395833333333333,-236.5828144814146,-5.021454388644007
0.14416666666666667,-251.70701723978104,-5.850659131372378
0.144375,-265.27936253578866,-6.643792615014325
0.14458333333333334,-277.2161723474223,-7.395964907899405
0.14479166666666668,-287.4438522728034,-8.102538617719448
0.145,-295.8993452641407,-8.759157482593631
0.14520833333333333,-302.5305203954089,-9.361773228872309
0.14541666666666667,-307.29649426683267,-9.90667053008948
0.145625,-310.16788306464724,-10.39048991318636
0.14583333333333334,-311.1269837220809,-10.810248470779971
0.14604166666666665,-310.16788306464724,-11.163358251778794
0.14625,-307.2964942668323,-11.44764221696211
0.14645833333333333,-302.5305203954095,-11.661347661150488
0.14666666666666667,-295.8993452641414,-11.803157019216314
0.146875,-287.4438522728018,-11.872195989310672
0.14708333333333334,-277.2161723474224,-11.868038923225138
0.14729166666666665,-265.27936253578764,-11.7907114506545
0.1475,-251.70701723978118,-11.640690321181165
0.14770833333333333,-236.58281448141332,-11.418900464955392
0.14791666666666667,-220.00000000000148,-11.1267092901935
0.148125,-202.0608123611629,-10.765918252651208
0.14833333333333334,-182.8758526220774,-10.338751749050171
0.14854166666666666,-162.56340243919013,-9.847843402932536
0.14875,-141.24869482244475,-9.296219827495493
0.14895833333333333,-119.06314203216358,-8.687281965515208
0.14916666666666667,-96.14352537873971,-8.024784121403068
0.149375,-72.63115192039369,-7.312810814671096
0.14958333333333335,-48.67098325814311,-6.555751597510116
0.14979166666666666,-24.41074179936392,-5.758273991741926
0.15,-6.858371965385107e-13,-4.925294711994387
0.15020833333333333,24.41074179936696,-4.061949352520561
0.15041666666666667,48.67098325814394,-3.1735607245532984
0.150625,72.63115192039234,-2.2656060394030537
0.15083333333333335,96.1435253787384,-1.3436831396295965
0.15104166666666666,119.06314203216436,-0.4134759864800865
0.15125,141.24869482244745,0.5192803836207074
0.15145833333333333,162.56340243918896,1.4488352174780614
0.15166666666666667,182.87585262207986,2.369457500433232
0.151875,202.06081236116185,3.275471289973575
0.15208333333333332,220.00000000000048,4.16129070980658
0.15229166666666666,236.58281448141386,5.021454388643968
0.1525,251.70701723978166,5.850659131372414
0.15270833333333333,265.27936253578923,6.643792615014358
0.15291666666666667,277.2161723474218,7.39596490789937
0.153125,287.4438522728038,8.102538617719478
0.15333333333333332,295.899345264141,8.75915748259366
0.15354166666666666,302.53052039540916,9.361773228872334
0.15375,307.2964942668325,9.906670530089455
0.15395833333333334,310.1678830646473,10.39048991318638
0.15416666666666667,311.1269837220809,10.810248470779989
0.154375,310.1678830646473,11.163358251778778
0.15458333333333332,307.29649426683216,11.447642216962121
0.15479166666666666,302.53052039540927,11.661347661150497
0.155,295.8993452641411,11.80315701921632
0.15520833333333334,287.44385227280304,11.872195989310669
0.15541666666666668,277.21617234742195,11.868038923225136
0.155625,265.27936253578935,11.790711450654516
0.15583333333333332,251.70701723978055,11.640690321181156
0.15604166666666666,236.58281448141264,11.418900464955382
0.15625,220.0000000000007,11.126709290193483
0.15645833333333334,202.06081236116208,10.765918252651192
0.15666666666666668,182.87585262208012,10.338751749050235
0.156875,162.56340243918925,9.847843402932513
0.15708333333333332,141.24869482244773,9.296219827495573
0.15729166666666666,119.0631420321626,8.687281965515181
0.1575,96.1435253787387,8.024784121403037
0.15770833333333334,72.63115192039265,7.312810814671063
0.15791666666666668,48.67098325814424,6.555751597510153
0.158125,24.410741799367262,5.758273991742039
0.15833333333333333,-3.814058279005053e-13,4.925294711994351
0.15854166666666666,-24.41074179936582,4.061949352520602
0.15875,-48.67098325814499,3.1735607245532593
0.15895833333333334,-72.63115192039338,2.2656060394030137
0.15916666666666668,-96.14352537873943,1.3436831396295559
0.159375,-119.06314203216535,0.41347598648004574
0.15958333333333333,-141.24869482244446,-0.5192803836205794
0.15979166666666667,-162.56340243918984,-1.4488352174781018
0.16,-182.87585262207892,-2.369457500433189
0.16020833333333334,-202.06081236116265,-3.2754712899736136
0.16041666666666668,-220.00000000000128,-4.161290709806618
0.160625,-236.58281448141312,-5.021454388643928
0.16083333333333333,-251.7070172397823,-5.850659131372449
0.16104166666666667,-265.27936253578747,-6.643792615014252
0.16125,-277.2161723474223,-7.395964907899403
0.16145833333333334,-287.4438522728025,-8.102538617719386
0.16166666666666665,-295.89934526414135,-8.759157482593686
0.161875,-302.53052039540944,-9.361773228872359
0.16208333333333333,-307.29649426683267,-9.906670530089478
0.16229166666666667,-310.16788306464736,-10.390489913186398
0.1625,-311.1269837220809,-10.810248470779936
0.16270833333333334,-310.16788306464724,-11.163358251778792
0.16291666666666665,-307.29649426683267,-11.447642216962086
0.163125,-302.530520395409,-11.661347661150504
0.16333333333333333,-295.8993452641408,-11.803157019216323
0.16354166666666667,-287.44385227280264,-11.872195989310669
0.16375,-277.21617234742143,-11.868038923225134
0.16395833333333334,-265.2793625357888,-11.790711450654511
0.16416666666666666,-251.7070172397812,-11.640690321181165
0.164375,-236.5828144814148,-11.418900464955417
0.16458333333333333,-219.99999999999994,-11.12670929019347
0.16479166666666667,-202.06081236116128,-10.765918252651174
0.165,-182.87585262207924,-10.338751749050214
0.16520833333333335,-162.5634024391883,-9.84784340293249
0.16541666666666666,-141.24869482244677,-9.296219827495548
0.165625,-119.06314203216162,-8.687281965515153
0.16583333333333333,-96.14352537874188,-8.024784121403131
0.16604166666666667,-72.6311519203916,-7.312810814671031
0.16625,-48.67098325814319,-6.555751597510119
0.16645833333333335,-24.4107417993662,-5.758273991742003
0.16666666666666666,1.4486488523395213e-12,-4.925294711994313
0.166875,24.410741799366882,-4.061949352520564
0.16708333333333333,48.670983258146045,-3.17356072455322
0.16729166666666667,72.63115192039012,-2.2656060394031394
0.1675,96.14352537874043,-1.3436831396295152
0.16770833333333332,119.06314203216226,-0.41347598648017375
0.16791666666666666,141.2486948224454,0.5192803836206201
0.168125,162.56340243919078,1.4488352174781425
0.16833333333333333,182.8758526220798,2.369457500433229
0.16854166666666667,202.06081236116347,3.2754712899736527
0.16875,219.9999999999989,4.161290709806497
0.16895833333333332,236.5828144814138,5.021454388643965
0.16916666666666666,251.70701723978033,5.850659131372337
0.169375,265.279362535788,6.643792615014285
0.16958333333333334,277.21617234742376,7.395964907899501
0.16979166666666667,287.4438522728021,8.102538617719352
0.17,295.8993452641417,8.759157482593714
0.17020833333333332,302.53052039540916,9.36177322887233
0.17041666666666666,307.29649426683244,9.906670530089453
0.170625,310.1678830646471,10.390489913186336
0.17083333333333334,311.1269837220809,10.810248470779987
0.17104166666666668,310.1678830646471,11.163358251778806
0.17125,307.2964942668325,11.447642216962096
0.17145833333333332,302.53052039540927,11.661347661150497
0.17166666666666666,295.8993452641418,11.803157019216309
0.171875,287.44385227280225,11.87219598931067
0.17208333333333334,277.21617234742195,11.868038923225136
0.17229166666666668,265.27936253578827,11.790711450654506
0.1725,251.70701723977928,11.64069032118114
0.17270833333333332,236.58281448141554,11.418900464955428
0.17291666666666666,219.9999999999992,11.126709290193455
0.173125,202.06081236116214,10.765918252651193
0.17333333333333334,182.87585262208015,10.338751749050237
0.17354166666666668,162.56340243919118,9.847843402932561
0.17375,141.24869482244384,9.29621982749547
0.17395833333333333,119.06314203216267,8.687281965515183
0.17416666666666666,96.14352537874088,8.024784121403101
0.174375,72.63115192038842,7.312810814670932
0.17458333333333334,48.6709832581465,6.555751597510225
0.17479166666666668,24.410741799365134,5.758273991741967
0.175,-3.0520169495178187e-13,4.925294711994353
0.17520833333333333,-24.41074179936574,4.061949352520605
0.17541666666666667,-48.6709832581471,3.173560724553181
0.175625,-72.63115192039331,2.2656060394030164
0.17583333333333334,-96.14352537874146,1.3436831396294748
0.17604166666666668,-119.06314203216324,0.41347598648013306
0.17625,-141.2486948224444,-0.5192803836205765
0.17645833333333333,-162.5634024391879,-1.4488352174780155
0.17666666666666667,-182.87585262208066,-2.3694575004332687
0.176875,-202.06081236116262,-3.275471289973611
0.17708333333333334,-219.99999999999963,-4.161290709806536
0.17729166666666665,-236.58281448141594,-5.021454388644079
0.1775,-251.70701723977965,-5.850659131372299
0.17770833333333333,-265.27936253578855,-6.64379261501432
0.17791666666666667,-277.21617234742223,-7.3959649078994
0.178125,-287.4438522728025,-8.102538617719382
0.17833333333333334,-295.899345264142,-8.759157482593741
0.17854166666666665,-302.53052039540944,-9.361773228872357
0.17875,-307.2964942668326,-9.906670530089476
0.17895833333333333,-310.1678830646472,-10.390489913186357
0.17916666666666667,-311.1269837220809,-10.810248470780005
0.179375,-310.1678830646474,-11.163358251778762
0.17958333333333334,-307.2964942668324,-11.447642216962107
0.17979166666666666,-302.530520395409,-11.661347661150502
0.18,-295.8993452641415,-11.803157019216314
0.18020833333333333,-287.44385227280185,-11.872195989310672
0.18041666666666667,-277.2161723474235,-11.868038923225141
0.180625,-265.2793625357877,-11.790711450654502
0.18083333333333335,-251.70701723978124,-11.640690321181165
0.18104166666666666,-236.58281448141486,-11.418900464955417
0.18125,-220.0000000000016,-11.1267092901935
0.18145833333333333,-202.06081236116134,-10.765918252651176
0.18166666666666667,-182.87585262207932,-10.338751749050216
0.181875,-162.56340243919027,-9.847843402932538
0.18208333333333335,-141.2486948224429,-9.296219827495445
0.18229166666666666,-119.06314203216579,-8.68728196551527
0.1825,-96.14352537873985,-8.024784121403071
0.18270833333333333,-72.63115192039169,-7.3128108146710336
0.18291666666666667,-48.67098325814544,-6.555751597510191
0.183125,-24.41074179936407,-5.758273991741931
0.18333333333333332,1.3724447193907979e-12,-4.925294711994316
0.18354166666666666,24.410741799366804,-4.061949352520567
0.18375,48.67098325814379,-3.173560724553304
0.18395833333333333,72.63115192039005,-2.265606039403142
0.18416666666666667,96.14352537873826,-1.3436831396296023
0.184375,119.06314203216422,-0.4134759864800923
0.18458333333333332,141.24869482244534,0.5192803836206172
0.18479166666666666,162.56340243918882,1.4488352174780557
0.185,182.8758526220815,2.3694575004333087
0.18520833333333334,202.06081236116006,3.275471289973488
0.18541666666666667,220.0000000000004,4.161290709806575
0.185625,236.58281448141378,5.021454388643963
0.18583333333333332,251.70701723978027,5.850659131372335
0.18604166666666666,265.2793625357891,6.6437926150143545
0.18625,277.21617234742274,7.395964907899432
0.18645833333333334,287.44385227280287,8.102538617719413
0.18666666666666668,295.899345264141,8.759157482593654
0.186875,302.53052039540967,9.361773228872382
0.18708333333333332,307.2964942668321,9.906670530089405
0.18729166666666666,310.1678830646473,10.390489913186377
0.1875,311.1269837220809,10.810248470779952
0.18770833333333334,310.1678830646473,11.163358251778776
0.18791666666666668,307.2964942668322,11.44764221696212
0.188125,302.53052039540876,11.661347661150511
0.18833333333333332,295.8993452641412,11.803157019216318
0.18854166666666666,287.4438522728031,11.872195989310669
0.18875,277.216172347423,11.86803892322514
0.18895833333333334,265.27936253578713,11.790711450654497
0.18916666666666668,251.7070172397806,11.640690321181157
0.189375,236.58281448141415,11.418900464955406
0.18958333333333333,220.00000000000082,11.126709290193485
0.18979166666666666,202.06081236116052,10.765918252651158
0.19,182.875852622082,10.338751749050278
0.19020833333333334,162.56340243918933,9.847843402932515
0.19041666666666668,141.24869482244588,9.296219827495523
0.190625,119.06314203216478,8.687281965515243
0.19083333333333333,96.14352537873883,8.024784121403043
0.19104166666666667,72.63115192039065,7.312810814671001
0.19125,48.67098325814439,6.555751597510157
0.19145833333333334,24.41074179936741,5.758273991742043
0.19166666666666668,-2.4396877438298142e-12,4.925294711994279
0.191875,-24.41074179936346,4.061949352520688
0.19208333333333333,-48.67098325814485,3.1735607245532647
0.19229166666666667,-72.63115192039109,2.265606039403102
0.1925,-96.14352537873928,1.3436831396295617
0.19270833333333334,-119.0631420321652,0.4134759864800516
0.19291666666666665,-141.24869482244628,-0.519280383620658
0.193125,-162.56340243918976,-1.448835217478096
0.19333333333333333,-182.87585262207878,-2.3694575004331835
0.19354166666666667,-202.06081236116086,-3.2754712899735265
0.19375,-220.00000000000114,-4.161290709806612
0.19395833333333334,-236.58281448141446,-5.021454388643999
0.19416666666666665,-251.7070172397809,-5.85065913137237
0.194375,-265.27936253578736,-6.643792615014247
0.19458333333333333,-277.2161723474232,-7.395964907899464
0.19479166666666667,-287.4438522728016,-8.10253861771932
0.195,-295.8993452641413,-8.759157482593682
0.19520833333333334,-302.5305203954099,-9.361773228872407
0.19541666666666666,-307.29649426683227,-9.906670530089428
0.195625,-310.16788306464736,-10.390489913186396
0.19583333333333333,-311.1269837220809,-10.81024847077997
0.19604166666666667,-310.16788306464724,-11.16335825177879
0.19625,-307.2964942668327,-11.447642216962086
0.19645833333333335,-302.53052039540853,-11.661347661150518
0.19666666666666666,-295.89934526414083,-11.803157019216323
0.196875,-287.4438522728027,-11.872195989310669
0.19708333333333333,-277.2161723474225,-11.868038923225138
0.19729166666666667,-265.2793625357889,-11.790711450654511
0.1975,-251.70701723978001,-11.640690321181149
0.19770833333333335,-236.58281448141634,-11.418900464955442
0.19791666666666666,-220.00000000000006,-11.126709290193473
0.198125,-202.06081236115972,-10.765918252651142
0.19833333333333333,-182.87585262208114,-10.338751749050259
0.19854166666666667,-162.56340243918845,-9.847843402932494
0.19875,-141.24869482244492,-9.296219827495499
0.19895833333333332,-119.0631420321638,-8.687281965515215
0.19916666666666666,-96.14352537874203,-8.024784121403137
0.199375,-72.63115192038961,-7.312810814670969
0.19958333333333333,-48.67098325814334,-6.555751597510124
0.19979166666666667,-24.410741799366352,-5.758273991742008
0.2,3.5069307682688294e-12,-4.925294711994241
0.20020833333333332,24.410741799364523,-4.0619493525206485
0.20041666666666666,48.6709832581459,-3.173560724553226
0.200625,72.63115192039213,-2.265606039403062
0.20083333333333334,96.14352537874028,-1.3436831396295212
0.20104166666666667,119.0631420321662,-0.4134759864800108
0.20125,141.2486948224433,0.51928038362053
0.20145833333333332,162.56340243919064,1.4488352174781367
0.20166666666666666,182.87585262207966,2.3694575004332235
0.201875,202.06081236116168,3.275471289973566
0.20208333333333334,219.99999999999878,4.161290709806492
0.20229166666666668,236.58281448141514,5.021454388644036
0.2025,251.70701723977893,5.850659131372258
0.20270833333333332,265.2793625357879,6.643792615014282
0.20291666666666666,277.2161723474237,7.395964907899495
0.203125,287.443852272802,8.102538617719349
0.20333333333333334,295.89934526414163,8.759157482593709
0.20354166666666668,302.53052039540916,9.361773228872329
0.20375,307.29649426683244,9.906670530089452
0.20395833333333332,310.16788306464707,10.390489913186334
0.20416666666666666,311.1269837220809,10.810248470779985
0.204375,310.1678830646471,11.163358251778805
0.20458333333333334,307.29649426683255,11.447642216962096
0.20479166666666668,302.5305203954093,11.661347661150495
0.205,295.89934526414186,11.803157019216309
0.20520833333333333,287.4438522728023,11.87219598931067
0.20541666666666666,277.21617234742206,11.868038923225136
0.205625,265.2793625357883,11.790711450654506
0.20583333333333334,251.7070172397794,11.64069032118114
0.20604166666666668,236.58281448141562,11.41890046495543
0.20625,219.9999999999993,11.126709290193459
0.20645833333333333,202.06081236116225,10.765918252651195
0.20666666666666667,182.8758526220803,10.338751749050239
0.206875,162.5634024391913,9.847843402932565
0.20708333333333334,141.24869482244398,9.296219827495474
0.20729166666666668,119.06314203216282,8.687281965515188
0.2075,96.143525378741,8.024784121403107
0.20770833333333333,72.63115192038856,7.312810814670938
0.20791666666666667,48.670983258146656,6.5557515975102305
0.208125,24.410741799365283,5.758273991741972
0.20833333333333334,-1.5279342905433505e-13,4.925294711994359
0.20854166666666665,-24.410741799365592,4.06194935252061
0.20875,-48.670983258146954,3.1735607245531865
0.20895833333333333,-72.63115192039317,2.265606039403022
0.20916666666666667,-96.1435253787413,1.3436831396294806
0.209375,-119.0631420321631,0.41347598648013884
0.20958333333333334,-141.24869482244426,-0.5192803836205707
0.20979166666666665,-162.56340243918777,-1.4488352174780097
0.21,-182.87585262208052,-2.3694575004332634
0.21020833333333333,-202.06081236116248,-3.275471289973605
0.21041666666666667,-219.99999999999955,-4.16129070980653
0.210625,-236.58281448141585,-5.021454388644074
0.21083333333333334,-251.70701723977956,-5.850659131372294
0.21104166666666666,-265.2793625357885,-6.6437926150143145
0.21125,-277.2161723474222,-7.395964907899395
0.21145833333333333,-287.4438522728024,-8.102538617719379
0.21166666666666667,-295.89934526414197,-8.759157482593737
0.211875,-302.5305203954094,-9.361773228872353
0.21208333333333335,-307.29649426683255,-9.906670530089473
0.21229166666666666,-310.1678830646472,-10.390489913186354
0.2125,-311.1269837220809,-10.810248470780003
0.21270833333333333,-310.1678830646474,-11.16335825177876
0.21291666666666667,-307.2964942668324,-11.447642216962107
0.213125,-302.53052039540904,-11.661347661150502
0.21333333333333335,-295.8993452641415,-11.803157019216314
0.21354166666666666,-287.4438522728019,-11.872195989310672
0.21375,-277.21617234742354,-11.868038923225141
0.21395833333333333,-265.27936253578775,-11.790711450654502
0.21416666666666667,-251.70701723978135,-11.640690321181166
0.214375,-236.58281448141494,-11.418900464955419
0.21458333333333332,-220.00000000000168,-11.126709290193503
0.21479166666666666,-202.06081236116145,-10.765918252651177
0.215,-182.8758526220794,-10.33875174905022
0.21520833333333333,-162.56340243919038,-9.847843402932542
0.21541666666666667,-141.24869482244304,-9.296219827495449
0.215625,-119.06314203216591,-8.687281965515275
0.21583333333333332,-96.14352537874001,-8.024784121403075
0.21604166666666666,-72.63115192039183,-7.312810814671038
0.21625,-48.6709832581456,-6.555751597510197
0.21645833333333334,-24.41074179936422,-5.7582739917419365
0.21666666666666667,1.2200364534933508e-12,-4.925294711994321
0.216875,24.410741799366654,-4.061949352520572
0.21708333333333332,48.670983258143636,-3.1735607245533095
0.21729166666666666,72.6311519203899,-2.265606039403148
0.2175,96.1435253787381,-1.343683139629608
0.21770833333333334,119.06314203216408,-0.4134759864800981
0.21791666666666668,141.2486948224452,0.5192803836206114
0.218125,162.56340243918868,1.4488352174780499
0.21833333333333332,182.8758526220814,2.369457500433303
0.21854166666666666,202.06081236115992,3.2754712899734826
0.21875,220.00000000000026,4.161290709806568
0.21895833333333334,236.58281448141366,5.021454388643957
0.21916666666666668,251.70701723978019,5.85065913137233
0.219375,265.27936253578906,6.643792615014349
0.21958333333333332,277.2161723474226,7.395964907899428
0.21979166666666666,287.4438522728028,8.102538617719407
0.22,295.8993452641409,8.75915748259365
0.22020833333333334,302.5305203954096,9.361773228872378
0.22041666666666668,307.29649426683204,9.906670530089402
0.220625,310.16788306464724,10.390489913186373
0.22083333333333333,311.1269837220809,10.81024847077995
0.22104166666666666,310.1678830646473,11.163358251778774
0.22125,307.2964942668322,11.447642216962118
0.22145833333333334,302.5305203954088,11.66134766115051
0.22166666666666668,295.89934526414123,11.803157019216318
0.221875,287.4438522728032,11.872195989310667
0.22208333333333333,277.2161723474231,11.86803892322514
0.22229166666666667,265.2793625357872,11.790711450654497
0.2225,251.70701723978073,11.64069032118116
0.22270833333333334,236.58281448141426,11.418900464955406
0.22291666666666668,220.0000000000009,11.126709290193489
0.223125,202.06081236116063,10.765918252651161
0.22333333333333333,182.87585262208214,10.338751749050283
0.22354166666666667,162.56340243918947,9.84784340293252
0.22375,141.24869482244208,9.296219827495424
0.22395833333333334,119.06314203216493,8.687281965515247
0.22416666666666665,96.14352537873899,8.024784121403046
0.224375,72.63115192039079,7.312810814671006
0.22458333333333333,48.670983258144545,6.555751597510162
0.22479166666666667,24.410741799367564,5.7582739917420485
0.225,-2.287279477932367e-12,4.925294711994284
0.22520833333333334,-24.41074179936331,4.061949352520692
0.22541666666666665,-48.670983258144695,3.173560724553271
0.225625,-72.63115192039093,2.265606039403108
0.22583333333333333,-96.14352537873913,1.3436831396295674
0.22604166666666667,-119.06314203216508,0.4134759864800574
0.22625,-141.24869482244222,-0.5192803836204835
0.22645833333333334,-162.56340243918962,-1.4488352174780903
0.22666666666666666,-182.8758526220787,-2.3694575004331773
0.226875,-202.06081236116074,-3.275471289973521
0.22708333333333333,-220.00000000000102,-4.1612907098066065
0.22729166666666667,-236.58281448141437,-5.021454388643994
0.2275,-251.70701723978084,-5.850659131372366
0.22770833333333335,-265.2793625357873,-6.643792615014242
0.22791666666666666,-277.21617234742314,-7.39596490789946
0.228125,-287.44385227280156,-8.102538617719315
0.22833333333333333,-295.89934526414123,-8.759157482593679
0.22854166666666667,-302.53052039540984,-9.361773228872403
0.22875,-307.2964942668322,-9.906670530089425
0.22895833333333335,-310.16788306464736,-10.390489913186393
0.22916666666666666,-311.1269837220809,-10.810248470779966
0.229375,-310.16788306464724,-11.163358251778789
0.22958333333333333,-307.2964942668328,-11.447642216962084
0.22979166666666667,-302.5305203954096,-11.661347661150486
0.23,-295.8993452641409,-11.803157019216322
0.23020833333333332,-287.44385227280276,-11.872195989310669
0.23041666666666666,-277.21617234742257,-11.868038923225138
0.230625,-265.27936253578895,-11.790711450654511
0.23083333333333333,-251.7070172397801,-11.64069032118115
0.23104166666666667,-236.58281448141642,-11.418900464955442
0.23125,-220.00000000000017,-11.126709290193475
0.23145833333333332,-202.06081236115983,-10.765918252651144
0.23166666666666666,-182.87585262208128,-10.338751749050262
0.231875,-162.56340243918856,-9.847843402932495
0.23208333333333334,-141.24869482244506,-9.296219827495502
0.23229166666666667,-119.06314203216394,-8.687281965515218
0.2325,-96.14352537874217,-8.02478412140314
0.23270833333333332,-72.63115192038975,-7.312810814670973
0.23291666666666666,-48.670983258143494,-6.5557515975101275
0.233125,-24.4107417993665,-5.758273991742013
0.23333333333333334,-1.0668578612821277e-12,-4.9252947119944
0.23354166666666668,24.410741799364374,-4.061949352520654
0.23375,48.670983258145746,-3.1735607245532313
0.23395833333333332,72.63115192039197,-2.265606039403068
0.23416666666666666,96.14352537874015,-1.343683139629527
0.234375,119.06314203216606,-0.41347598648001666
0.23458333333333334,141.24869482244316,0.5192803836205242
0.23479166666666668,162.5634024391905,1.448835217478131
0.235,182.87585262207955,2.3694575004332172
0.23520833333333332,202.06081236116154,3.2754712899735603
0.23541666666666666,219.99999999999866,4.161290709806487
0.235625,236.58281448141506,5.021454388644031
0.23583333333333334,251.70701723978146,5.8506591313724
0.23604166666666668,265.2793625357878,6.643792615014276
0.23625,277.2161723474236,7.395964907899492
0.23645833333333333,287.44385227280196,8.102538617719345
0.23666666666666666,295.8993452641416,8.759157482593706
0.236875,302.5305203954091,9.361773228872325
0.23708333333333334,307.2964942668324,9.906670530089446
0.23729166666666668,310.16788306464707,10.39048991318633
0.2375,311.1269837220809,10.810248470779984
0.23770833333333333,310.1678830646472,11.163358251778801
0.23791666666666667,307.29649426683255,11.447642216962095
0.238125,302.5305203954093,11.661347661150494
0.23833333333333334,295.8993452641419,11.803157019216309
0.23854166666666668,287.44385227280236,11.87219598931067
0.23875,277.2161723474221,11.868038923225136
0.23895833333333333,265.27936253578844,11.790711450654507
0.23916666666666667,251.70701723977947,11.640690321181141
0.239375,236.58281448141574,11.418900464955433
0.23958333333333334,219.99999999999943,11.126709290193459
0.23979166666666665,202.0608123611624,10.765918252651197
0.24,182.87585262208043,10.338751749050243
0.24020833333333333,162.56340243919144,9.847843402932568
0.24041666666666667,141.24869482244412,9.296219827495477
0.240625,119.06314203216294,8.687281965515192
0.24083333333333334,96.14352537874116,8.02478412140311
0.24104166666666665,72.63115192038872,7.312810814670941
0.24125,48.6709832581468,6.555751597510235
0.24145833333333333,24.410741799365436,5.758273991741977
0.24166666666666667,-3.851631568882185e-16,4.925294711994364
0.241875,-24.41074179936544,4.061949352520616
0.24208333333333334,-48.6709832581468,3.1735607245531923
0.24229166666666666,-72.63115192039302,2.265606039403028
0.2425,-96.14352537874116,1.3436831396294864
0.24270833333333333,-119.06314203216294,0.41347598648014466
0.24291666666666667,-141.24869482244412,-0.5192803836205648
0.243125,-162.56340243918766,-1.448835217478004
0.24333333333333335,-182.87585262208043,-2.3694575004332576
0.24354166666666666,-202.0608123611624,-3.2754712899736
0.24375,-219.99999999999943,-4.161290709806525
0.24395833333333333,-236.58281448141574,-5.021454388644068
0.24416666666666667,-251.70701723977947,-5.850659131372289
0.244375,-265.27936253578844,-6.643792615014311
0.24458333333333335,-277.2161723474221,-7.395964907899391
0.24479166666666666,-287.44385227280236,-8.102538617719373
0.245,-295.8993452641419,-8.759157482593732
0.24520833333333333,-302.5305203954093,-9.36177322887235
0.24541666666666667,-307.29649426683255,-9.90667053008947
0.245625,-310.1678830646472,-10.39048991318635
0.24583333333333332,-311.1269837220809,-10.81024847078
0.24604166666666666,-310.1678830646474,-11.163358251778758
0.24625,-307.2964942668324,-11.447642216962105
0.24645833333333333,-302.5305203954091,-11.661347661150502
0.24666666666666667,-295.8993452641416,-11.803157019216313
0.246875,-287.44385227280196,-11.872195989310672
0.24708333333333332,-277.2161723474236,-11.868038923225141
0.24729166666666666,-265.2793625357878,-11.790711450654502
0.2475,-251.7070172397814,-11.640690321181168
0.24770833333333334,-236.58281448141506,-11.41890046495542
0.24791666666666667,-220.0000000000018,-11.126709290193505
0.248125,-202.06081236116154,-10.765918252651181
0.24833333333333332,-182.87585262207955,-10.338751749050221
0.24854166666666666,-162.5634024391905,-9.847843402932545
0.24875,-141.24869482244316,-9.296219827495452
0.24895833333333334,-119.06314203216606,-8.687281965515279
0.24916666666666668,-96.14352537874015,-8.02478412140308
0.249375,-72.63115192039197,-7.312810814671043
0.24958333333333332,-48.670983258145746,-6.555751597510202
0.24979166666666666,-24.410741799364374,-5.758273991741942
0.25,1.0676281875959042e-12,-4.925294711994327
0.2502083333333333,24.4107417993665,-4.061949352520577
0.2504166666666667,48.670983258143494,-3.1735607245533157
0.250625,72.63115192038975,-2.2656060394031536
0.25083333333333335,96.14352537873798,-1.3436831396296138
0.25104166666666666,119.06314203216395,-0.413475986480104
0.25125,141.24869482244506,0.5192803836206056
0.25145833333333334,162.56340243918856,1.4488352174780441
0.25166666666666665,182.87585262208128,2.3694575004332976
0.251875,202.06081236115983,3.2754712899734764
0.2520833333333333,220.0000000000002,4.161290709806563
0.2522916666666667,236.58281448141358,5.021454388643952
0.2525,251.7070172397801,5.850659131372325
0.2527083333333333,265.27936253578895,6.643792615014344
0.2529166666666667,277.21617234742257,7.395964907899423
0.253125,287.44385227280276,8.102538617719404
0.25333333333333335,295.8993452641409,8.759157482593647
0.25354166666666667,302.5305203954096,9.361773228872375
0.25375,307.29649426683204,9.9066705300894
0.25395833333333334,310.16788306464724,10.390489913186371
0.25416666666666665,311.1269837220809,10.810248470779946
0.254375,310.16788306464736,11.163358251778773
0.25458333333333333,307.2964942668322,11.447642216962116
0.2547916666666667,302.5305203954088,11.66134766115051
0.255,295.89934526414123,11.803157019216316
0.2552083333333333,287.44385227280327,11.872195989310667
0.2554166666666667,277.21617234742314,11.86803892322514
0.255625,265.2793625357873,11.790711450654497
0.25583333333333336,251.70701723978084,11.64069032118116
0.25604166666666667,236.58281448141437,11.41890046495541
0.25625,220.00000000000102,11.12670929019349
0.25645833333333334,202.06081236116074,10.765918252651163
0.25666666666666665,182.87585262208225,10.338751749050285
0.256875,162.56340243918962,9.847843402932522
0.25708333333333333,141.24869482244222,9.296219827495426
0.25729166666666664,119.06314203216508,8.68728196551525
0.2575,96.14352537873913,8.02478412140305
0.2577083333333333,72.63115192039093,7.31281081467101
0.2579166666666667,48.670983258144695,6.5557515975101674
0.258125,24.41074179936772,5.758273991742054
0.25833333333333336,-2.13487121203492e-12,4.925294711994289
0.25854166666666667,-24.410741799367564,4.061949352520539
0.25875,-48.670983258144545,3.173560724553276
0.25895833333333335,-72.63115192039079,2.2656060394031137
0.25916666666666666,-96.14352537873899,1.3436831396295732
0.259375,-119.06314203216493,0.41347598648006323
0.25958333333333333,-141.24869482244208,-0.5192803836204777
0.25979166666666664,-162.56340243918947,-1.4488352174780845
0.26,-182.87585262207855,-2.369457500433172
0.2602083333333333,-202.06081236116063,-3.2754712899735154
0.2604166666666667,-220.0000000000009,-4.161290709806601
0.260625,-236.58281448141426,-5.021454388643989
0.2608333333333333,-251.70701723978073,-5.85065913137236
0.26104166666666667,-265.2793625357872,-6.643792615014238
0.26125,-277.2161723474231,-7.3959649078994545
0.26145833333333335,-287.4438522728015,-8.10253861771931
0.26166666666666666,-295.89934526414123,-8.759157482593674
0.261875,-302.53052039540984,-9.3617732288724
0.26208333333333333,-307.2964942668322,-9.906670530089421
0.26229166666666665,-310.1678830646473,-10.390489913186391
0.2625,-311.1269837220809,-10.810248470779964
0.2627083333333333,-310.16788306464724,-11.163358251778785
0.2629166666666667,-307.2964942668328,-11.447642216962082
0.263125,-302.5305203954096,-11.661347661150485
0.2633333333333333,-295.8993452641409,-11.803157019216322
0.2635416666666667,-287.4438522728028,-11.872195989310669
0.26375,-277.2161723474226,-11.86803892322514
0.26395833333333335,-265.27936253578906,-11.790711450654513
0.26416666666666666,-251.70701723978019,-11.64069032118115
0.264375,-236.58281448141653,-11.418900464955444
0.26458333333333334,-220.00000000000026,-11.126709290193476
0.26479166666666665,-202.06081236115992,-10.765918252651147
0.265,-182.8758526220814,-10.338751749050264
0.2652083333333333,-162.56340243918868,-9.8478434029325
0.2654166666666667,-141.2486948224452,-9.296219827495507
0.265625,-119.06314203216408,-8.687281965515224
0.2658333333333333,-96.14352537874232,-8.024784121403146
0.2660416666666667,-72.6311519203899,-7.3128108146709785
0.26625,-48.670983258143636,-6.555751597510133
0.26645833333333335,-24.410741799366654,-5.758273991742018
0.26666666666666666,-1.2192661271795746e-12,-4.925294711994406
0.266875,24.41074179936422,-4.06194935252066
0.26708333333333334,48.6709832581456,-3.173560724553237
0.26729166666666665,72.63115192039183,-2.2656060394030737
0.2675,96.14352537874001,-1.3436831396295328
0.2677083333333333,119.06314203216591,-0.41347598648002254
0.2679166666666667,141.24869482244304,0.5192803836205184
0.268125,162.56340243919038,1.448835217478125
0.2683333333333333,182.8758526220794,2.369457500433212
0.2685416666666667,202.06081236116145,3.275471289973555
0.26875,219.99999999999855,4.161290709806481
0.26895833333333335,236.58281448141494,5.021454388644026
0.26916666666666667,251.70701723978135,5.850659131372396
0.269375,265.27936253578775,6.643792615014271
0.26958333333333334,277.21617234742354,7.395964907899487
0.26979166666666665,287.4438522728019,8.10253861771934
0.27,295.8993452641415,8.759157482593702
0.27020833333333333,302.53052039540904,9.36177322887232
0.2704166666666667,307.2964942668324,9.906670530089444
0.270625,310.1678830646474,10.39048991318641
0.2708333333333333,311.1269837220809,10.810248470779982
0.2710416666666667,310.1678830646472,11.163358251778801
0.27125,307.29649426683255,11.447642216962093
0.27145833333333336,302.5305203954094,11.661347661150494
0.27166666666666667,295.89934526414197,11.803157019216307
0.271875,287.4438522728024,11.872195989310669
0.27208333333333334,277.21617234742416,11.868038923225145
0.27229166666666665,265.2793625357885,11.790711450654507
0.2725,251.70701723977956,11.640690321181143
0.27270833333333333,236.58281448141585,11.418900464955433
0.27291666666666664,219.99999999999952,11.126709290193462
0.273125,202.06081236116248,10.7659182526512
0.2733333333333333,182.87585262208052,10.338751749050244
0.2735416666666667,162.56340243919155,9.847843402932572
0.27375,141.24869482244426,9.29621982749548
0.27395833333333336,119.0631420321631,8.687281965515195
0.27416666666666667,96.1435253787413,8.024784121403115
0.274375,72.63115192038886,7.3128108146709465
0.27458333333333335,48.670983258146954,6.55575159751024
0.27479166666666666,24.410741799365592,5.758273991741983
0.275,1.5202310274055861e-13,4.925294711994369
0.27520833333333333,-24.410741799365283,4.061949352520621
0.27541666666666664,-48.670983258146656,3.1735607245531976
0.275625,-72.63115192038858,2.2656060394031994
0.2758333333333333,-96.143525378741,1.3436831396294922
0.2760416666666667,-119.06314203216282,0.41347598648015044
0.27625,-141.24869482244398,-0.5192803836205592
0.2764583333333333,-162.56340243918754,-1.448835217477998
0.27666666666666667,-182.8758526220803,-2.369457500433252
0.276875,-202.06081236116228,-3.275471289973594
0.27708333333333335,-219.9999999999993,-4.1612907098065195
0.27729166666666666,-236.58281448141562,-5.021454388644063
0.2775,-251.7070172397794,-5.850659131372284
0.27770833333333333,-265.2793625357883,-6.643792615014306
0.27791666666666665,-277.21617234742206,-7.395964907899387
0.278125,-287.4438522728023,-8.10253861771937
0.2783333333333333,-295.89934526414186,-8.759157482593729
0.2785416666666667,-302.5305203954093,-9.361773228872346
0.27875,-307.29649426683255,-9.906670530089468
0.2789583333333333,-310.1678830646471,-10.390489913186348
0.2791666666666667,-311.1269837220809,-10.810248470779928
0.279375,-310.1678830646474,-11.163358251778757
0.27958333333333335,-307.29649426683244,-11.447642216962103
0.27979166666666666,-302.53052039540916,-11.6613476611505
0.28,-295.89934526414163,-11.803157019216313
0.28020833333333334,-287.443852272802,-11.872195989310672
0.28041666666666665,-277.2161723474237,-11.868038923225143
0.280625,-265.2793625357879,-11.790711450654502
0.2808333333333333,-251.70701723978152,-11.640690321181168
0.2810416666666667,-236.58281448141514,-11.418900464955422
0.28125,-219.99999999999878,-11.126709290193448
0.2814583333333333,-202.06081236116168,-10.765918252651183
0.2816666666666667,-182.87585262207966,-10.338751749050225
0.281875,-162.56340243919064,-9.847843402932549
0.28208333333333335,-141.2486948224433,-9.296219827495456
0.28229166666666666,-119.0631420321662,-8.687281965515282
0.2825,-96.14352537874028,-8.024784121403085
0.28270833333333334,-72.63115192039213,-7.312810814671047
0.28291666666666665,-48.6709832581459,-6.555751597510206
0.283125,-24.410741799364523,-5.758273991741946
0.2833333333333333,9.152199216984574e-13,-4.925294711994332
0.2835416666666667,24.410741799366352,-4.061949352520583
0.28375,48.67098325814334,-3.1735607245533206
0.2839583333333333,72.63115192038961,-2.2656060394031594
0.2841666666666667,96.14352537873783,-1.3436831396296196
0.284375,119.0631420321638,-0.41347598648010975
0.28458333333333335,141.24869482244492,0.5192803836205998
0.28479166666666667,162.56340243918845,1.4488352174780383
0.285,182.87585262208114,2.3694575004332914
0.28520833333333334,202.06081236115972,3.2754712899734715
0.28541666666666665,220.00000000000006,4.161290709806558
0.285625,236.58281448141346,5.021454388643947
0.28583333333333333,251.70701723978001,5.8506591313723195
0.2860416666666667,265.2793625357889,6.643792615014339
0.28625,277.2161723474225,7.395964907899419
0.2864583333333333,287.4438522728027,8.1025386177194
0.2866666666666667,295.89934526414083,8.759157482593643
0.286875,302.53052039540955,9.361773228872371
0.28708333333333336,307.29649426683204,9.906670530089396
0.28729166666666667,310.16788306464724,10.390489913186368
0.2875,311.1269837220809,10.810248470779944
0.28770833333333334,310.16788306464736,11.163358251778769
0.28791666666666665,307.29649426683227,11.447642216962114
0.288125,302.53052039540887,11.661347661150508
0.28833333333333333,295.8993452641413,11.803157019216316
0.28854166666666664,287.44385227280327,11.872195989310667
0.28875,277.2161723474232,11.86803892322514
0.2889583333333333,265.27936253578736,11.790711450654499
0.2891666666666667,251.7070172397809,11.64069032118116
0.289375,236.58281448141446,11.418900464955412
0.28958333333333336,219.999999999998,11.126709290193434
0.28979166666666667,202.06081236116086,10.765918252651167
0.29,182.8758526220824,10.338751749050287
0.29020833333333335,162.5634024391935,9.84784340293262
0.29041666666666666,141.24869482244236,9.296219827495431
0.290625,119.0631420321652,8.687281965515254
0.29083333333333333,96.14352537874348,8.02478412140318
0.29104166666666664,72.63115192039109,7.312810814671015
0.29125,48.67098325814484,6.555751597510173
0.2914583333333333,24.41074179936787,5.758273991742059
0.2916666666666667,2.4389174175160374e-12,4.925294711994448
0.291875,-24.41074179936741,4.061949352520545
0.2920833333333333,-48.67098325814439,3.173560724553282
0.29229166666666667,-72.63115192039065,2.2656060394031194
0.2925,-96.14352537874305,1.3436831396294113
0.29270833333333335,-119.06314203216478,0.413475986480069
0.29291666666666666,-141.24869482244193,-0.5192803836204718
0.293125,-162.56340243918558,-1.4488352174779113
0.29333333333333333,-182.875852622082,-2.3694575004333314
0.29354166666666665,-202.06081236116052,-3.27547128997351
0.29375,-219.9999999999977,-4.161290709806438
0.2939583333333333,-236.58281448141705,-5.021454388644137
0.2941666666666667,-251.7070172397806,-5.850659131372355
0.294375,-265.27936253578713,-6.643792615014233
0.2945833333333333,-277.216172347421,-7.395964907899319
0.2947916666666667,-287.4438522728031,-8.10253861771943
0.295,-295.8993452641412,-8.75915748259367
0.29520833333333335,-302.53052039540876,-9.361773228872293
0.29541666666666666,-307.2964942668329,-9.906670530089512
0.295625,-310.1678830646473,-10.390489913186387
0.29583333333333334,-311.1269837220809,-10.810248470779962
0.29604166666666665,-310.16788306464764,-11.163358251778726
0.29625,-307.2964942668321,-11.447642216962125
0.2964583333333333,-302.53052039540967,-11.661347661150483
0.2966666666666667,-295.8993452641423,-11.803157019216302
0.296875,-287.44385227280117,-11.872195989310674
0.2970833333333333,-277.21617234742274,-11.86803892322514
0.2972916666666667,-265.2793625357891,-11.790711450654513
0.2975,-251.70701723978286,-11.640690321181186
0.29770833333333335,-236.58281448141378,-11.4189004649554
0.29791666666666666,-220.0000000000004,-11.126709290193478
0.298125,-202.0608123611634,-10.76591825265122
0.29833333333333334,-182.87585262207793,-10.338751749050186
0.29854166666666665,-162.56340243918882,-9.847843402932503
0.29875,-141.24869482244534,-9.29621982749551
0.2989583333333333,-119.0631420321683,-8.687281965515341
0.2991666666666667,-96.14352537873826,-8.024784121403025
0.299375,-72.63115192039005,-7.312810814670982
0.2995833333333333,-48.670983258148155,-6.555751597510279
0.2997916666666667,-24.410741799362395,-5.758273991741875
0.3,-9.327385872923746e-13,-4.925294711994411
0.30020833333333335,16.59930442356757,-4.061949352520665
0.30041666666666667,33.09626861553594,-3.1735607245534054
0.300625,49.389183305866354,-2.265606039403079
0.30083333333333334,65.3775972575431,-1.3436831396295386
0.30104166666666665,80.96293658186995,-0.413475986480197
0.30125,96.04911247926384,0.5192803836206812
0.30145833333333333,110.54311365864939,1.4488352174781192
0.3016666666666667,124.35557978301395,2.369457500433206
0.301875,137.40135240558743,3.275471289973387
0.3020833333333333,149.6000000000011,4.161290709806633
0.3022916666666667,160.87631384736213,5.02145438864402
0.3025,171.1607717230495,5.850659131372243
0.30270833333333336,180.38996652433724,6.643792615014407
0.30291666666666667,188.506997196248,7.395964907899482
0.303125,195.46181954550528,8.102538617719336
0.30333333333333334,201.21155477961528,8.759157482593583
0.30354166666666665,205.72075386887812,9.361773228872318
0.30375,208.96161610144603,9.90667053008944
0.30395833333333333,210.91416048396002,10.390489913186325
0.30416666666666664,211.56634893101503,10.810248470779978
0.304375,210.9141604839601,11.163358251778797
0.3045833333333333,208.9616161014462,11.447642216962091
0.3047916666666667,205.72075386887843,11.661347661150492
0.305,201.21155477961562,11.803157019216325
0.30520833333333336,195.4618195455057,11.872195989310669
0.30541666666666667,188.50699719624848,11.868038923225145
0.305625,180.38996652433465,11.790711450654488
0.30583333333333335,171.16077172305017,11.640690321181145
0.30604166666666666,160.87631384736284,11.418900464955435
0.30625,149.6000000000019,11.126709290193523
0.30645833333333333,137.40135240558828,10.765918252651131
0.30666666666666664,124.35557978301486,10.338751749050248
0.306875,110.54311365865036,9.847843402932575
0.3070833333333333,96.0491124792622,9.296219827495484
0.3072916666666667,80.962936581871,8.687281965515199
0.3075,65.37759725754418,8.024784121403119
0.3077083333333333,49.389183305867455,7.312810814671084
0.30791666666666667,33.09626861553706,6.555751597510104
0.308125,16.599304423568704,5.758273991741987
0.30833333333333335,2.0701333067384374e-13,4.925294711994374
0.30854166666666666,-16.59930442357129,4.061949352520468
0.30875,-33.09626861553962,3.1735607245532034
0.30895833333333333,-49.38918330586413,2.265606039403205
0.30916666666666665,-65.37759725754094,1.3436831396296658
0.309375,-80.96293658187341,0.41347598647998757
0.3095833333333333,-96.04911247926184,-0.5192803836205533
0.3097916666666667,-110.54311365864744,-1.4488352174779922
0.31,-124.35557978301695,-2.3694575004334117
0.3102083333333333,-137.40135240559027,-3.2754712899735887
0.3104166666666667,-149.59999999999948,-4.161290709806514
0.310625,-160.87631384736062,-5.021454388643905
0.31083333333333335,-171.1607717230517,-5.850659131372426
0.31104166666666666,-180.38996652433605,-6.6437926150143
0.31125,-188.50699719624694,-7.395964907899382
0.31145833333333334,-195.46181954550437,-8.102538617719244
0.31166666666666665,-201.21155477961645,-8.759157482593725
0.311875,-205.72075386887832,-9.361773228872341
0.3120833333333333,-208.96161610144566,-9.90667053008937
0.3122916666666667,-210.9141604839603,-10.390489913186427
0.3125,-211.56634893101503,-10.810248470779925
0.3127083333333333,-210.9141604839603,-11.163358251778755
0.3129166666666667,-208.96161610144654,-11.447642216962057
0.313125,-205.72075386887823,-11.661347661150499
0.31333333333333335,-201.21155477961636,-11.80315701921631
0.31354166666666666,-195.4618195455066,-11.872195989310665
0.31375,-188.50699719624683,-11.868038923225134
0.31395833333333334,-180.38996652433585,-11.790711450654504
0.31416666666666665,-171.1607717230515,-11.64069032118117
0.314375,-160.87631384736434,-11.41890046495547
0.3145833333333333,-149.59999999999926,-11.12670929019345
0.3147916666666667,-137.40135240559002,-10.765918252651186
0.315,-124.3555797830167,-10.33875174905031
0.3152083333333333,-110.54311365864719,-9.847843402932458
0.3154166666666667,-96.04911247926155,-9.29621982749546
0.315625,-80.96293658187311,-8.687281965515286
0.31583333333333335,-65.37759725754636,-8.024784121403213
0.31604166666666667,-49.38918330586676,-7.312810814671052
0.31625,-33.096268615539316,-6.555751597510211
0.31645833333333334,-16.599304423570977,-5.758273991742099
0.31666666666666665,5.187119259446872e-13,-4.925294711994337
0.316875,16.599304423569016,-4.061949352520589
0.31708333333333333,33.09626861553737,-3.173560724553327
0.3172916666666667,49.38918330586483,-2.2656060394031647
0.3175,65.37759725754448,-1.3436831396294575
0.3177083333333333,80.96293658187129,-0.4134759864801156
0.3179166666666667,96.04911247925979,0.5192803836204254
0.318125,110.54311365865061,1.4488352174782002
0.31833333333333336,124.3555797830151,2.369457500433286
0.31854166666666667,137.4013524055885,3.2754712899734653
0.31875,149.59999999999783,4.161290709806394
0.31895833333333334,160.87631384736306,5.021454388644094
0.31916666666666665,171.16077172305037,5.850659131372314
0.319375,180.38996652433482,6.643792615014195
0.31958333333333333,188.50699719624728,7.395964907899414
0.31979166666666664,195.46181954550582,8.102538617719397
0.32,201.21155477961574,8.759157482593638
0.3202083333333333,205.72075386887778,9.361773228872265
0.3204166666666667,208.96161610144623,9.906670530089487
0.320625,210.91416048396013,10.390489913186366
0.32083333333333336,211.56634893101503,10.810248470779943
0.32104166666666667,210.91416048396,11.163358251778826
0.32125,208.96161610144597,11.447642216962112
0.32145833333333335,205.72075386887877,11.661347661150476
0.32166666666666666,201.21155477961705,11.803157019216297
0.321875,195.46181954550516,11.872195989310672
0.32208333333333333,188.50699719624782,11.86803892322514
0.32229166666666664,180.38996652433704,11.79071145065452
0.3225,171.1607717230493,11.640690321181129
0.3227083333333333,160.87631384736193,11.418900464955412
0.3229166666666667,149.60000000000085,11.126709290193494
0.323125,137.40135240559178,10.76591825265124
0.3233333333333333,124.35557978301368,10.338751749050207
0.32354166666666667,110.5431136586491,9.84784340293253
0.32375,96.04911247926357,9.296219827495538
0.32395833333333335,80.96293658186966,8.687281965515144
0.32416666666666666,65.37759725754282,8.024784121403059
0.324375,49.38918330586604,7.312810814671019
0.32458333333333333,33.09626861554157,6.5557515975103176
0.32479166666666665,16.599304423567258,5.758273991741916
0.325,1.7621014647211693e-12,4.925294711994454
0.3252083333333333,-16.599304423566743,4.061949352520709
0.3254166666666667,-33.09626861554106,3.1735607245531243
0.325625,-49.38918330586554,2.265606039403125
0.3258333333333333,-65.37759725754232,1.3436831396295847
0.3260416666666667,-80.96293658186919,0.4134759864802436
0.32625,-96.04911247926313,-0.5192803836206347
0.32645833333333335,-110.54311365864869,-1.448835217478073
0.32666666666666666,-124.35557978301325,-2.3694575004331604
0.326875,-137.40135240559135,-3.2754712899736673
0.32708333333333334,-149.6000000000005,-4.16129070980659
0.32729166666666665,-160.8763138473616,-5.021454388643979
0.3275,-171.16077172304904,-5.850659131372203
0.3277083333333333,-180.38996652433676,-6.643792615014369
0.3279166666666667,-188.5069971962476,-7.395964907899446
0.328125,-195.46181954550497,-8.102538617719302
0.3283333333333333,-201.2115547796169,-8.75915748259378
0.3285416666666667,-205.72075386887792,-9.36177322887229
0.32875,-208.96161610144588,-9.906670530089416
0.32895833333333335,-210.91416048395993,-10.390489913186304
0.32916666666666666,-211.56634893101503,-10.810248470779959
0.329375,-210.9141604839602,-11.163358251778781
0.32958333333333334,-208.96161610144634,-11.447642216962079
0.32979166666666665,-205.7207538688779,-11.661347661150515
0.33,-201.2115547796159,-11.80315701921632
0.3302083333333333,-195.46181954550602,-11.872195989310669
0.3304166666666667,-188.5069971962475,-11.86803892322514
0.330625,-180.3899665243351,-11.790711450654493
0.3308333333333333,-171.16077172305066,-11.640690321181154
0.3310416666666667,-160.87631384736338,-11.418900464955447
0.33125,-149.5999999999982,-11.126709290193421
0.33145833333333335,-137.40135240558894,-10.76591825265115
0.33166666666666667,-124.35557978301551,-10.338751749050271
0.331875,-110.54311365865105,-9.8478434029326
0.33208333333333334,-96.04911247926293,-9.296219827495513
0.33229166666666665,-80.96293658187177,-8.687281965515231
0.3325,-65.37759725754499,-8.024784121403153
0.33270833333333333,-49.38918330586534,-7.312810814670987
0.3329166666666667,-33.09626861553788,-6.555751597510143
0.333125,-16.59930442356953,-5.758273991742028
0.3333333333333333,-1.0363762081026385e-12,-4.925294711994416
0.3335416666666667,16.599304423570462,-4.061949352520513
0.33375,33.096268615538804,-3.1735607245532482
0.33395833333333336,49.38918330586625,-2.2656060394030852
0.33416666666666667,65.37759725754587,-1.3436831396293765
0.334375,80.96293658187264,-0.41347598648003414
0.33458333333333334,96.04911247926108,0.5192803836205068
0.33479166666666665,110.54311365864675,1.448835217477946
0.335,124.35557978301628,2.3694575004333656
0.33520833333333333,137.40135240558962,3.275471289973544
0.33541666666666664,149.59999999999886,4.16129070980647
0.335625,160.87631384736008,5.021454388643862
0.3358333333333333,171.16077172305123,5.850659131372386
0.3360416666666667,180.38996652433562,6.643792615014262
0.33625,188.5069971962466,7.395964907899345
0.33645833333333336,195.46181954550636,8.102538617719455
0.33666666666666667,201.21155477961616,8.759157482593695
0.336875,205.72075386887812,9.361773228872314
0.33708333333333335,208.96161610144554,9.906670530089345
0.33729166666666666,210.91416048396025,10.390489913186405
0.3375,211.56634893101503,10.810248470779976
0.33770833333333333,210.91416048396036,11.163358251778739
0.33791666666666664,208.96161610144577,11.447642216962134
0.338125,205.72075386887843,11.66134766115049
0.3383333333333333,201.2115547796166,11.803157019216306
0.3385416666666667,195.4618195455069,11.872195989310663
0.33875,188.50699719624717,11.868038923225138
0.3389583333333333,180.3899665243363,11.79071145065451
0.33916666666666667,171.160771723052,11.640690321181179
0.339375,160.876313847359,11.418900464955344
0.33958333333333335,149.60000000000196,11.126709290193524
0.33979166666666666,137.40135240559295,10.765918252651277
0.34,124.35557978301736,10.338751749050333
0.34020833333333333,110.54311365864788,9.847843402932483
0.34041666666666665,96.04911247926228,9.296219827495488
0.340625,80.9629365818711,8.687281965515202
0.3408333333333333,65.3775972575443,8.024784121403249
0.3410416666666667,49.38918330586756,7.312810814671221
0.34125,33.096268615540126,6.55575159751039
0.3414583333333333,16.59930442357181,5.758273991742287
0.3416666666666667,-2.69588769580028e-12,4.925294711994379
0.341875,-16.599304423571187,4.0619493525206325
0.34208333333333335,-33.09626861553358,3.1735607245536968
0.34229166666666666,-49.38918330586695,2.265606039403211
0.3425,-65.3775972575437,1.3436831396296716
0.34270833333333334,-80.96293658187052,0.4134759864803308
0.34291666666666665,-96.04911247926174,-0.5192803836203788
0.343125,-110.54311365864734,-1.4488352174778187
0.3433333333333333,-124.35557978301199,-2.3694575004329095
0.3435416666666667,-137.4013524055879,-3.2754712899732583
0.34375,-149.6000000000015,-4.161290709806508
0.3439583333333333,-160.87631384736252,-5.0214543886439
0.3441666666666667,-171.16077172305165,-5.850659131372273
0.344375,-180.38996652433596,-6.643792615014156
0.34458333333333335,-188.50699719624689,-7.395964907899245
0.34479166666666666,-195.4618195455055,-8.102538617719238
0.345,-201.21155477961548,-8.759157482593492
0.34520833333333334,-205.72075386887897,-9.36177322887234
0.34541666666666665,-208.96161610144657,-9.90667053008946
0.345625,-210.91416048395982,-10.39048991318618
0.3458333333333333,-211.56634893101503,-10.810248470779783
0.3460416666666667,-210.91416048396007,-11.163358251778753
0.34625,-208.9616161014461,-11.447642216962056
0.3464583333333333,-205.7207538688783,-11.661347661150467
0.3466666666666667,-201.2115547796164,-11.803157019216291
0.346875,-195.4618195455066,-11.872195989310658
0.34708333333333335,-188.50699719624822,-11.86803892322515
0.34729166666666667,-180.38996652433747,-11.790711450654547
0.3475,-171.1607717230498,-11.64069032118117
0.34770833333333334,-160.8763138473605,-11.418900464955426
0.34791666666666665,-149.5999999999993,-11.12670929019351
0.348125,-137.4013524055901,-10.76591825265126
0.34833333333333333,-124.35557978301433,-10.338751749050314
0.3485416666666667,-110.54311365864982,-9.847843402932648
0.34875,-96.04911247926432,-9.296219827495673
0.3489583333333333,-80.96293658186765,-8.687281965515176
0.3491666666666667,-65.37759725754647,-8.024784121403341
0.349375,-49.38918330586977,-7.312810814671322
0.34958333333333336,-33.096268615536445,-6.555751597510216
0.34979166666666667,-16.599304423568086,-5.758273991742104
0.35,4.150743051344234e-13,-4.925294711994496
0.35020833333333334,16.599304423568913,-4.061949352520753
0.35041666666666665,33.09626861553726,-3.173560724553495
0.350625,49.38918330586473,-2.2656060394033366
0.35083333333333333,65.37759725754152,-1.3436831396297988
0.35104166666666664,80.96293658187398,-0.41347598648012135
0.35125,96.04911247926506,0.5192803836205881
0.3514583333333333,110.54311365865055,1.4488352174780268
0.3516666666666667,124.35557978301016,2.3694575004327842
0.351875,137.40135240559073,3.27547128997346
0.35208333333333336,149.5999999999999,4.161290709806388
0.35229166666666667,160.87631384736105,5.021454388643783
0.3525,171.1607717230538,5.850659131372456
0.35270833333333335,180.38996652433477,6.64379261501405
0.35291666666666666,188.50699719624586,7.3959649078991445
0.353125,195.46181954550462,8.102538617719144
0.35333333333333333,201.21155477961662,8.759157482593634
0.35354166666666664,205.72075386887846,9.36177322887226
0.35375,208.96161610144623,9.90667053008939
0.3539583333333333,210.91416048396013,10.390489913186281
0.3541666666666667,211.56634893101503,10.81024847077987
0.354375,210.91416048396025,11.163358251778709
0.3545833333333333,208.96161610144645,11.44764221696202
0.35479166666666667,205.72075386887738,11.661347661150506
0.355,201.21155477961523,11.803157019216314
0.35520833333333335,195.46181954550752,11.872195989310654
0.35541666666666666,188.50699719624652,11.868038923225141
0.355625,180.38996652433553,11.79071145065452
0.35583333333333333,171.16077172305114,11.640690321181197
0.35604166666666665,160.87631384736198,11.418900464955462
0.35625,149.60000000000093,11.126709290193556
0.3564583333333333,137.40135240559184,10.765918252651314
0.3566666666666667,124.3555797830162,10.338751749050376
0.356875,110.54311365864665,9.847843402932531
0.3570833333333333,96.049112479261,9.296219827495543
0.3572916666666667,80.96293658186977,8.687281965515263
0.3575,65.37759725754862,8.024784121403437
0.35770833333333335,49.38918330586615,7.312810814671158
0.35791666666666666,33.0962686155387,6.555751597510323
0.358125,16.59930442357036,5.758273991742216
0.35833333333333334,1.8657390855314333e-12,4.925294711994612
0.35854166666666665,-16.599304423572633,4.061949352520556
0.35875,-33.09626861553502,3.173560724553618
0.3589583333333333,-49.38918330586252,2.265606039403462
0.3591666666666667,-65.37759725754508,1.3436831396295905
0.359375,-80.96293658187187,0.41347598648024936
0.3595833333333333,-96.04911247926303,-0.5192803836204603
0.3597916666666667,-110.5431136586486,-1.4488352174778998
0.36,-124.35557978301317,-2.3694575004329894
0.36020833333333335,-137.401352405589,-3.275471289973337
0.36041666666666666,-149.5999999999983,-4.161290709806268
0.360625,-160.87631384736346,-5.021454388643973
0.36083333333333334,-171.16077172305248,-5.850659131372345
0.36104166666666665,-180.38996652433357,-6.643792615013944
0.36125,-188.50699719624484,-7.395964907899046
0.3614583333333333,-195.46181954550607,-8.102538617719297
0.3616666666666667,-201.21155477961594,-8.759157482593547
0.361875,-205.72075386887792,-9.361773228872181
0.3620833333333333,-208.96161610144682,-9.906670530089505
0.3622916666666667,-210.91416048395993,-10.390489913186219
0.3625,-211.56634893101503,-10.810248470779817
0.36270833333333335,-210.91416048396042,-11.163358251778664
0.36291666666666667,-208.96161610144588,-11.447642216962077
0.363125,-205.72075386887792,-11.661347661150483
0.36333333333333334,-201.21155477961594,-11.8031570192163
0.36354166666666665,-195.46181954550607,-11.872195989310661
0.36375,-188.50699719624757,-11.868038923225146
0.36395833333333333,-180.38996652433673,-11.790711450654536
0.3641666666666667,-171.16077172305248,-11.640690321181221
0.364375,-160.87631384735954,-11.418900464955403
0.3645833333333333,-149.60000000000255,-11.1267092901936
0.3647916666666667,-137.40135240559357,-10.765918252651367
0.365,-124.35557978301317,-10.338751749050273
0.36520833333333336,-110.5431136586486,-9.847843402932604
0.36541666666666667,-96.04911247926303,-9.296219827495623
0.365625,-80.96293658187187,-8.68728196551535
0.36583333333333334,-65.37759725754508,-8.024784121403282
0.36604166666666665,-49.38918330586836,-7.312810814671258
0.36625,-33.09626861554096,-6.5557515975104295
0.36645833333333333,-16.59930442356664,-5.758273991742033
0.36666666666666664,1.866524818371485e-12,-4.925294711994422
0.366875,16.59930442357036,-4.061949352520676
0.3670833333333333,33.09626861553276,-3.1735607245537416
0.3672916666666667,49.38918330586615,-2.2656060394032567
0.3675,65.3775972575429,-1.3436831396297177
0.36770833333333336,80.96293658186977,-0.41347598648037737
0.36791666666666667,96.04911247926636,0.5192803836206695
0.368125,110.54311365864665,1.4488352174777728
0.36833333333333335,124.35557978301134,2.3694575004328637
0.36854166666666666,137.4013524055873,3.2754712899732135
0.36875,149.60000000000093,4.161290709806464
0.36895833333333333,160.87631384736198,5.021454388643857
0.36916666666666664,171.16077172305114,5.850659131372233
0.369375,180.38996652433553,6.643792615014116
0.3695833333333333,188.50699719624652,7.395964907899209
0.3697916666666667,195.4618195455052,8.102538617719205
0.37,201.21155477961523,8.759157482593462
0.3702083333333333,205.72075386887877,9.36177322887231
0.37041666666666667,208.96161610144645,9.906670530089436
0.370625,210.91416048395976,10.390489913186157
0.37083333333333335,211.56634893101503,10.810248470779904
0.37104166666666666,210.91416048396013,11.163358251778737
0.37125,208.96161610144623,11.447642216962043
0.37145833333333333,205.72075386887846,11.661347661150456
0.37166666666666665,201.21155477961662,11.803157019216286
0.371875,195.46181954550693,11.872195989310658
0.3720833333333333,188.5069971962486,11.868038923225152
0.3722916666666667,180.38996652433477,11.790711450654511
0.3725,171.16077172305032,11.64069032118118
0.3727083333333333,160.87631384736105,11.418900464955438
0.3729166666666667,149.5999999999999,11.126709290193526
0.373125,137.40135240559073,10.76591825265128
0.37333333333333335,124.35557978301503,10.338751749050337
0.37354166666666666,110.54311365865055,9.847843402932675
0.37375,96.04911247925969,9.296219827495491
0.37395833333333334,80.9629365818684,8.687281965515208
0.37416666666666665,65.37759725754725,8.024784121403377
0.374375,49.38918330587058,7.3128108146713595
0.3745833333333333,33.09626861553726,6.5557515975102545
0.3747916666666667,16.59930442356891,5.758273991742145
0.375,4.1428857229437136e-13,4.925294711994538
0.3752083333333333,-16.599304423568086,4.061949352520797
0.3754166666666667,-33.096268615536445,3.1735607245535395
0.375625,-49.389183305863924,2.2656060394033823
0.37583333333333335,-65.37759725754074,1.343683139629845
0.37604166666666666,-80.96293658187321,0.4134759864801679
0.37625,-96.04911247926432,-0.5192803836205416
0.37645833333333334,-110.54311365864982,-1.4488352174779806
0.37666666666666665,-124.35557978301433,-2.3694575004330694
0.376875,-137.4013524055901,-3.275471289973415
0.3770833333333333,-149.5999999999993,-4.1612907098063445
0.3772916666666667,-160.8763138473605,-5.021454388643741
0.3775,-171.16077172305336,-5.850659131372416
0.3777083333333333,-180.38996652433437,-6.643792615014011
0.3779166666666667,-188.5069971962455,-7.395964907899109
0.378125,-195.46181954550661,-8.102538617719357
0.37833333333333335,-201.2115547796164,-8.759157482593602
0.37854166666666667,-205.7207538688783,-9.36177322887223
0.37875,-208.9616161014461,-9.906670530089364
0.37895833333333334,-210.91416048396007,-10.390489913186258
0.37916666666666665,-211.56634893101503,-10.81024847077985
0.379375,-210.9141604839603,-11.163358251778693
0.37958333333333333,-208.96161610144566,-11.447642216962098
0.3797916666666667,-205.72075386887758,-11.661347661150497
0.38,-201.21155477961548,-11.803157019216309
0.3802083333333333,-195.46181954550778,-11.872195989310653
0.3804166666666667,-188.50699719624689,-11.868038923225143
0.380625,-180.38996652433596,-11.790711450654527
0.38083333333333336,-171.16077172305165,-11.640690321181205
0.38104166666666667,-160.87631384736252,-11.418900464955474
0.38125,-149.6000000000015,-11.12670929019357
0.38145833333333334,-137.40135240559246,-10.765918252651334
0.38166666666666665,-124.35557978301685,-10.3387517490504
0.381875,-110.54311365864734,-9.847843402932558
0.38208333333333333,-96.04911247926174,-9.296219827495571
0.38229166666666664,-80.96293658187052,-8.687281965515295
0.3825,-65.3775972575437,-8.024784121403222
0.3827083333333333,-49.38918330586695,-7.312810814671193
0.3829166666666667,-33.09626861553952,-6.555751597510361
0.383125,-16.599304423571187,-5.758273991742257
0.38333333333333336,3.3179753316085476e-12,-4.925294711994348
0.38354166666666667,16.59930442357181,-4.0619493525206
0.38375,33.09626861553419,-3.173560724553663
0.38395833333333335,49.389183305861714,-2.265606039403508
0.38416666666666666,65.3775972575443,-1.3436831396296367
0.384375,80.9629365818711,-0.41347598648029593
0.38458333333333333,96.04911247926228,0.5192803836204137
0.38479166666666664,110.54311365864788,1.4488352174778534
0.385,124.3555797830125,2.3694575004329437
0.3852083333333333,137.4013524055884,3.275471289973292
0.3854166666666667,149.5999999999977,4.161290709806225
0.385625,160.87631384736292,5.021454388643931
0.3858333333333333,171.160771723052,5.850659131372304
0.38604166666666667,180.3899665243363,6.643792615014185
0.38625,188.50699719624717,7.395964907899272
0.38645833333333335,195.46181954550573,8.102538617719263
0.38666666666666666,201.2115547796157,8.759157482593515
0.386875,205.72075386887775,9.361773228872153
0.38708333333333333,208.96161610144668,9.90667053008948
0.38729166666666665,210.91416048395988,10.390489913186197
0.3875,211.56634893101503,10.810248470779797
0.3877083333333333,210.91416048396002,11.163358251778766
0.3879166666666667,208.961616101446,11.447642216962064
0.388125,205.72075386887812,11.661347661150472
0.3883333333333333,201.21155477961616,11.803157019216295
0.3885416666666667,195.46181954550636,11.87219598931066
0.38875,188.50699719624794,11.868038923225148
0.38895833333333335,180.38996652433715,11.790711450654541
0.38916666666666666,171.16077172304946,11.640690321181165
0.389375,160.87631384736008,11.418900464955415
0.38958333333333334,149.59999999999886,11.1267092901935
0.38979166666666665,137.4013524055942,10.765918252651387
0.39,124.35557978301385,10.338751749050296
0.3902083333333333,110.54311365864929,9.847843402932629
0.3904166666666667,96.04911247926377,9.296219827495651
0.390625,80.96293658186708,8.687281965515153
0.3908333333333333,65.37759725754587,8.024784121403316
0.3910416666666667,49.389183305869174,7.312810814671295
0.39125,33.09626861554177,6.5557515975104685
0.39145833333333335,16.599304423567464,5.758273991742074
0.39166666666666666,-1.0371619409426905e-12,4.925294711994464
0.391875,-16.599304423569535,4.06194935252072
0.39208333333333334,-33.09626861553788,3.1735607245534614
0.39229166666666665,-49.38918330586534,2.265606039403302
0.3925,-65.37759725754212,1.3436831396297642
0.3927083333333333,-80.962936581869,0.4134759864804239
0.3929166666666667,-96.0491124792656,-0.5192803836206231
0.393125,-110.54311365865105,-1.4488352174780614
0.3933333333333333,-124.35557978301064,-2.369457500432818
0.3935416666666667,-137.4013524055912,-3.2754712899734937
0.39375,-149.60000000000034,-4.161290709806421
0.39395833333333335,-160.87631384736144,-5.021454388643815
0.39416666666666667,-171.16077172305066,-5.850659131372193
0.394375,-180.3899665243351,-6.643792615014078
0.39458333333333334,-188.50699719624618,-7.395964907899172
0.39479166666666665,-195.46181954550488,-8.102538617719171
0.395,-201.21155477961682,-8.75915748259366
0.39520833333333333,-205.72075386887857,-9.361773228872282
0.3954166666666667,-208.96161610144634,-9.906670530089409
0.395625,-210.9141604839597,-10.390489913186133
0.3958333333333333,-211.56634893101503,-10.810248470779884
0.3960416666666667,-210.9141604839602,-11.16335825177872
0.39625,-208.96161610144634,-11.44764221696203
0.39645833333333336,-205.72075386887724,-11.661347661150513
0.39666666666666667,-201.21155477961506,-11.80315701921632
0.396875,-195.46181954550724,-11.872195989310656
0.39708333333333334,-188.506997196249,-11.868038923225154
0.39729166666666665,-180.38996652433522,-11.790711450654516
0.3975,-171.1607717230508,-11.64069032118119
0.39770833333333333,-160.8763138473616,-11.41890046495545
0.39791666666666664,-149.6000000000005,-11.126709290193544
0.398125,-137.40135240559135,-10.765918252651298
0.3983333333333333,-124.35557978301568,-10.33875174905036
0.3985416666666667,-110.54311365865125,-9.847843402932702
0.39875,-96.04911247926043,-9.296219827495522
0.39895833333333336,-80.96293658186919,-8.68728196551524
0.39916666666666667,-65.37759725754805,-8.02478412140341
0.399375,-49.38918330586554,-7.31281081467113
0.39958333333333335,-33.09626861553809,-6.555751597510294
0.39979166666666666,-16.599304423569738,-5.758273991742186
0.4,-1.2436514497231662e-12,-4.925294711994581
0.40020833333333333,16.599304423573255,-4.061949352520523
0.40041666666666664,33.09626861553563,-3.1735607245535844
0.400625,49.38918330586312,-2.2656060394034276
0.4008333333333333,65.37759725754566,-1.3436831396295559
0.4010416666666667,80.96293658187244,-0.4134759864802145
0.40125,96.04911247926357,0.5192803836204951
0.4014583333333333,110.5431136586491,1.4488352174779344
0.40166666666666667,124.35557978301368,2.3694575004330236
0.401875,137.40135240558948,3.2754712899733702
0.40208333333333335,149.59999999999874,4.161290709806301
0.40229166666666666,160.87631384736386,5.021454388644004
0.4025,171.16077172305285,5.8506591313723755
0.40270833333333333,180.38996652433391,6.643792615013973
0.40291666666666665,188.50699719624512,7.395964907899073
0.403125,195.4618195455063,8.102538617719324
0.4033333333333333,201.21155477961614,8.759157482593572
0.4035416666666667,205.72075386887803,9.361773228872202
0.40375,208.96161610144597,9.906670530089338
0.4039583333333333,210.91416048396,10.390489913186235
0.4041666666666667,211.56634893101503,10.81024847077983
0.404375,210.91416048396036,11.163358251778677
0.40458333333333335,208.96161610144577,11.447642216962086
0.40479166666666666,205.72075386887778,11.661347661150488
0.405,201.21155477961574,11.803157019216304
0.40520833333333334,195.46181954550812,11.87219598931065
0.40541666666666665,188.50699719624728,11.868038923225145
0.405625,180.3899665243364,11.790711450654532
0.4058333333333333,171.16077172305214,11.640690321181216
0.4060416666666667,160.87631384735914,11.418900464955392
0.40625,149.6000000000021,11.126709290193588
0.4064583333333333,137.40135240559312,10.765918252651351
0.4066666666666667,124.35557978301755,10.338751749050422
0.406875,110.54311365864805,9.847843402932584
0.40708333333333335,96.04911247926248,9.2962198274956
0.40729166666666666,80.96293658187129,8.687281965515327
0.4075,65.37759725754448,8.024784121403256
0.40770833333333334,49.38918330586775,7.31281081467123
0.40791666666666665,33.09626861554034,6.555751597510399
0.408125,16.59930442357201,5.758273991742297
0.4083333333333333,-2.4886124541797526e-12,4.92529471199439
0.4085416666666667,-16.59930442357098,4.061949352520644
0.40875,-33.09626861553338,3.173560724553708
0.4089583333333333,-49.38918330586676,2.2656060394032225
0.4091666666666667,-65.3775972575435,1.343683139629683
0.409375,-80.96293658187034,0.41347598648034245
0.40958333333333335,-96.04911247926155,-0.5192803836203671
0.40979166666666667,-110.54311365864719,-1.4488352174778074
0.41,-124.35557978301182,-2.3694575004328984
0.41020833333333334,-137.40135240558774,-3.275471289973247
0.41041666666666665,-149.60000000000136,-4.161290709806497
0.410625,-160.87631384736238,-5.021454388643889
0.41083333333333333,-171.1607717230515,-5.850659131372264
0.4110416666666667,-180.38996652433585,-6.643792615014146
0.41125,-188.50699719624683,-7.395964907899237
0.4114583333333333,-195.46181954550542,-8.10253861771923
0.4116666666666667,-201.21155477961543,-8.759157482593485
0.411875,-205.72075386887894,-9.36177322887233
0.41208333333333336,-208.96161610144654,-9.906670530089453
0.41229166666666667,-210.91416048395982,-10.390489913186173
0.4125,-211.56634893101503,-10.810248470779777
0.41270833333333334,-210.91416048396007,-11.16335825177875
0.41291666666666665,-208.9616161014461,-11.447642216962052
0.413125,-205.72075386887832,-11.661347661150463
0.41333333333333333,-201.21155477961645,-11.80315701921629
0.41354166666666664,-195.4618195455067,-11.872195989310658
0.41375,-188.50699719624834,-11.86803892322515
0.4139583333333333,-180.38996652433758,-11.790711450654547
0.4141666666666667,-171.16077172304992,-11.640690321181173
0.414375,-160.87631384736062,-11.418900464955428
0.41458333333333336,-149.59999999999948,-11.126709290193515
0.41479166666666667,-137.40135240559027,-10.765918252651264
0.415,-124.3555797830145,-10.338751749050319
0.41520833333333335,-110.54311365865001,-9.847843402932655
0.41541666666666666,-96.04911247926451,-9.296219827495682
0.415625,-80.96293658186785,-8.687281965515183
0.41583333333333333,-65.37759725754665,-8.024784121403352
0.41604166666666664,-49.38918330586998,-7.312810814671332
0.41625,-33.09626861553666,-6.555751597510225
0.4164583333333333,-16.59930442356829,-5.758273991742114
0.4166666666666667,2.0779906351389568e-13,-4.925294711994507
0.416875,16.599304423568704,-4.061949352520764
0.4170833333333333,33.09626861553706,-3.1735607245535062
0.41729166666666667,49.389183305864535,-2.265606039403348
0.4175,65.37759725754134,-1.3436831396298103
0.41770833333333335,80.96293658187378,-0.41347598648013295
0.41791666666666666,96.04911247926486,0.5192803836205765
0.418125,110.54311365865036,1.4488352174780155
0.41833333333333333,124.35557978300999,2.3694575004327727
0.41854166666666665,137.4013524055906,3.275471289973449
0.41875,149.59999999999977,4.161290709806377
0.4189583333333333,160.8763138473609,5.021454388643773
0.4191666666666667,171.1607717230537,5.8506591313724465
0.419375,180.38996652433465,6.64379261501404
0.4195833333333333,188.50699719624578,7.3959649078991365
0.4197916666666667,195.46181954550457,8.102538617719135
0.42,201.2115547796166,8.759157482593627
0.42020833333333335,205.72075386887843,9.361773228872254
0.42041666666666666,208.9616161014462,9.906670530089384
0.420625,210.9141604839601,10.390489913186276
0.42083333333333334,211.56634893101503,10.810248470779865
0.42104166666666665,210.91416048396025,11.163358251778703
0.42125,208.9616161014465,11.447642216962018
0.4214583333333333,205.72075386887747,11.661347661150502
0.4216666666666667,201.21155477961528,11.803157019216314
0.421875,195.46181954550755,11.872195989310654
0.4220833333333333,188.50699719624663,11.868038923225141
0.4222916666666667,180.38996652433565,11.790711450654522
0.4225,171.16077172305125,11.640690321181198
0.42270833333333335,160.87631384736213,11.418900464955463
0.42291666666666666,149.6000000000011,11.12670929019356
0.423125,137.401352405592,10.765918252651318
0.42333333333333334,124.35557978301637,10.338751749050383
0.42354166666666665,110.5431136586468,9.847843402932538
0.42375,96.04911247926118,9.29621982749555
0.4239583333333333,80.96293658186995,8.68728196551527
0.4241666666666667,65.37759725754883,8.024784121403444
0.424375,49.389183305866354,7.312810814671167
0.4245833333333333,33.096268615538904,6.555751597510333
0.4247916666666667,16.599304423570562,5.758273991742226
0.425,-3.940062967416814e-12,4.925294711994316
0.42520833333333335,-16.599304423572427,4.061949352520567
0.42541666666666667,-33.09626861553481,3.1735607245536293
0.425625,-49.38918330586231,2.2656060394034734
0.42583333333333334,-65.37759725754488,1.3436831396296023
0.42604166666666665,-80.96293658187167,0.41347598648026096
0.42625,-96.04911247926285,-0.5192803836204486
0.42645833333333333,-110.54311365864841,-1.4488352174778882
0.4266666666666667,-124.355579783013,-2.369457500432978
0.426875,-137.40135240558885,-3.2754712899733254
0.4270833333333333,-149.59999999999815,-4.1612907098062575
0.4272916666666667,-160.87631384736332,-5.021454388643963
0.4275,-171.16077172305236,-5.850659131372335
0.42770833333333336,-180.3899665243335,-6.6437926150139335
0.42791666666666667,-188.50699719624473,-7.395964907899036
0.428125,-195.46181954550596,-8.10253861771929
0.42833333333333334,-201.2115547796159,-8.75915748259354
0.42854166666666665,-205.7207538688779,-9.361773228872174
0.42875,-208.96161610144677,-9.906670530089498
0.42895833333333333,-210.91416048395993,-10.390489913186212
0.42916666666666664,-211.56634893101503,-10.810248470779813
0.429375,-210.91416048396042,-11.16335825177866
0.4295833333333333,-208.9616161014459,-11.447642216962075
0.4297916666666667,-205.72075386887798,-11.66134766115048
0.43,-201.21155477961602,-11.8031570192163
0.43020833333333336,-195.46181954550613,-11.872195989310661
0.43041666666666667,-188.50699719624768,-11.868038923225146
0.430625,-180.38996652433684,-11.790711450654538
0.43083333333333335,-171.16077172305262,-11.640690321181225
0.43104166666666666,-160.87631384735968,-11.418900464955406
0.43125,-149.60000000000267,-11.126709290193604
0.43145833333333333,-137.40135240559374,-10.765918252651371
0.43166666666666664,-124.35557978301333,-10.338751749050278
0.431875,-110.54311365864875,-9.847843402932611
0.4320833333333333,-96.04911247926321,-9.29621982749563
0.4322916666666667,-80.96293658187206,-8.687281965515357
0.4325,-65.37759725754528,-8.024784121403291
0.4327083333333333,-49.38918330586856,-7.312810814671267
0.43291666666666667,-33.096268615541156,-6.555751597510439
0.433125,-16.599304423566846,-5.758273991742043
0.43333333333333335,1.6592495767509572e-12,-4.925294711994432
0.43354166666666666,16.599304423570153,-4.061949352520688
0.43375,33.09626861553256,-3.1735607245537527
0.43395833333333333,49.38918330586594,-2.2656060394032678
0.43416666666666665,65.37759725754272,-1.3436831396297293
0.434375,80.96293658186956,-0.413475986480389
0.4345833333333333,96.04911247926617,0.519280383620658
0.4347916666666667,110.54311365864648,1.4488352174777612
0.435,124.35557978301117,2.369457500432852
0.4352083333333333,137.40135240558712,3.2754712899732024
0.4354166666666667,149.6000000000008,4.161290709806454
0.435625,160.87631384736184,5.021454388643846
0.43583333333333335,171.16077172305103,5.850659131372224
0.43604166666666666,180.38996652433542,6.643792615014108
0.43625,188.50699719624643,7.3959649078992005
0.43645833333333334,195.4618195455051,8.102538617719196
0.43666666666666665,201.21155477961517,8.759157482593453
0.436875,205.72075386887875,9.361773228872304
0.4370833333333333,208.96161610144642,9.906670530089428
0.4372916666666667,210.91416048395976,10.390489913186151
0.4375,211.56634893101503,10.8102484707799
0.4377083333333333,210.91416048396013,11.163358251778734
0.4379166666666667,208.96161610144625,11.44764221696204
0.438125,205.72075386887852,11.661347661150455
0.43833333333333335,201.2115547796167,11.803157019216284
0.43854166666666666,195.461819545507,11.872195989310658
0.43875,188.50699719624868,11.868038923225152
0.43895833333333334,180.38996652433488,11.790711450654511
0.43916666666666665,171.16077172305043,11.640690321181182
0.439375,160.87631384736116,11.418900464955442
0.4395833333333333,149.60000000000005,11.12670929019353
0.4397916666666667,137.4013524055909,10.765918252651284
0.44,124.35557978301519,10.338751749050342
0.4402083333333333,110.54311365865071,9.847843402932682
0.4404166666666667,96.04911247925989,9.296219827495499
0.440625,80.96293658186862,8.687281965515215
0.44083333333333335,65.37759725754745,8.024784121403385
0.44104166666666667,49.38918330587077,7.312810814671368
0.44125,33.09626861553747,6.555751597510263
0.44145833333333334,16.59930442356912,5.758273991742155
0.44166666666666665,6.215638139148991e-13,4.925294711994549
0.441875,-16.599304423567883,4.0619493525208075
0.44208333333333333,-33.096268615536246,3.173560724553551
0.4422916666666667,-49.38918330586373,2.2656060394033934
0.4425,-65.37759725754054,1.3436831396298565
0.4427083333333333,-80.96293658187302,0.4134759864801795
0.4429166666666667,-96.04911247926414,-0.51928038362053
0.443125,-110.54311365864965,-1.448835217477969
0.44333333333333336,-124.35557978301418,-2.369457500433058
0.44354166666666667,-137.40135240558996,-3.275471289973404
0.44375,-149.59999999999917,-4.161290709806334
0.44395833333333334,-160.87631384736036,-5.021454388643731
0.44416666666666665,-171.16077172305322,-5.850659131372406
0.444375,-180.38996652433423,-6.643792615014002
0.44458333333333333,-188.50699719624538,-7.3959649078991
0.44479166666666664,-195.46181954550656,-8.102538617719349
0.445,-201.21155477961634,-8.759157482593595
0.4452083333333333,-205.72075386887823,-9.361773228872224
0.4454166666666667,-208.96161610144608,-9.906670530089357
0.445625,-210.91416048396002,-10.390489913186252
0.44583333333333336,-211.56634893101503,-10.810248470779845
0.44604166666666667,-210.9141604839603,-11.163358251778687
0.44625,-208.96161610144568,-11.447642216962096
0.44645833333333335,-205.72075386887767,-11.661347661150495
0.44666666666666666,-201.21155477961554,-11.803157019216309
0.446875,-195.4618195455079,-11.872195989310653
0.44708333333333333,-188.50699719624703,-11.868038923225145
0.44729166666666664,-180.38996652433607,-11.790711450654527
0.4475,-171.16077172305177,-11.640690321181207
0.4477083333333333,-160.87631384735874,-11.418900464955383
0.4479166666666667,-149.60000000000167,-11.126709290193576
0.448125,-137.40135240559263,-10.765918252651337
0.4483333333333333,-124.35557978301703,-10.338751749050406
0.44854166666666667,-110.54311365864754,-9.847843402932565
0.44875,-96.04911247926191,-9.296219827495579
0.44895833333333335,-80.96293658187072,-8.687281965515302
0.44916666666666666,-65.37759725754388,-8.02478412140323
0.449375,-49.38918330586715,-7.312810814671202
0.44958333333333333,-33.09626861553973,-6.555751597510371
0.44979166666666665,-16.599304423571393,-5.758273991742267
0.45,3.1107000899880192e-12,-4.925294711994359
0.4502083333333333,16.5993044235716,-4.06194935252061
0.4504166666666667,33.09626861553399,-3.173560724553674
0.450625,49.38918330586151,-2.2656060394035196
0.4508333333333333,65.3775972575441,-1.3436831396296482
0.4510416666666667,80.96293658187092,-0.41347598648030753
0.45125,96.0491124792621,0.5192803836204021
0.45145833333333335,110.54311365864768,1.4488352174778418
0.45166666666666666,124.35557978301235,2.369457500432932
0.451875,137.40135240558823,3.2754712899732805
0.45208333333333334,149.59999999999755,4.161290709806214
0.45229166666666665,160.87631384736278,5.02145438864392
0.4525,171.16077172305188,5.850659131372294
0.4527083333333333,180.389966524333,6.643792615013895
0.4529166666666667,188.50699719624708,7.3959649078992635
0.453125,195.46181954550565,8.102538617719254
0.4533333333333333,201.21155477961562,8.759157482593508
0.4535416666666667,205.7207538688777,9.361773228872146
0.45375,208.96161610144665,9.906670530089473
0.45395833333333335,210.91416048395988,10.39048991318619
0.45416666666666666,211.56634893101503,10.810248470779792
0.454375,210.91416048396002,11.16335825177876
0.45458333333333334,208.96161610144603,11.44764221696206
0.45479166666666665,205.72075386887818,11.66134766115047
0.455,201.21155477961625,11.803157019216295
0.4552083333333333,195.46181954550647,11.87219598931066
0.4554166666666667,188.50699719624802,11.86803892322515
0.455625,180.38996652433727,11.790711450654543
0.4558333333333333,171.16077172304958,11.640690321181166
0.4560416666666667,160.87631384736022,11.418900464955419
0.45625,149.60000000000326,11.126709290193622
0.45645833333333335,137.40135240559437,10.765918252651392
0.45666666666666667,124.35557978301401,10.338751749050303
0.456875,110.54311365864947,9.847843402932638
0.45708333333333334,96.04911247926394,9.296219827495658
0.45729166666666665,80.96293658186727,8.68728196551516
0.4575,65.37759725754606,8.024784121403325
0.45770833333333333,49.38918330586937,7.3128108146713044
0.4579166666666667,33.09626861554197,6.555751597510477
0.458125,16.59930442356767,5.758273991742084
0.4583333333333333,-8.298866993221628e-13,4.925294711994475
0.4585416666666667,-16.599304423569325,4.061949352520731
0.45875,-33.096268615537674,3.1735607245534725
0.45895833333333336,-49.38918330586513,2.2656060394033135
0.45916666666666667,-65.37759725754192,1.3436831396297757
0.459375,-80.9629365818688,0.4134759864804355
0.45958333333333334,-96.04911247926543,-0.5192803836206115
0.45979166666666665,-110.54311365864575,-1.4488352174777148
0.46,-124.35557978301048,-2.369457500432807
0.46020833333333333,-137.40135240559104,-3.2754712899734826
0.46041666666666664,-149.6000000000002,-4.16129070980641
0.460625,-160.8763138473613,-5.021454388643805
0.4608333333333333,-171.16077172305054,-5.850659131372183
0.4610416666666667,-180.389966524335,-6.643792615014069
0.46125,-188.50699719624606,-7.395964907899163
0.46145833333333336,-195.4618195455048,-8.102538617719162
0.46166666666666667,-201.2115547796168,-8.75915748259365
0.461875,-205.72075386887855,-9.361773228872273
0.46208333333333335,-208.9616161014463,-9.906670530089402
0.46229166666666666,-210.91416048395968,-10.390489913186128
0.4625,-211.56634893101503,-10.810248470779879
0.46270833333333333,-210.9141604839602,-11.163358251778716
0.46291666666666664,-208.9616161014464,-11.447642216962027
0.463125,-205.72075386887727,-11.66134766115051
0.4633333333333333,-201.211554779617,-11.803157019216279
0.4635416666666667,-195.46181954550732,-11.872195989310656
0.46375,-188.50699719624907,-11.868038923225154
0.4639583333333333,-180.3899665243353,-11.790711450654516
0.46416666666666667,-171.1607717230509,-11.640690321181191
0.464375,-160.8763138473617,-11.418900464955454
0.46458333333333335,-149.60000000000062,-11.126709290193547
0.46479166666666666,-137.40135240559152,-10.765918252651304
0.465,-124.35557978301586,-10.338751749050365
0.46520833333333333,-110.54311365865141,-9.847843402932709
0.46541666666666665,-96.04911247926061,-9.296219827495527
0.465625,-80.96293658186937,-8.687281965515247
0.4658333333333333,-65.37759725754823,-8.02478412140342
0.4660416666666667,-49.38918330586574,-7.312810814671139
0.46625,-33.09626861553829,-6.555751597510303
0.4664583333333333,-16.599304423569944,-5.758273991742196
0.4666666666666667,-1.450926691343694e-12,-4.925294711994591
0.466875,16.59930442356705,-4.061949352520851
0.46708333333333335,33.09626861553542,-3.173560724553596
0.46729166666666666,49.38918330586292,-2.265606039403439
0.4675,65.37759725754547,-1.3436831396295674
0.46770833333333334,80.96293658187226,-0.4134759864802261
0.46791666666666665,96.0491124792634,0.5192803836204836
0.468125,110.54311365864895,1.4488352174779229
0.4683333333333333,124.35557978301352,2.3694575004330125
0.4685416666666667,137.4013524055893,3.275471289973359
0.46875,149.5999999999986,4.16129070980629
0.4689583333333333,160.87631384736372,5.021454388643994
0.4691666666666667,171.16077172305273,5.850659131372366
0.469375,180.38996652433383,6.643792615013963
0.46958333333333335,188.50699719624504,7.395964907899063
0.46979166666666666,195.46181954550624,8.102538617719315
0.47,201.21155477961605,8.759157482593563
0.47020833333333334,205.720753868878,9.361773228872195
0.47041666666666665,208.9616161014459,9.906670530089333
0.470625,210.91416048396,10.39048991318623
0.4708333333333333,211.56634893101503,10.810248470779827
0.4710416666666667,210.91416048396036,11.163358251778673
0.47125,208.9616161014458,11.447642216962084
0.4714583333333333,205.7207538688778,11.661347661150486
0.4716666666666667,201.21155477961582,11.803157019216304
0.471875,195.46181954550588,11.872195989310663
0.47208333333333335,188.50699719624737,11.868038923225145
0.47229166666666667,180.3899665243365,11.790711450654532
0.4725,171.16077172305225,11.640690321181216
0.47270833333333334,160.87631384735928,11.418900464955396
0.47291666666666665,149.60000000000224,11.126709290193592
0.473125,137.4013524055933,10.765918252651357
0.47333333333333333,124.3555797830177,10.338751749050427
0.4735416666666667,110.54311365864824,9.847843402932591
0.47375,96.04911247926265,9.296219827495609
0.4739583333333333,80.96293658187149,8.687281965515334
0.4741666666666667,65.37759725754468,8.024784121403265
0.474375,49.38918330586797,7.31281081467124
0.47458333333333336,33.09626861554054,6.55575159751041
0.47479166666666667,16.59930442357222,5.758273991742308
0.475,-2.2813372125592247e-12,4.9252947119944
0.47520833333333334,-16.599304423570775,4.061949352520654
0.47541666666666665,-33.09626861553317,3.173560724553719
0.475625,-49.389183305866545,2.2656060394032336
0.47583333333333333,-65.3775972575433,1.3436831396296947
0.47604166666666664,-80.96293658187014,0.41347598648035405
0.47625,-96.04911247926135,-0.5192803836203556
0.4764583333333333,-110.543113658647,-1.4488352174777959
0.4766666666666667,-124.35557978301166,-2.369457500432887
0.476875,-137.4013524055876,-3.2754712899732357
0.47708333333333336,-149.60000000000122,-4.161290709806487
0.47729166666666667,-160.87631384736224,-5.021454388643878
0.4775,-171.1607717230514,-5.850659131372254
0.47770833333333335,-180.38996652433573,-6.643792615014137
0.47791666666666666,-188.50699719624672,-7.395964907899228
0.478125,-195.46181954550534,-8.10253861771922
0.47833333333333333,-201.21155477961537,-8.759157482593478
0.47854166666666664,-205.7207538688789,-9.361773228872325
0.47875,-208.96161610144654,-9.906670530089446
0.4789583333333333,-210.9141604839598,-10.390489913186167
0.4791666666666667,-211.56634893101503,-10.810248470779772
0.479375,-210.91416048396007,-11.163358251778744
0.4795833333333333,-208.96161610144614,-11.44764221696205
0.47979166666666667,-205.72075386887835,-11.661347661150462
0.48,-201.2115547796165,-11.80315701921629
0.48020833333333335,-195.46181954550678,-11.872195989310658
0.48041666666666666,-188.5069971962484,-11.86803892322515
0.480625,-180.3899665243377,-11.790711450654548
0.48083333333333333,-171.16077172305006,-11.640690321181175
0.48104166666666665,-160.87631384736076,-11.418900464955433
0.48125,-149.59999999999962,-11.126709290193519
0.4814583333333333,-137.40135240559044,-10.76591825265127
0.4816666666666667,-124.3555797830147,-10.338751749050324
0.481875,-110.54311365865019,-9.847843402932662
0.4820833333333333,-96.04911247926468,-9.296219827495687
0.4822916666666667,-80.96293658186804,-8.687281965515192
0.4825,-65.37759725754685,-8.024784121403359
0.48270833333333335,-49.389183305870176,-7.312810814671341
0.48291666666666666,-33.09626861553685,-6.555751597510235
0.483125,-16.599304423568498,-5.758273991742125
0.48333333333333334,5.238218933679772e-16,-4.925294711994518
0.48354166666666665,16.5993044235685,-4.061949352520775
0.48375,33.09626861553686,-3.1735607245535173
0.4839583333333333,49.38918330586433,-2.2656060394033593
0.4841666666666667,65.37759725754113,-1.3436831396298219
0.484375,80.96293658187359,-0.41347598648014466
0.4845833333333333,96.04911247926468,0.5192803836205648
0.4847916666666667,110.54311365865019,1.448835217478004
0.485,124.35557978300982,2.369457500432761
0.48520833333333335,137.40135240559044,3.2754712899734377
0.48541666666666666,149.59999999999962,4.161290709806367
0.485625,160.87631384736076,5.021454388643762
0.48583333333333334,171.16077172305359,5.850659131372436
0.48604166666666665,180.38996652433457,6.643792615014031
0.48625,188.5069971962457,7.395964907899128
0.4864583333333333,195.46181954550445,8.102538617719128
0.4866666666666667,201.2115547796165,8.759157482593618
0.486875,205.72075386887835,9.361773228872245
0.4870833333333333,208.96161610144614,9.906670530089377
0.4872916666666667,210.9141604839601,10.390489913186268
0.4875,211.56634893101503,10.81024847077986
0.48770833333333335,210.91416048396025,11.1633582517787
0.48791666666666667,208.96161610144654,11.447642216962015
0.488125,205.7207538688775,11.661347661150502
0.48833333333333334,201.21155477961537,11.803157019216313
0.48854166666666665,195.46181954550764,11.872195989310653
0.48875,188.50699719624672,11.868038923225141
0.48895833333333333,180.38996652433573,11.790711450654522
0.4891666666666667,171.16077172305137,11.640690321181202
0.489375,160.87631384736224,11.418900464955467
0.4895833333333333,149.60000000000122,11.126709290193563
0.4897916666666667,137.40135240559218,10.765918252651323
0.49,124.35557978301652,10.338751749050388
0.49020833333333336,110.543113658647,9.847843402932545
0.49041666666666667,96.04911247926135,9.296219827495557
0.490625,80.96293658187014,8.687281965515279
0.49083333333333334,65.37759725754903,8.024784121403455
0.49104166666666665,49.389183305866545,7.312810814671175
0.49125,33.09626861553911,6.5557515975103415
0.49145833333333333,16.599304423570775,5.758273991742237
0.49166666666666664,-3.732787725796286e-12,4.925294711994327
0.491875,-16.59930442357222,4.061949352520577
0.4920833333333333,-33.096268615534605,3.173560724553641
0.4922916666666667,-49.38918330586211,2.265606039403485
0.4925,-65.37759725754469,1.3436831396296138
0.49270833333333336,-80.96293658187149,0.4134759864802726
0.49291666666666667,-96.04911247926265,-0.5192803836204369
0.493125,-110.54311365864824,-1.4488352174778767
0.49333333333333335,-124.35557978301283,-2.3694575004329663
0.49354166666666666,-137.4013524055887,-3.2754712899733143
0.49375,-149.599999999998,-4.161290709806247
0.49395833333333333,-160.87631384736318,-5.021454388643952
0.49416666666666664,-171.16077172305225,-5.850659131372325
0.494375,-180.38996652433337,-6.643792615013924
0.4945833333333333,-188.50699719624737,-7.395964907899291
0.4947916666666667,-195.46181954550588,-8.102538617719281
0.495,-201.21155477961582,-8.759157482593533
0.4952083333333333,-205.7207538688778,-9.361773228872167
0.49541666666666667,-208.96161610144677,-9.906670530089492
0.495625,-210.9141604839599,-10.390489913186206
0.49583333333333335,-211.56634893101503,-10.810248470779808
0.49604166666666666,-210.91416048396044,-11.163358251778657
0.49625,-208.9616161014459,-11.447642216962072
0.49645833333333333,-205.720753868878,-11.661347661150478
0.49666666666666665,-201.21155477961605,-11.803157019216298
0.496875,-195.46181954550624,-11.872195989310661
0.4970833333333333,-188.50699719624774,-11.868038923225148
0.4972916666666667,-180.38996652433693,-11.790711450654538
0.4975,-171.16077172305273,-11.640690321181227
0.4977083333333333,-160.87631384735982,-11.41890046495541
0.4979166666666667,-149.60000000000286,-11.126709290193608
0.498125,-137.40135240559388,-10.765918252651376
0.49833333333333335,-124.35557978301352,-10.338751749050285
0.49854166666666666,-110.54311365864895,-9.847843402932618
0.49875,-96.0491124792634,-9.296219827495635
0.49895833333333334,-80.96293658187226,-8.687281965515366
0.49916666666666665,-65.37759725754547,-8.0247841214033
0.499375,-49.38918330586877,-7.312810814671276
0.4995833333333333,-33.09626861554137,-6.555751597510448
0.4997916666666667,-16.59930442356705,-5.758273991742054
0.5,1.4519743351304299e-12,-4.925294711994443
0.5002083333333334,16.599304423569947,-4.061949352520698
0.5004166666666666,33.09626861553235,-3.173560724553764
0.500625,49.38918330586574,-2.2656060394032793
0.5008333333333334,65.37759725754252,-1.343683139629741
0.5010416666666667,80.96293658186937,-0.4134759864804006
0.50125,96.04911247926597,0.5192803836206463
0.5014583333333333,110.5431136586463,1.4488352174777497
0.5016666666666667,124.35557978301097,2.369457500432841
0.501875,137.40135240558695,3.275471289973191
0.5020833333333333,149.60000000000062,4.161290709806443
0.5022916666666667,160.8763138473617,5.021454388643836
0.5025,171.1607717230509,5.850659131372213
0.5027083333333333,180.3899665243353,6.643792615014098
0.5029166666666667,188.50699719624635,7.395964907899191
0.503125,195.46181954550505,8.102538617719187
0.5033333333333333,201.2115547796151,8.759157482593446
0.5035416666666667,205.72075386887872,9.361773228872295
0.50375,208.9616161014464,9.906670530089421
0.5039583333333333,210.9141604839597,10.390489913186146
0.5041666666666667,211.56634893101503,10.810248470779895
0.504375,210.91416048396013,11.163358251778728
0.5045833333333334,208.9616161014463,11.447642216962036
0.5047916666666666,205.72075386887855,11.661347661150453
0.505,201.2115547796168,11.803157019216284
0.5052083333333334,195.4618195455071,11.872195989310656
0.5054166666666666,188.5069971962488,11.868038923225154
0.505625,180.389966524335,11.790711450654513
0.5058333333333334,171.16077172305054,11.640690321181186
0.5060416666666666,160.8763138473613,11.418900464955444
0.50625,149.6000000000002,11.126709290193535
0.5064583333333333,137.40135240559104,10.76591825265129
0.5066666666666667,124.35557978301536,10.338751749050349
0.506875,110.5431136586509,9.84784340293269
0.5070833333333333,96.04911247926007,9.296219827495507
0.5072916666666667,80.9629365818688,8.687281965515224
0.5075,65.37759725754763,8.024784121403393
0.5077083333333333,49.389183305870986,7.312810814671378
0.5079166666666667,33.096268615537674,6.555751597510274
0.508125,16.599304423569325,5.758273991742166
0.5083333333333333,8.288390555354268e-13,4.925294711994559
0.5085416666666667,-16.59930442356767,4.061949352520818
0.50875,-33.09626861553604,3.173560724553562
0.5089583333333333,-49.38918330586352,2.265606039403405
0.5091666666666667,-65.37759725754034,1.343683139629868
0.509375,-80.96293658187282,0.4134759864801912
0.5095833333333334,-96.04911247926394,-0.5192803836205184
0.5097916666666666,-110.54311365864947,-1.4488352174779575
0.51,-124.35557978301401,-2.3694575004330463
0.5102083333333334,-137.4013524055898,-3.275471289973393
0.5104166666666666,-149.59999999999906,-4.161290709806323
0.510625,-160.87631384736022,-5.02145438864372
0.5108333333333334,-171.1607717230531,-5.850659131372396
0.5110416666666666,-180.3899665243341,-6.643792615013991
0.51125,-188.50699719624532,-7.39596490789909
0.5114583333333333,-195.46181954550647,-8.10253861771934
0.5116666666666667,-201.21155477961625,-8.759157482593587
0.511875,-205.72075386887818,-9.361773228872217
0.5120833333333333,-208.96161610144603,-9.90667053008935
0.5122916666666667,-210.91416048396002,-10.390489913186247
0.5125,-211.56634893101503,-10.810248470779841
0.5127083333333333,-210.91416048396033,-11.163358251778684
0.5129166666666667,-208.96161610144568,-11.447642216962093
0.513125,-205.7207538688777,-11.661347661150494
0.5133333333333333,-201.21155477961562,-11.803157019216307
0.5135416666666667,-195.46181954550798,-11.872195989310653
0.51375,-188.50699719624708,-11.868038923225145
0.5139583333333333,-180.3899665243362,-11.790711450654529
0.5141666666666667,-171.16077172305188,-11.64069032118121
0.514375,-160.8763138473589,-11.418900464955387
0.5145833333333333,-149.6000000000018,-11.126709290193581
0.5147916666666666,-137.40135240559277,-10.765918252651343
0.515,-124.35557978301722,-10.338751749050411
0.5152083333333334,-110.54311365864768,-9.847843402932572
0.5154166666666666,-96.0491124792621,-9.296219827495586
0.515625,-80.96293658187092,-8.68728196551531
0.5158333333333334,-65.3775972575441,-8.02478412140324
0.5160416666666666,-49.389183305867356,-7.312810814671212
0.51625,-33.096268615539934,-6.5557515975103815
0.5164583333333334,-16.599304423571596,-5.758273991742278
0.5166666666666667,2.9034248483674917e-12,-4.925294711994369
0.516875,16.599304423571393,-4.061949352520621
0.5170833333333333,33.09626861553379,-3.1735607245536857
0.5172916666666667,49.38918330586715,-2.2656060394031994
0.5175,65.37759725754388,-1.3436831396296598
0.5177083333333333,80.96293658187072,-0.4134759864803192
0.5179166666666667,96.04911247926191,0.5192803836203904
0.518125,110.54311365864754,1.4488352174778303
0.5183333333333333,124.35557978301215,2.369457500432921
0.5185416666666667,137.40135240558806,3.2754712899732694
0.51875,149.5999999999974,4.161290709806203
0.5189583333333333,160.87631384736264,5.021454388643909
0.5191666666666667,171.16077172305177,5.850659131372284
0.519375,180.38996652433295,6.6437926150138855
0.5195833333333333,188.50699719624703,7.395964907899254
0.5197916666666667,195.4618195455056,8.102538617719247
0.52,201.21155477961554,8.759157482593501
0.5202083333333334,205.72075386887767,9.361773228872138
0.5204166666666666,208.96161610144662,9.906670530089468
0.520625,210.91416048395982,10.390489913186185
0.5208333333333334,211.56634893101503,10.810248470779788
0.5210416666666666,210.91416048396002,11.163358251778757
0.52125,208.96161610144608,11.447642216962059
0.5214583333333334,205.72075386887823,11.661347661150469
0.5216666666666666,201.21155477961634,11.803157019216293
0.521875,195.46181954550656,11.87219598931066
0.5220833333333333,188.50699719624814,11.86803892322515
0.5222916666666667,180.38996652433738,11.790711450654545
0.5225,171.1607717230497,11.640690321181168
0.5227083333333333,160.87631384736036,11.418900464955422
0.5229166666666667,149.60000000000343,11.126709290193626
0.523125,137.4013524055945,10.765918252651398
0.5233333333333333,124.35557978301418,10.338751749050308
0.5235416666666667,110.54311365864965,9.847843402932643
0.52375,96.04911247926414,9.296219827495666
0.5239583333333333,80.96293658186747,8.687281965515167
0.5241666666666667,65.37759725754627,8.024784121403334
0.524375,49.389183305869565,7.312810814671313
0.5245833333333333,33.09626861554218,6.555751597510488
0.5247916666666667,16.599304423567876,5.758273991742095
0.525,-6.226114577016351e-13,4.925294711994486
0.5252083333333334,-16.59930442356912,4.061949352520742
0.5254166666666666,-33.09626861553747,3.1735607245534836
0.525625,-49.38918330586494,2.265606039403325
0.5258333333333334,-65.37759725754174,1.3436831396297872
0.5260416666666666,-80.96293658186862,0.4134759864804472
0.52625,-96.04911247926523,-0.5192803836205998
0.5264583333333334,-110.54311365864558,-1.4488352174777033
0.5266666666666666,-124.35557978301031,-2.3694575004327953
0.526875,-137.4013524055909,-3.2754712899734715
0.5270833333333333,-149.60000000000005,-4.1612907098064
0.5272916666666667,-160.87631384736116,-5.021454388643794
0.5275,-171.16077172305043,-5.850659131372173
0.5277083333333333,-180.38996652433488,-6.643792615014059
0.5279166666666667,-188.50699719624598,-7.395964907899154
0.528125,-195.46181954550468,-8.102538617719153
0.5283333333333333,-201.2115547796167,-8.759157482593643
0.5285416666666667,-205.72075386887852,-9.361773228872268
0.52875,-208.96161610144625,-9.906670530089396
0.5289583333333333,-210.91416048395965,-10.390489913186123
0.5291666666666667,-211.56634893101503,-10.810248470779875
0.529375,-210.91416048396022,-11.163358251778712
0.5295833333333333,-208.96161610144642,-11.447642216962025
0.5297916666666667,-205.72075386887735,-11.661347661150508
0.53,-201.21155477961702,-11.803157019216279
0.5302083333333333,-195.4618195455074,-11.872195989310654
0.5304166666666666,-188.50699719624913,-11.868038923225154
0.530625,-180.38996652433542,-11.790711450654518
0.5308333333333334,-171.16077172305103,-11.640690321181195
0.5310416666666666,-160.87631384736184,-11.418900464955458
0.53125,-149.6000000000008,-11.126709290193551
0.5314583333333334,-137.40135240559167,-10.765918252651309
0.5316666666666666,-124.35557978301604,-10.33875174905037
0.531875,-110.54311365865159,-9.847843402932716
0.5320833333333334,-96.04911247926081,-9.296219827495536
0.5322916666666667,-80.96293658186956,-8.687281965515254
0.5325,-65.37759725754843,-8.024784121403428
0.5327083333333333,-49.38918330586594,-7.312810814671148
0.5329166666666667,-33.09626861553849,-6.555751597510312
0.533125,-16.599304423570153,-5.758273991742206
0.5333333333333333,-1.6582019329642216e-12,-4.925294711994602
0.5335416666666667,16.59930442356685,-4.061949352520862
0.53375,33.09626861553522,-3.173560724553607
0.5339583333333333,49.389183305862716,-2.2656060394034507
0.5341666666666667,65.37759725754528,-1.343683139629579
0.534375,80.96293658187206,-0.41347598648023776
0.5345833333333333,96.04911247926321,0.5192803836204718
0.5347916666666667,110.54311365864875,1.4488352174779113
0.535,124.35557978301333,2.369457500433001
0.5352083333333333,137.40135240558917,3.275471289973348
0.5354166666666667,149.59999999999843,4.16129070980628
0.535625,160.8763138473636,5.021454388643984
0.5358333333333334,171.16077172305262,5.850659131372355
0.5360416666666666,180.3899665243337,6.643792615013953
0.53625,188.50699719624492,7.395964907899054
0.5364583333333334,195.46181954550613,8.102538617719306
0.5366666666666666,201.21155477961602,8.759157482593556
0.536875,205.72075386887798,9.361773228872188
0.5370833333333334,208.9616161014459,9.906670530089325
0.5372916666666666,210.91416048395993,10.390489913186224
0.5375,211.56634893101503,10.810248470779822
0.5377083333333333,210.91416048396042,11.163358251778668
0.5379166666666667,208.96161610144586,11.44764221696208
0.538125,205.7207538688779,11.661347661150483
0.5383333333333333,201.2115547796159,11.803157019216302
0.5385416666666667,195.46181954550596,11.872195989310663
0.53875,188.50699719624748,11.868038923225145
0.5389583333333333,180.38996652433661,11.790711450654534
0.5391666666666667,171.16077172305236,11.64069032118122
0.539375,160.87631384735943,11.4189004649554
0.5395833333333333,149.6000000000024,11.126709290193597
0.5397916666666667,137.4013524055934,10.765918252651362
0.54,124.355579783013,10.338751749050267
0.5402083333333333,110.54311365864841,9.847843402932597
0.5404166666666667,96.04911247926285,9.296219827495614
0.540625,80.96293658187167,8.687281965515341
0.5408333333333334,65.37759725754488,8.024784121403274
0.5410416666666666,49.38918330586816,7.3128108146712485
0.54125,33.09626861554075,6.55575159751042
0.5414583333333334,16.59930442356643,5.758273991742024
0.5416666666666666,-2.0740619709386968e-12,4.925294711994411
0.541875,-16.59930442357057,4.061949352520665
0.5420833333333334,-33.09626861553297,3.1735607245537305
0.5422916666666666,-49.389183305866354,2.265606039403245
0.5425,-65.3775972575431,1.3436831396297062
0.5427083333333333,-80.96293658186995,0.41347598648036565
0.5429166666666667,-96.04911247926118,-0.5192803836203439
0.543125,-110.54311365864682,-1.4488352174777843
0.5433333333333333,-124.35557978301149,-2.3694575004328753
0.5435416666666667,-137.40135240558743,-3.2754712899732246
0.54375,-149.6000000000011,-4.161290709806476
0.5439583333333333,-160.87631384736213,-5.021454388643868
0.5441666666666667,-171.16077172305125,-5.850659131372243
0.544375,-180.38996652433252,-6.643792615013846
0.5445833333333333,-188.50699719624663,-7.395964907899218
0.5447916666666667,-195.46181954550528,-8.102538617719212
0.545,-201.21155477961528,-8.75915748259347
0.5452083333333333,-205.72075386887886,-9.361773228872318
0.5454166666666667,-208.9616161014465,-9.90667053008944
0.545625,-210.91416048395976,-10.390489913186162
0.5458333333333333,-211.56634893101503,-10.810248470779769
0.5460416666666666,-210.9141604839601,-11.16335825177874
0.54625,-208.9616161014462,-11.447642216962045
0.5464583333333334,-205.72075386887843,-11.66134766115046
0.5466666666666666,-201.2115547796166,-11.803157019216288
0.546875,-195.46181954550684,-11.872195989310658
0.5470833333333334,-188.50699719624848,-11.868038923225152
0.5472916666666666,-180.3899665243378,-11.79071145065455
0.5475,-171.16077172305017,-11.640690321181179
0.5477083333333334,-160.8763138473609,-11.418900464955435
0.5479166666666667,-149.600000000004,-11.126709290193642
0.548125,-137.4013524055906,-10.765918252651275
0.5483333333333333,-124.35557978301486,-10.33875174905033
0.5485416666666667,-110.54311365865036,-9.84784340293267
0.54875,-96.04911247926486,-9.296219827495696
0.5489583333333333,-80.96293658186822,-8.687281965515199
0.5491666666666667,-65.37759725754705,-8.024784121403368
0.549375,-49.38918330587038,-7.312810814671351
0.5495833333333333,-33.09626861553706,-6.555751597510246
0.5497916666666667,-16.599304423568704,-5.758273991742135
0.55,-2.0675141972715972e-13,-4.925294711994527
0.5502083333333333,16.59930442356829,-4.061949352520785
0.5504166666666667,33.09626861553666,-3.1735607245535284
0.550625,49.38918330586413,-2.265606039403371
0.5508333333333333,65.37759725754094,-1.3436831396298334
0.5510416666666667,80.96293658187341,-0.4134759864801563
0.55125,96.04911247926451,0.5192803836205533
0.5514583333333334,110.54311365864488,1.448835217477657
0.5516666666666666,124.35557978300963,2.36945750043275
0.551875,137.40135240559027,3.2754712899734266
0.5520833333333334,149.59999999999948,4.161290709806356
0.5522916666666666,160.87631384736062,5.021454388643751
0.5525,171.16077172305347,5.850659131372426
0.5527083333333334,180.38996652433445,6.6437926150140205
0.5529166666666666,188.50699719624558,7.395964907899118
0.553125,195.46181954550437,8.10253861771912
0.5533333333333333,201.21155477961645,8.759157482593611
0.5535416666666667,205.72075386887832,9.361773228872238
0.55375,208.9616161014461,9.90667053008937
0.5539583333333333,210.91416048396007,10.390489913186263
0.5541666666666667,211.56634893101503,10.810248470779856
0.554375,210.9141604839603,11.163358251778696
0.5545833333333333,208.96161610144654,11.447642216962011
0.5547916666666667,205.72075386887755,11.661347661150499
0.555,201.2115547796173,11.803157019216274
0.5552083333333333,195.46181954550775,11.872195989310653
0.5554166666666667,188.50699719624683,11.868038923225143
0.555625,180.38996652433585,11.790711450654525
0.5558333333333333,171.1607717230515,11.640690321181204
0.5560416666666667,160.87631384736238,11.41890046495547
0.55625,149.60000000000136,11.126709290193567
0.5564583333333334,137.40135240559232,10.765918252651328
0.5566666666666666,124.3555797830167,10.338751749050394
0.556875,110.54311365864719,9.84784340293255
0.5570833333333334,96.04911247926155,9.296219827495564
0.5572916666666666,80.96293658187034,8.687281965515286
0.5575,65.37759725754923,8.024784121403462
0.5577083333333334,49.38918330586676,7.312810814671185
0.5579166666666666,33.096268615539316,6.555751597510352
0.558125,16.599304423570977,5.7582739917422465
0.5583333333333333,-3.5255124841757584e-12,4.925294711994337
0.5585416666666667,-16.599304423566018,4.061949352520906
0.55875,-33.0962686155344,3.173560724553652
0.5589583333333333,-49.38918330586191,2.2656060394034965
0.5591666666666667,-65.37759725754448,1.3436831396296252
0.559375,-80.96293658187129,0.4134759864802842
0.5595833333333333,-96.04911247926248,-0.5192803836204254
0.5597916666666667,-110.54311365864805,-1.4488352174778651
0.56,-124.35557978301267,-2.369457500432955
0.5602083333333333,-137.4013524055885,-3.275471289973303
0.5604166666666667,-149.59999999999783,-4.161290709806236
0.560625,-160.87631384736306,-5.021454388643941
0.5608333333333333,-171.16077172305214,-5.850659131372314
0.5610416666666667,-180.38996652433326,-6.643792615013915
0.56125,-188.50699719624728,-7.395964907899282
0.5614583333333333,-195.46181954550582,-8.102538617719272
0.5616666666666666,-201.21155477961574,-8.759157482593524
0.561875,-205.72075386887778,-9.36177322887216
0.5620833333333334,-208.96161610144577,-9.906670530089299
0.5622916666666666,-210.9141604839599,-10.390489913186201
0.5625,-211.56634893101503,-10.810248470779802
0.5627083333333334,-210.91416048396,-11.163358251778769
0.5629166666666666,-208.96161610144597,-11.447642216962068
0.563125,-205.72075386887803,-11.661347661150476
0.5633333333333334,-201.21155477961614,-11.803157019216297
0.5635416666666667,-195.4618195455063,-11.872195989310661
0.56375,-188.50699719624782,-11.868038923225148
0.5639583333333333,-180.38996652433704,-11.79071145065454
0.5641666666666667,-171.1607717230493,-11.640690321181161
0.564375,-160.87631384735997,-11.418900464955412
0.5645833333333333,-149.60000000000298,-11.126709290193611
0.5647916666666667,-137.40135240559405,-10.765918252651382
0.565,-124.35557978301368,-10.33875174905029
0.5652083333333333,-110.5431136586491,-9.847843402932623
0.5654166666666667,-96.04911247926357,-9.296219827495644
0.565625,-80.96293658187244,-8.687281965515373
0.5658333333333333,-65.37759725754566,-8.024784121403307
0.5660416666666667,-49.38918330586897,-7.312810814671286
0.56625,-33.09626861554157,-6.555751597510459
0.5664583333333333,-16.599304423567258,-5.758273991742064
0.5666666666666667,1.2446990935099022e-12,-4.925294711994454
0.566875,16.599304423569738,-4.061949352520709
0.5670833333333334,33.09626861553215,-3.1735607245537754
0.5672916666666666,49.38918330586554,-2.2656060394032904
0.5675,65.37759725754232,-1.3436831396297526
0.5677083333333334,80.96293658186919,-0.4134759864804122
0.5679166666666666,96.0491124792658,0.5192803836206347
0.568125,110.5431136586461,1.448835217477738
0.5683333333333334,124.35557978301081,2.3694575004328295
0.5685416666666666,137.40135240558678,3.2754712899731797
0.56875,149.6000000000005,4.1612907098064325
0.5689583333333333,160.8763138473616,5.021454388643825
0.5691666666666667,171.1607717230508,5.850659131372203
0.569375,180.38996652433522,6.643792615014088
0.5695833333333333,188.50699719624623,7.395964907899182
0.5697916666666667,195.46181954550497,8.102538617719178
0.57,201.21155477961506,8.759157482593439
0.5702083333333333,205.72075386887866,9.36177322887229
0.5704166666666667,208.96161610144634,9.906670530089416
0.570625,210.9141604839597,10.39048991318614
0.5708333333333333,211.56634893101503,10.81024847077989
0.5710416666666667,210.9141604839602,11.163358251778723
0.57125,208.96161610144634,11.447642216962034
0.5714583333333333,205.72075386887857,11.661347661150451
0.5716666666666667,201.21155477961682,11.803157019216282
0.571875,195.46181954550715,11.872195989310656
0.5720833333333334,188.50699719624888,11.868038923225154
0.5722916666666666,180.3899665243351,11.790711450654515
0.5725,171.16077172305066,11.640690321181188
0.5727083333333334,160.87631384736144,11.418900464955447
0.5729166666666666,149.60000000000036,11.12670929019354
0.573125,137.4013524055912,10.765918252651295
0.5733333333333334,124.35557978301551,10.338751749050354
0.5735416666666666,110.54311365865105,9.847843402932694
0.57375,96.04911247926024,9.296219827495513
0.5739583333333333,80.96293658186899,8.687281965515231
0.5741666666666667,65.37759725754783,8.024784121403403
0.574375,49.389183305871185,7.312810814671386
0.5745833333333333,33.09626861553788,6.555751597510284
0.5747916666666667,16.59930442356953,5.7582739917421755
0.575,1.0361142971559545e-12,4.92529471199457
0.5752083333333333,-16.599304423567467,4.06194935252083
0.5754166666666667,-33.096268615535834,3.1735607245535733
0.575625,-49.38918330586333,2.2656060394034165
0.5758333333333333,-65.37759725754015,1.3436831396298798
0.5760416666666667,-80.96293658187264,0.4134759864802028
0.57625,-96.04911247926377,-0.5192803836205068
0.5764583333333333,-110.54311365864929,-1.448835217477946
0.5766666666666667,-124.35557978301385,-2.369457500433035
0.576875,-137.40135240558962,-3.2754712899733818
0.5770833333333333,-149.59999999999886,-4.1612907098063125
0.5772916666666666,-160.87631384736008,-5.0214543886437095
0.5775,-171.16077172305296,-5.850659131372386
0.5777083333333334,-180.38996652433403,-6.643792615013982
0.5779166666666666,-188.5069971962452,-7.3959649078990815
0.578125,-195.46181954550636,-8.10253861771933
0.5783333333333334,-201.21155477961616,-8.75915748259358
0.5785416666666666,-205.72075386887812,-9.36177322887221
0.57875,-208.961616101446,-9.906670530089345
0.5789583333333334,-210.91416048396002,-10.390489913186242
0.5791666666666667,-211.56634893101503,-10.810248470779836
0.579375,-210.91416048395988,-11.163358251778796
0.5795833333333333,-208.96161610144668,-11.447642216961999
0.5797916666666667,-205.72075386887775,-11.66134766115049
0.58,-201.2115547796157,-11.803157019216306
0.5802083333333333,-195.46181954550806,-11.872195989310653
0.5804166666666667,-188.50699719624717,-11.868038923225145
0.580625,-180.38996652433943,-11.790711450654571
0.5808333333333333,-171.160771723052,-11.640690321181212
0.5810416666666667,-160.876313847359,-11.41890046495539
0.58125,-149.60000000000196,-11.126709290193585
0.5814583333333333,-137.40135240559295,-10.765918252651348
0.5816666666666667,-124.3555797830125,-10.338751749050251
0.581875,-110.543113658653,-9.847843402932765
0.5820833333333333,-96.04911247926228,-9.296219827495595
0.5822916666666667,-80.9629365818711,-8.687281965515318
0.5825,-65.37759725755001,-8.024784121403496
0.5827083333333334,-49.38918330586756,-7.312810814671221
0.5829166666666666,-33.09626861553419,-6.55575159751011
0.583125,-16.59930442357181,-5.758273991742287
0.5833333333333334,2.696149606746964e-12,-4.925294711994379
0.5835416666666666,16.59930442356519,-4.06194935252095
0.58375,33.09626861553358,-3.1735607245536968
0.5839583333333334,49.38918330586695,-2.265606039403211
0.5841666666666666,65.37759725753799,-1.3436831396300069
0.584375,80.96293658187052,-0.4134759864803308
0.5845833333333333,96.0491124792671,0.5192803836207162
0.5847916666666667,110.54311365864734,1.4488352174778187
0.585,124.35557978301199,2.3694575004329095
0.5852083333333333,137.40135240559246,3.275471289973583
0.5854166666666667,149.5999999999973,4.161290709806193
0.585625,160.87631384736252,5.0214543886439
0.5858333333333333,171.16077172305165,5.850659131372273
0.5860416666666667,180.38996652433283,6.643792615013876
0.58625,188.50699719624689,7.395964907899245
0.5864583333333333,195.46181954550318,8.102538617718992
0.5866666666666667,201.21155477961548,8.759157482593492
0.586875,205.720753868879,9.36177322887234
0.5870833333333333,208.96161610144566,9.906670530089274
0.5872916666666667,210.91416048395982,10.39048991318618
0.5875,211.56634893101503,10.810248470779923
0.5877083333333334,210.91416048396053,11.163358251778636
0.5879166666666666,208.9616161014461,11.447642216962056
0.588125,205.72075386887684,11.661347661150531
0.5883333333333334,201.2115547796164,11.803157019216291
0.5885416666666666,195.4618195455066,11.872195989310658
0.58875,188.5069971962455,11.868038923225134
0.5889583333333334,180.38996652433747,11.790711450654547
0.5891666666666666,171.1607717230498,11.64069032118117
0.589375,160.8763138473644,11.418900464955518
0.5895833333333333,149.60000000000358,11.126709290193629
0.5897916666666667,137.4013524055901,10.76591825265126
0.59,124.35557978301921,10.338751749050479
0.5902083333333333,110.54311365864982,9.847843402932648
0.5904166666666667,96.04911247925895,9.296219827495463
0.590625,80.96293658187321,8.687281965515405
0.5908333333333333,65.37759725754647,8.024784121403341
0.5910416666666667,49.389183305863924,7.312810814671056
0.59125,33.096268615542385,6.555751597510497
0.5914583333333333,16.599304423568086,5.758273991742104
0.5916666666666667,-6.428413510649882e-12,4.925294711994189
0.591875,-16.599304423568913,4.061949352520753
0.5920833333333333,-33.09626861553726,3.173560724553495
0.5922916666666667,-49.38918330585889,2.265606039403668
0.5925,-65.37759725754152,1.3436831396297988
0.5927083333333333,-80.96293658187398,0.41347598648012135
0.5929166666666666,-96.0491124792597,-0.5192803836202509
0.593125,-110.5431136586454,-1.4488352174776917
0.5933333333333334,-124.35557978301503,-2.3694575004331146
0.5935416666666666,-137.40135240558618,-3.2754712899731357
0.59375,-149.5999999999999,-4.161290709806388
0.5939583333333334,-160.87631384736497,-5.021454388644089
0.5941666666666666,-171.16077172305032,-5.850659131372162
0.594375,-180.38996652433477,-6.64379261501405
0.5945833333333334,-188.5069971962486,-7.39596490789941
0.5947916666666667,-195.46181954550462,-8.102538617719144
0.595,-201.21155477961662,-8.759157482593634
0.5952083333333333,-205.72075386887704,-9.361773228872053
0.5954166666666667,-208.96161610144623,-9.90667053008939
0.595625,-210.91416048396013,-10.390489913186281
0.5958333333333333,-211.56634893101503,-10.810248470779731
0.5960416666666667,-210.91416048396025,-11.163358251778709
0.59625,-208.9616161014455,-11.447642216962112
0.5964583333333333,-205.72075386887877,-11.661347661150442
0.5966666666666667,-201.2115547796171,-11.803157019216277
0.596875,-195.4618195455052,-11.872195989310667
0.5970833333333333,-188.50699719624924,-11.868038923225155
0.5972916666666667,-180.38996652433553,-11.79071145065452
0.5975,-171.16077172304762,-11.640690321181129
0.5977083333333333,-160.87631384736198,-11.418900464955462
0.5979166666666667,-149.60000000000093,-11.126709290193556
0.598125,-137.4013524055964,-10.765918252651456
0.5983333333333334,-124.3555797830162,-10.338751749050376
0.5985416666666666,-110.54311365864665,-9.847843402932531
0.59875,-96.04911247926636,-9.296219827495753
0.5989583333333334,-80.96293658186977,-8.687281965515263
0.5991666666666666,-65.3775972575429,-8.024784121403188
0.599375,-49.389183305871995,-7.312810814671423
0.5995833333333334,-33.0962686155387,-6.555751597510323
0.5997916666666666,-16.599304423564362,-5.758273991741921
0.6,-1.865477174584749e-12,-4.925294711994612
0.6002083333333333,16.59930442356664,-4.061949352520873
0.6004166666666667,33.09626861552908,-3.1735607245539432
0.600625,49.38918330586252,-2.265606039403462
0.6008333333333333,65.37759725754508,-1.3436831396295905
0.6010416666666667,80.96293658186632,-0.41347598648058675
0.60125,96.04911247926303,0.5192803836204603
0.6014583333333333,110.5431136586486,1.4488352174778998
0.6016666666666667,124.35557978300831,2.3694575004326586
0.601875,137.401352405589,3.275471289973337
0.6020833333333333,149.60000000000255,4.161290709806584
0.6022916666666667,160.87631384735954,5.021454388643667
0.6025,171.16077172305248,5.850659131372345
0.6027083333333333,180.38996652433673,6.643792615014224
0.6029166666666667,188.50699719624484,7.395964907899046
0.603125,195.46181954550607,8.102538617719297
0.6033333333333334,201.2115547796141,8.75915748259332
0.6035416666666666,205.72075386887792,9.361773228872181
0.60375,208.96161610144588,9.906670530089318
0.6039583333333334,210.91416048395948,10.390489913186054
0.6041666666666666,211.56634893101503,10.810248470779817
0.604375,210.91416048395993,11.16335825177878
0.6045833333333334,208.96161610144682,11.447642216961986
0.6047916666666666,205.72075386887792,11.661347661150483
0.605,201.21155477961594,11.8031570192163
0.6052083333333333,195.46181954550838,11.87219598931065
0.6054166666666667,188.50699719624757,11.868038923225146
0.605625,180.38996652433357,11.790711450654495
0.6058333333333333,171.16077172305248,11.640690321181221
0.6060416666666667,160.87631384735954,11.418900464955403
0.60625,149.60000000000255,11.1267092901936
0.6064583333333333,137.40135240559357,10.765918252651367
0.6066666666666667,124.35557978301317,10.338751749050273
0.606875,110.54311365865372,9.847843402932792
0.6070833333333333,96.04911247926303,9.296219827495623
0.6072916666666667,80.96293658187187,8.68728196551535
0.6075,65.37759725755079,8.024784121403531
0.6077083333333333,49.38918330586836,7.312810814671258
0.6079166666666667,33.09626861553502,6.555751597510148
0.608125,16.59930442357263,5.758273991742328
0.6083333333333333,-1.8667867293181693e-12,4.925294711994422
0.6085416666666666,-16.59930442357036,4.061949352520676
0.60875,-33.09626861553276,3.1735607245537416
0.6089583333333334,-49.38918330586615,2.2656060394032562
0.6091666666666666,-65.37759725753719,1.3436831396300533
0.609375,-80.96293658186977,0.41347598648037737
0.6095833333333334,-96.04911247926636,-0.5192803836206695
0.6097916666666666,-110.54311365864665,-1.4488352174777728
0.61,-124.35557978301134,-2.3694575004328637
0.6102083333333334,-137.40135240559184,-3.275471289973538
0.6104166666666667,-149.5999999999967,-4.161290709806149
0.610625,-160.87631384736198,-5.021454388643857
0.6108333333333333,-171.16077172305114,-5.850659131372233
0.6110416666666667,-180.3899665243324,-6.643792615013837
0.61125,-188.50699719624652,-7.395964907899209
0.6114583333333333,-195.46181954550752,-8.102538617719452
0.6116666666666667,-201.21155477961523,-8.759157482593462
0.611875,-205.72075386887877,-9.36177322887231
0.6120833333333333,-208.9616161014455,-9.906670530089247
0.6122916666666667,-210.91416048395976,-10.390489913186157
0.6125,-211.56634893101503,-10.810248470779904
0.6127083333333333,-210.91416048396061,-11.163358251778622
0.6129166666666667,-208.96161610144623,-11.447642216962043
0.613125,-205.72075386887704,-11.661347661150522
0.6133333333333333,-201.21155477961662,-11.803157019216286
0.6135416666666667,-195.46181954550693,-11.872195989310658
0.61375,-188.50699719624586,-11.868038923225138
0.6139583333333334,-180.38996652433792,-11.790711450654552
0.6141666666666666,-171.16077172305032,-11.64069032118118
0.614375,-160.87631384736105,-11.418900464955438
0.6145833333333334,-149.60000000000417,-11.126709290193645
0.6147916666666666,-137.40135240559073,-10.76591825265128
0.615,-124.35557978301988,-10.338751749050504
0.6152083333333334,-110.54311365865055,-9.847843402932675
0.6154166666666666,-96.04911247925969,-9.296219827495491
0.615625,-80.96293658187398,-8.687281965515437
0.6158333333333333,-65.37759725754725,-8.024784121403377
0.6160416666666667,-49.38918330586473,-7.312810814671093
0.61625,-33.09626861554321,-6.555751597510537
0.6164583333333333,-16.59930442356891,-5.758273991742145
0.6166666666666667,5.599050633221087e-12,-4.925294711994231
0.616875,16.599304423568086,-4.061949352520797
0.6170833333333333,33.096268615536445,-3.1735607245535395
0.6172916666666667,49.38918330586977,-2.265606039403051
0.6175,65.37759725754074,-1.343683139629845
0.6177083333333333,80.96293658187321,-0.4134759864801679
0.6179166666666667,96.04911247925895,0.5192803836202043
0.618125,110.5431136586447,1.4488352174776455
0.6183333333333333,124.35557978301433,2.3694575004330694
0.6185416666666667,137.40135240558556,3.275471289973091
0.61875,149.5999999999993,4.1612907098063445
0.6189583333333334,160.8763138473644,5.021454388644047
0.6191666666666666,171.1607717230498,5.850659131372122
0.619375,180.38996652433437,6.643792615014011
0.6195833333333334,188.50699719624822,7.395964907899373
0.6197916666666666,195.4618195455043,8.10253861771911
0.62,295.89934526414174,8.759157482593602
0.6202083333333334,302.53052039541126,9.361773228872439
0.6204166666666666,307.2964942668325,9.906670530089364
0.620625,310.1678830646471,10.390489913186258
0.6208333333333333,311.1269837220809,10.81024847077971
0.6210416666666667,310.16788306464747,11.163358251778693
0.62125,307.2964942668318,11.447642216962098
0.6214583333333333,302.53052039541024,11.661347661150433
0.6216666666666667,295.8993452641431,11.803157019216272
0.621875,287.4438522728022,11.872195989310665
0.6220833333333333,277.2161723474259,11.868038923225157
0.6222916666666667,265.27936253578815,11.790711450654527
0.6225,251.7070172397766,11.64069032118114
0.6227083333333333,236.58281448141545,11.418900464955474
0.6229166666666667,220.0000000000022,11.12670929019357
0.623125,202.0608123611721,10.765918252651476
0.6233333333333333,182.87585262208358,10.3387517490504
0.6235416666666667,162.56340243918726,9.847843402932558
0.62375,141.2486948224516,9.296219827495783
0.6239583333333333,119.06314203216253,8.687281965515295
0.6241666666666666,96.14352537874072,8.024784121403222
0.624375,72.63115192040117,7.31281081467146
0.6245833333333334,48.67098325814635,6.555751597510361
0.6247916666666666,24.410741799360572,5.758273991741962
0.625,3.963000076490506e-12,4.925294711994655
0.6252083333333334,-24.41074179936149,4.061949352520917
0.6254166666666666,-48.67098325814726,3.173560724553338
0.625625,-72.63115192038487,2.265606039403508
0.6258333333333334,-96.1435253787416,1.3436831396296367
0.6260416666666667,-119.06314203215521,0.41347598648063333
0.62625,-141.24869482244452,-0.5192803836204137
0.6264583333333333,-162.56340243918805,-1.4488352174778534
0.6266666666666667,-182.87585262207006,-2.369457500432613
0.626875,-202.06081236115938,-3.275471289973292
0.6270833333333333,-220.00000000000284,-4.161290709806541
0.6272916666666667,-236.58281448141028,-5.021454388643625
0.6275,-251.70701723978235,-5.850659131372304
0.6277083333333333,-265.27936253578866,-6.643792615014185
0.6279166666666667,-277.2161723474183,-7.395964907899009
0.628125,-287.44385227280253,-8.102538617719263
0.6283333333333333,-295.89934526414345,-8.759157482593745
0.6285416666666667,-302.5305203954084,-9.361773228872153
0.62875,-307.296494266832,-9.906670530089293
0.6289583333333333,-310.16788306464616,-10.390489913186032
0.6291666666666667,-311.1269837220809,-10.810248470779797
0.629375,-310.16788306464707,-11.163358251778766
0.6295833333333334,-307.29649426683375,-11.447642216961974
0.6297916666666666,-302.530520395409,-11.661347661150472
0.63,-295.8993452641414,-11.803157019216295
0.6302083333333334,-287.44385227280685,-11.872195989310647
0.6304166666666666,-277.2161723474234,-11.868038923225148
0.630625,-265.2793625357853,-11.7907114506545
0.6308333333333334,-251.70701723978377,-11.640690321181232
0.6310416666666666,-236.58281448141187,-11.418900464955415
0.63125,-219.99999999999832,-11.1267092901935
0.6314583333333333,-202.06081236116793,-10.765918252651387
0.6316666666666667,-182.87585262207918,-10.338751749050296
0.631875,-162.56340243919766,-9.847843402932819
0.6320833333333333,-141.2486948224467,-9.296219827495651
0.6322916666666667,-119.06314203216563,-8.687281965515382
0.6325,-96.14352537875233,-8.024784121403565
0.6327083333333333,-72.63115192039584,-7.312810814671295
0.6329166666666667,-48.67098325814093,-6.555751597510187
0.633125,-24.410741799372733,-5.758273991742369
0.6333333333333333,1.5256233116020211e-12,-4.925294711994464
0.6335416666666667,24.41074179936696,-4.06194935252072
0.63375,48.67098325813521,-3.1735607245537865
0.6339583333333333,72.6311519203902,-2.265606039403302
0.6341666666666667,96.14352537874682,-1.3436831396294286
0.634375,119.06314203216029,-0.4134759864804239
0.6345833333333334,141.2486948224494,0.5192803836206231
0.6347916666666666,162.56340243918518,1.4488352174777264
0.635,182.87585262207446,2.369457500432818
0.6352083333333334,202.06081236116353,3.2754712899734937
0.6354166666666666,219.99999999999426,4.161290709806105
0.635625,236.58281448141386,5.021454388643815
0.6358333333333334,251.70701723978036,5.850659131372193
0.6360416666666666,265.2793625357823,6.6437926150137985
0.63625,277.2161723474208,7.395964907899172
0.6364583333333333,287.44385227280463,8.102538617719418
0.6366666666666667,295.89934526413964,8.75915748259343
0.636875,302.53052039540967,9.361773228872282
0.6370833333333333,307.29649426683284,9.906670530089409
0.6372916666666667,310.1678830646466,10.390489913186133
0.6375,311.1269837220809,10.810248470779884
0.6377083333333333,310.16788306464804,11.163358251778606
0.6379166666666667,307.29649426683284,11.44764221696203
0.638125,302.5305203954077,11.661347661150513
0.6383333333333333,295.8993452641425,11.80315701921628
0.6385416666666667,287.44385227280475,11.872195989310656
0.63875,277.2161723474209,11.86803892322514
0.6389583333333333,265.2793625357917,11.790711450654557
0.6391666666666667,251.70701723978055,11.64069032118119
0.639375,236.5828144814141,11.41890046495545
0.6395833333333333,220.00000000000696,11.126709290193661
0.6397916666666666,202.06081236116376,10.765918252651298
0.64,182.87585262207472,10.338751749050193
0.6402083333333334,162.563402439193,9.847843402932702
0.6404166666666666,141.2486948224418,9.296219827495522
0.640625,119.06314203216873,8.687281965515469
0.6408333333333334,96.14352537874711,8.02478412140341
0.6410416666666666,72.6311519203905,7.31281081467113
0.64125,48.67098325815297,6.555751597510575
0.6414583333333334,24.410741799367262,5.758273991742185
0.6416666666666667,-7.014246699694548e-12,4.925294711994273
0.641875,-24.410741799363613,4.06194935252084
0.6420833333333333,-48.67098325814062,3.1735607245535844
0.6422916666666667,-72.63115192039554,2.2656060394030964
0.6425,-96.14352537873522,1.3436831396298914
0.6427083333333333,-119.06314203216535,0.4134759864802144
0.6429166666666667,-141.24869482244642,-0.5192803836204951
0.643125,-162.5634024391823,-1.4488352174775994
0.6433333333333333,-182.87585262207892,-2.3694575004330236
0.6435416666666667,-202.06081236115426,-3.275471289973046
0.64375,-219.99999999999812,-4.161290709806301
0.6439583333333333,-236.58281448141744,-5.021454388644004
0.6441666666666667,-251.70701723977837,-5.8506591313720815
0.644375,-265.27936253578514,-6.643792615013973
0.6445833333333333,-277.21617234742325,-7.395964907899337
0.6447916666666667,-287.4438522728,-8.102538617719077
0.645,-295.89934526414135,-8.759157482593572
0.6452083333333334,-302.530520395411,-9.36177322887241
0.6454166666666666,-307.29649426683227,-9.906670530089338
0.645625,-310.167883064647,-10.390489913186235
0.6458333333333334,-311.1269837220809,-10.81024847077969
0.6460416666666666,-310.1678830646476,-11.163358251778677
0.64625,-307.296494266832,-11.447642216962086
0.6464583333333334,-302.5305203954106,-11.661347661150424
0.6466666666666666,-295.8993452641435,-11.803157019216266
0.646875,-287.44385227280264,-11.872195989310663
0.6470833333333333,-277.21617234742644,-11.868038923225159
0.6472916666666667,-265.2793625357888,-11.790711450654532
0.6475,-251.70701723977731,-11.640690321181149
0.6477083333333333,-236.58281448141625,-11.418900464955486
0.6479166666666667,-220.0000000000031,-11.126709290193588
0.648125,-202.06081236115958,-10.76591825265121
0.6483333333333333,-182.8758526220846,-10.338751749050422
0.6485416666666667,-162.5634024391883,-9.847843402932584
0.64875,-141.24869482245268,-9.296219827495811
0.6489583333333333,-119.06314203216365,-8.687281965515327
0.6491666666666667,-96.14352537874188,-8.024784121403256
0.649375,-72.63115192040236,-7.312810814671496
0.6495833333333333,-48.67098325814755,-6.555751597510399
0.6497916666666667,-24.41074179936179,-5.758273991742003
0.65,-5.182651366826968e-12,-4.925294711994697
0.6502083333333334,24.41074179936027,-4.061949352520961
0.6504166666666666,48.670983258146045,-3.173560724553383
0.650625,72.63115192038367,-2.2656060394035538
0.6508333333333334,96.14352537874043,-1.343683139629683
0.6510416666666666,119.06314203217042,-0.41347598648000505
0.65125,141.24869482244344,0.5192803836203672
0.6514583333333334,162.56340243918703,1.4488352174778074
0.6516666666666666,182.87585262206906,2.369457500432567
0.651875,202.06081236115844,3.275471289973247
0.6520833333333333,220.000000000002,4.161290709806497
0.6522916666666667,236.5828144814095,5.0214543886435825
0.6525,251.70701723978163,5.850659131372264
0.6527083333333333,265.279362535788,6.643792615014146
0.6529166666666667,277.21617234741774,7.395964907898972
0.653125,287.4438522728021,8.10253861771923
0.6533333333333333,295.89934526414305,8.759157482593714
0.6535416666666667,302.53052039540813,9.361773228872124
0.65375,307.29649426683176,9.906670530089269
0.6539583333333333,310.16788306464747,10.390489913186336
0.6541666666666667,311.1269837220809,10.810248470779777
0.654375,310.1678830646471,11.16335825177875
0.6545833333333333,307.2964942668339,11.447642216961963
0.6547916666666667,302.53052039540927,11.661347661150463
0.655,295.8993452641418,11.80315701921629
0.6552083333333333,287.4438522728073,11.872195989310647
0.6554166666666666,277.216172347424,11.86803892322515
0.655625,265.27936253578594,11.790711450654506
0.6558333333333334,251.7070172397845,11.640690321181241
0.6560416666666666,236.58281448141267,11.418900464955428
0.65625,219.9999999999992,11.126709290193515
0.6564583333333334,202.06081236116887,10.765918252651408
0.6566666666666666,182.87585262208015,10.338751749050319
0.656875,162.56340243918365,9.847843402932467
0.6570833333333334,141.2486948224478,9.296219827495682
0.6572916666666667,119.06314203216677,8.687281965515414
0.6575,96.14352537874507,8.024784121403352
0.6577083333333333,72.63115192039702,7.312810814671332
0.6579166666666667,48.67098325814214,6.555751597510225
0.658125,24.41074179937395,5.75827399174241
0.6583333333333333,-3.059720212655583e-13,4.925294711994507
0.6585416666666667,-24.41074179936574,4.061949352520764
0.65875,-48.670983258134,3.1735607245538313
0.6589583333333333,-72.63115192038902,2.265606039403348
0.6591666666666667,-96.14352537874565,1.3436831396294748
0.659375,-119.06314203215915,0.41347598648047046
0.6595833333333333,-141.24869482244833,-0.5192803836205765
0.6597916666666667,-162.5634024391917,-1.4488352174780155
0.66,-182.8758526220735,-2.3694575004327727
0.6602083333333333,-202.06081236116262,-3.275471289973449
0.6604166666666667,-219.99999999999338,-4.161290709806061
0.660625,-236.5828144814131,-5.021454388643773
0.6608333333333334,-251.70701723977965,-5.8506591313721525
0.6610416666666666,-265.2793625357862,-6.64379261501404
0.66125,-277.21617234742024,-7.3959649078991365
0.6614583333333334,-287.4438522728042,-8.102538617719382
0.6616666666666666,-295.8993452641393,-8.759157482593398
0.661875,-302.53052039540944,-9.361773228872254
0.6620833333333334,-307.2964942668326,-9.906670530089384
0.6622916666666666,-310.1678830646465,-10.39048991318611
0.6625,-311.1269837220809,-10.810248470779865
0.6627083333333333,-310.1678830646467,-11.16335825177882
0.6629166666666667,-307.29649426683307,-11.447642216962018
0.663125,-302.530520395408,-11.661347661150502
0.6633333333333333,-295.8993452641428,-11.803157019216275
0.6635416666666667,-287.4438522728052,-11.872195989310654
0.66375,-277.2161723474215,-11.868038923225141
0.6639583333333333,-265.2793625357923,-11.790711450654562
0.6641666666666667,-251.70701723978124,-11.640690321181198
0.664375,-236.58281448141486,-11.418900464955463
0.6645833333333333,-220.0000000000016,-11.12670929019356
0.6647916666666667,-202.0608123611647,-10.765918252651318
0.665,-182.8758526220757,-10.338751749050216
0.6652083333333333,-162.56340243919402,-9.847843402932728
0.6654166666666667,-141.2486948224429,-9.29621982749555
0.665625,-119.0631420321617,-8.68728196551527
0.6658333333333334,-96.14352537874827,-8.024784121403444
0.6660416666666666,-72.63115192039169,-7.312810814671167
0.66625,-48.67098325815418,-6.555751597510613
0.6664583333333334,-24.410741799368473,-5.758273991742226
0.6666666666666666,5.794595409358085e-12,-4.925294711994316
0.666875,24.4107417993624,-4.061949352520885
0.6670833333333334,48.67098325813942,-3.1735607245536293
0.6672916666666666,72.63115192039434,-2.265606039403142
0.6675,96.14352537873405,-1.3436831396299376
0.6677083333333333,119.06314203216422,-0.41347598648026096
0.6679166666666667,141.24869482244534,0.5192803836204486
0.668125,162.56340243918882,1.4488352174778882
0.6683333333333333,182.87585262207793,2.369457500432978
0.6685416666666667,202.06081236116677,3.27547128997365
0.66875,219.99999999999727,4.1612907098062575
0.6689583333333333,236.58281448141665,5.021454388643963
0.6691666666666667,251.70701723977768,5.850659131372041
0.669375,265.2793625357845,6.6437926150139335
0.6695833333333333,277.21617234742274,7.3959649078993
0.6697916666666667,287.4438522727995,8.102538617719043
0.67,295.899345264141,8.75915748259354
0.6702083333333333,302.5305203954107,9.361773228872382
0.6704166666666667,307.2964942668321,9.906670530089313
0.670625,310.16788306464696,10.390489913186212
0.6708333333333333,311.1269837220809,10.810248470779952
0.6710416666666666,310.16788306464764,11.16335825177866
0.67125,307.2964942668322,11.447642216962075
0.6714583333333334,302.53052039541086,11.661347661150415
0.6716666666666666,295.8993452641412,11.8031570192163
0.671875,287.4438522728031,11.872195989310661
0.6720833333333334,277.216172347427,11.86803892322516
0.6722916666666666,265.27936253578946,11.790711450654538
0.6725,251.70701723977803,11.640690321181157
0.6727083333333334,236.58281448141705,11.418900464955499
0.6729166666666667,220.00000000000392,11.126709290193604
0.673125,202.06081236116052,10.765918252651229
0.6733333333333333,182.8758526220856,10.338751749050445
0.6735416666666667,162.56340243918933,9.847843402932611
0.67375,141.248694822438,9.29621982749542
0.6739583333333333,119.06314203216478,8.687281965515357
0.6741666666666667,96.14352537874305,8.024784121403291
0.674375,72.63115192040354,7.312810814671534
0.6745833333333333,48.67098325814876,6.555751597510439
0.6747916666666667,24.410741799363006,5.758273991742043
0.675,6.402302657163431e-12,4.92529471199474
0.6752083333333333,-24.41074179936787,4.061949352520688
0.6754166666666667,-48.67098325814485,3.1735607245534276
0.675625,-72.6311519203825,2.265606039403599
0.6758333333333333,-96.14352537873928,1.3436831396297293
0.6760416666666667,-119.06314203216928,0.4134759864800515
0.67625,-141.24869482244236,-0.5192803836203207
0.6764583333333334,-162.56340243918598,-1.4488352174777612
0.6766666666666666,-182.8758526220824,-2.3694575004331835
0.676875,-202.0608123611575,-3.2754712899732024
0.6770833333333334,-220.00000000000114,-4.161290709806454
0.6772916666666666,-236.58281448140872,-5.021454388643541
0.6775,-251.7070172397809,-5.850659131372224
0.6777083333333334,-265.27936253578736,-6.643792615014108
0.6779166666666666,-277.21617234741717,-7.395964907898937
0.678125,-287.4438522728016,-8.102538617719196
0.6783333333333333,-295.89934526414265,-8.759157482593682
0.6785416666666667,-302.53052039540785,-9.361773228872094
0.67875,-307.29649426683295,-9.906670530089428
0.6789583333333333,-310.16788306464804,-10.390489913186478
0.6791666666666667,-311.1269837220809,-10.810248470779758
0.679375,-310.1678830646479,-11.163358251778616
0.6795833333333333,-307.29649426683136,-11.44764221696213
0.6797916666666667,-302.5305203954116,-11.66134766115039
0.68,-295.89934526413947,-11.803157019216323
0.6802083333333333,-287.44385227280776,-11.872195989310645
0.6804166666666667,-277.2161723474205,-11.868038923225138
0.680625,-265.27936253578656,-11.790711450654511
0.6808333333333333,-251.7070172397904,-11.640690321181317
0.6810416666666667,-236.58281448141346,-11.418900464955442
0.68125,-220.00000000000006,-11.12670929019353
0.6814583333333334,-202.06081236116307,-10.765918252651284
0.6816666666666666,-182.87585262208114,-10.338751749050342
0.681875,-162.5634024391922,-9.847843402932682
0.6820833333333334,-141.24869482244887,-9.29621982749571
0.6822916666666666,-119.06314203216789,-8.687281965515446
0.6825,-96.14352537872942,-8.024784121402886
0.6827083333333334,-72.6311519203982,-7.312810814671368
0.6829166666666666,-48.67098325815207,-6.555751597510546
0.683125,-24.410741799375163,-5.758273991742451
0.6833333333333333,-9.756439996377925e-12,-4.925294711994856
0.6835416666666667,24.41074179937334,-4.06194935252049
0.68375,48.6709832581328,-3.173560724553876
0.6839583333333333,72.63115192039643,-2.265606039403062
0.6841666666666667,96.1435253787445,-1.343683139629521
0.684375,119.06314203214986,-0.4134759864808544
0.6845833333333333,141.24869482244725,0.51928038362053
0.6847916666666667,162.56340243919064,1.448835217477969
0.685,182.87585262207966,2.369457500433058
0.6852083333333333,202.06081236116168,3.275471289973404
0.6854166666666667,219.99999999999878,4.161290709806334
0.685625,236.5828144814123,5.021454388643731
0.6858333333333333,251.70701723977893,5.850659131372113
0.6860416666666667,265.2793625357856,6.643792615014002
0.68625,277.2161723474197,7.3959649078991
0.6864583333333333,287.4438522728003,8.102538617719102
0.6866666666666666,295.8993452641389,8.759157482593366
0.686875,302.53052039540705,9.361773228872016
0.6870833333333334,307.2964942668338,9.906670530089544
0.6872916666666666,310.1678830646464,10.390489913186089
0.6875,311.1269837220809,10.810248470779985
0.6877083333333334,310.1678830646468,11.163358251778805
0.6879166666666666,307.2964942668346,11.447642216961915
0.688125,302.5305203954083,11.661347661150495
0.6883333333333334,295.8993452641405,11.803157019216309
0.6885416666666667,287.4438522728023,11.872195989310663
0.68875,277.21617234742206,11.868038923225145
0.6889583333333333,265.2793625357883,11.790711450654527
0.6891666666666667,251.70701723978198,11.640690321181207
0.689375,236.58281448141562,11.418900464955478
0.6895833333333333,220.00000000000244,11.126709290193576
0.6897916666666667,202.06081236116563,10.765918252651337
0.69,182.87585262208387,10.338751749050406
0.6902083333333333,162.56340243919507,9.847843402932753
0.6904166666666667,141.24869482245185,9.296219827495788
0.690625,119.06314203215464,8.687281965515073
0.6908333333333333,96.14352537874942,8.02478412140348
0.6910416666666667,72.63115192038427,7.312810814670938
0.69125,48.670983258137916,6.555751597510089
0.6914583333333333,24.41074179937851,5.758273991742563
0.6916666666666667,-4.574944119021623e-12,4.925294711994359
0.691875,-24.41074179935237,4.061949352521245
0.6920833333333334,-48.670983258146954,3.173560724553349
0.6922916666666666,-72.63115192039317,2.265606039403188
0.6925,-96.1435253787413,1.3436831396296482
0.6927083333333334,-119.0631420321631,0.41347598648030753
0.6929166666666666,-141.24869482244426,-0.5192803836204021
0.693125,-162.56340243918777,-1.4488352174778418
0.6933333333333334,-182.87585262207696,-2.369457500432932
0.6935416666666666,-202.06081236115912,-3.2754712899732805
0.69375,-219.9999999999964,-4.161290709806214
0.6939583333333333,-236.5828144814101,-5.0214543886436145
0.6941666666666667,-251.70701723977697,-5.850659131372001
0.694375,-265.27936253578383,-6.643792615013895
0.6945833333333333,-277.21617234742615,-7.395964907899528
0.6947916666666667,-287.44385227279906,-8.102538617719008
0.695,-295.8993452641379,-8.75915748259328
0.6952083333333333,-302.5305203954104,-9.361773228872353
0.6954166666666667,-307.2964942668305,-9.9066705300891
0.695625,-310.1678830646475,-10.390489913186354
0.6958333333333333,-311.1269837220809,-10.810248470779932
0.6960416666666667,-310.16788306464707,-11.16335825177876
0.69625,-307.2964942668324,-11.44764221696206
0.6964583333333333,-302.53052039540904,-11.66134766115047
0.6966666666666667,-295.8993452641415,-11.803157019216295
0.696875,-287.4438522728036,-11.87219598931066
0.6970833333333334,-277.21617234742354,-11.86803892322515
0.6972916666666666,-265.2793625357901,-11.790711450654543
0.6975,-251.70701723978394,-11.640690321181234
0.6977083333333334,-236.58281448141784,-11.418900464955511
0.6979166666666666,-220.0000000000048,-11.126709290193622
0.698125,-202.06081236115472,-10.765918252651106
0.6983333333333334,-182.87585262208657,-10.338751749050468
0.6985416666666666,-162.56340243919794,-9.847843402932826
0.69875,-141.2486948224391,-9.296219827495449
0.6989583333333333,-119.06314203217408,-8.68728196551562
0.6991666666666667,-96.14352537873579,-8.024784121403075
0.699375,-72.63115192038752,-7.312810814671038
0.6995833333333333,-48.67098325814123,-6.555751597510197
0.6997916666666667,-24.41074179936422,-5.758273991742084
0.7,-1.6464714674806914e-11,-4.925294711995089
0.7002083333333333,24.410741799366654,-4.061949352520731
0.7004166666666667,48.670983258143636,-3.1735607245534725
0.700625,72.6311519203899,-2.2656060394033135
0.7008333333333333,96.1435253787381,-1.3436831396297757
0.7010416666666667,119.06314203215999,-0.4134759864804355
0.70125,141.24869482244128,0.5192803836202742
0.7014583333333333,162.56340243918493,1.4488352174777148
0.7016666666666667,182.87585262208853,2.3694575004334686
0.701875,202.06081236115656,3.2754712899731575
0.7020833333333333,219.999999999994,4.161290709806094
0.7022916666666666,236.5828144814194,5.02145438864411
0.7025,251.70701723977498,5.85065913137189
0.7027083333333334,265.27936253579134,6.643792615014349
0.7029166666666666,277.21617234741666,7.395964907898899
0.703125,287.4438522728045,8.102538617719407
0.7033333333333334,295.8993452641423,8.75915748259365
0.7035416666666666,302.53052039540546,9.36177322887186
0.70375,307.2964942668328,9.906670530089402
0.7039583333333334,310.16788306464724,10.390489913186292
0.7041666666666667,311.1269837220809,10.810248470779879
0.704375,310.1678830646473,11.163358251778716
0.7045833333333333,307.2964942668329,11.447642216962027
0.7047916666666667,302.53052039540984,11.661347661150447
0.705,295.8993452641426,11.803157019216279
0.7052083333333333,287.4438522727981,11.87219598931068
0.7054166666666667,277.2161723474251,11.868038923225154
0.705625,265.27936253579185,11.790711450654557
0.7058333333333333,251.7070172397859,11.640690321181259
0.7060416666666667,236.58281448142003,11.418900464955547
0.70625,219.99999999999466,11.126709290193428
0.7064583333333333,202.0608123611707,10.765918252651446
0.7066666666666667,182.87585262207494,10.338751749050198
0.706875,162.56340243918572,9.84784340293252
0.7070833333333333,141.24869482245785,9.296219827495948
0.7072916666666667,119.06314203216084,8.687281965515247
0.7075,96.14352537873899,8.02478412140317
0.7077083333333334,72.63115192039079,7.312810814671139
0.7079166666666666,48.670983258144545,6.555751597510303
0.708125,24.410741799367564,5.758273991742196
0.7083333333333334,2.1333305594073673e-12,4.925294711994591
0.7085416666666666,-24.41074179936331,4.061949352520851
0.70875,-48.67098325814033,3.173560724553596
0.7089583333333334,-72.63115192038664,2.265606039403439
0.7091666666666666,-96.14352537873494,1.343683139629903
0.709375,-119.0631420321569,0.4134759864805635
0.7095833333333333,-141.24869482243827,-0.5192803836201463
0.7097916666666667,-162.56340243919715,-1.448835217478258
0.71,-182.8758526220715,-2.369457500432681
0.7102083333333333,-202.06081236116748,-3.2754712899736838
0.7104166666666667,-220.00000000000418,-4.1612907098066065
0.710625,-236.58281448140576,-5.021454388643382
0.7108333333333333,-251.70701723978343,-5.850659131372366
0.7110416666666667,-265.2793625357896,-6.643792615014242
0.71125,-277.21617234742314,-7.395964907899328
0.7114583333333333,-287.44385227280327,-8.102538617719315
0.7116666666666667,-295.8993452641358,-8.759157482593109
0.711875,-302.5305203954088,-9.361773228872195
0.7120833333333333,-307.2964942668322,-9.906670530089333
0.7122916666666667,-310.167883064647,-10.39048991318623
0.7125,-311.1269837220809,-10.810248470779827
0.7127083333333334,-310.1678830646476,-11.163358251778673
0.7129166666666666,-307.29649426683346,-11.447642216961993
0.713125,-302.53052039541063,-11.66134766115042
0.7133333333333334,-295.89934526413816,-11.803157019216341
0.7135416666666666,-287.44385227280617,-11.87219598931065
0.71375,-277.2161723474186,-11.86803892322513
0.7139583333333334,-265.27936253578434,-11.790711450654491
0.7141666666666666,-251.7070172397879,-11.640690321181285
0.714375,-236.5828144814107,-11.418900464955396
0.7145833333333333,-220.00000000000955,-11.126709290193709
0.7147916666666667,-202.06081236115983,-10.765918252651215
0.715,-182.87585262207767,-10.338751749050262
0.7152083333333333,-162.56340243920363,-9.847843402932968
0.7154166666666667,-141.24869482244506,-9.296219827495609
0.715625,-119.06314203216394,-8.687281965515334
0.7158333333333333,-96.14352537874217,-8.024784121403265
0.7160416666666667,-72.63115192039406,-7.31281081467124
0.71625,-48.67098325814785,-6.55575159751041
0.7164583333333333,-24.41074179937091,-5.758273991742308
0.7166666666666667,-5.487467898621863e-12,-4.925294711994708
0.716875,24.41074179935997,-4.061949352520972
0.7170833333333333,48.670983258137014,-3.173560724553719
0.7172916666666667,72.63115192040057,-2.2656060394029023
0.7175,96.14352537873174,-1.3436831396300302
0.7177083333333333,119.06314203215379,-0.4134759864806915
0.7179166666666666,141.24869482245106,0.519280383620693
0.718125,162.5634024391792,1.4488352174774606
0.7183333333333334,182.8758526220831,2.3694575004332172
0.7185416666666666,202.06081236116495,3.2754712899735603
0.71875,219.99999999998929,4.161290709805854
0.7189583333333334,236.58281448141506,5.021454388643878
0.7191666666666666,251.70701723978146,5.850659131372254
0.719375,265.2793625357878,6.643792615014137
0.7195833333333334,277.2161723474216,7.395964907899228
0.7197916666666667,287.44385227280196,8.10253861771922
0.72,295.8993452641402,8.759157482593478
0.7202083333333333,302.5305203954081,9.361773228872115
0.7204166666666667,307.2964942668317,9.906670530089261
0.720625,310.16788306464673,10.390489913186167
0.7208333333333333,311.1269837220809,10.810248470780053
0.7210416666666667,310.16788306464787,11.163358251778629
0.72125,307.296494266834,11.447642216961958
0.7214583333333333,302.5305203954073,11.661347661150526
0.7216666666666667,295.89934526414464,11.80315701921625
0.721875,287.44385227280065,11.87219598931067
0.7220833333333333,277.2161723474201,11.868038923225136
0.7222916666666667,265.2793625357953,11.79071145065459
0.7225,251.70701723977947,11.640690321181175
0.7227083333333333,236.58281448142438,11.418900464955618
0.7229166666666667,219.9999999999994,11.126709290193519
0.723125,202.0608123611624,10.76591825265127
0.7233333333333334,182.87585262208043,10.338751749050324
0.7235416666666666,162.56340243919144,9.847843402932662
0.72375,141.24869482244804,9.296219827495687
0.7239583333333334,119.06314203216704,8.687281965515421
0.7241666666666666,96.14352537874537,8.024784121403359
0.724375,72.63115192038012,7.312810814670808
0.7245833333333334,48.67098325815117,6.5557515975105165
0.7247916666666666,24.410741799374254,5.758273991742421
0.725,-8.843916216777687e-12,4.92529471199421
0.7252083333333333,-24.41074179935662,4.061949352521092
0.7254166666666667,-48.67098325815117,3.1735607245531923
0.725625,-72.63115192038012,2.265606039403691
0.7258333333333333,-96.14352537872854,1.3436831396301574
0.7260416666666667,-119.06314203216704,0.4134759864801446
0.72625,-141.2486948224323,-0.5192803836198903
0.7264583333333333,-162.56340243919144,-1.448835217478004
0.7266666666666667,-182.87585262208043,-2.369457500433092
0.726875,-202.0608123611624,-3.2754712899734377
0.7270833333333333,-219.99999999999943,-4.161290709806367
0.7272916666666667,-236.58281448141287,-5.021454388643762
0.7275,-251.70701723977947,-5.850659131372143
0.7277083333333333,-265.2793625357861,-6.643792615014031
0.7279166666666667,-277.2161723474281,-7.395964907899655
0.728125,-287.44385227280065,-8.102538617719128
0.7283333333333334,-295.8993452641392,-8.759157482593391
0.7285416666666666,-302.5305203954073,-9.361773228872039
0.72875,-307.2964942668312,-9.90667053008919
0.7289583333333334,-310.16788306464787,-10.390489913186432
0.7291666666666666,-311.1269837220809,-10.81024847077972
0.729375,-310.1678830646481,-11.163358251778586
0.7295833333333334,-307.2964942668317,-11.447642216962105
0.7297916666666666,-302.53052039541217,-11.661347661150373
0.73,-295.8993452641402,-11.803157019216313
0.7302083333333333,-287.44385227280196,-11.872195989310665
0.7304166666666667,-277.2161723474216,-11.868038923225141
0.730625,-265.2793625357878,-11.790711450654522
0.7308333333333333,-251.7070172397814,-11.640690321181202
0.7310416666666667,-236.58281448141506,-11.418900464955467
0.73125,-220.0000000000018,-11.126709290193563
0.7314583333333333,-202.06081236116495,-10.765918252651323
0.7316666666666667,-182.8758526220831,-10.338751749050388
0.731875,-162.56340243919428,-9.847843402932734
0.7320833333333333,-141.24869482245106,-9.296219827495769
0.7322916666666667,-119.06314203217013,-8.687281965515508
0.7325,-96.14352537873174,-8.024784121402956
0.7327083333333333,-72.63115192040057,-7.312810814671441
0.7329166666666667,-48.67098325815448,-6.555751597510624
0.733125,-24.410741799359965,-5.758273991741942
0.7333333333333333,-1.2195742577050852e-11,-4.925294711994941
0.7335416666666666,24.41074179937091,-4.061949352520577
0.73375,48.67098325814785,-3.1735607245533157
0.7339583333333334,72.63115192039406,-2.2656060394031536
0.7341666666666666,96.14352537874218,-1.3436831396296138
0.734375,119.06314203214761,-0.41347598648094747
0.7345833333333334,141.24869482244506,0.5192803836204369
0.7347916666666666,162.56340243918856,1.4488352174778767
0.735,182.87585262207767,2.3694575004329663
0.7352083333333334,202.06081236115983,3.2754712899733143
0.7354166666666667,219.99999999999704,4.161290709806247
0.735625,236.5828144814107,5.021454388643646
0.7358333333333333,251.70701723977749,5.850659131372031
0.7360416666666667,265.2793625357936,6.643792615014483
0.73625,277.2161723474186,7.395964907899027
0.7364583333333333,287.4438522727994,8.102538617719034
0.7366666666666667,295.8993452641436,8.75915748259376
0.736875,302.5305203954065,9.361773228871959
0.7370833333333333,307.29649426683346,9.906670530089492
0.7372916666666667,310.1678830646462,10.390489913186043
0.7375,311.1269837220809,10.810248470779946
0.7377083333333333,310.167883064647,11.163358251778773
0.7379166666666667,307.296494266835,11.44764221696189
0.738125,302.5305203954088,11.661347661150478
0.7383333333333333,295.89934526414123,11.803157019216298
0.7385416666666667,287.44385227280327,11.872195989310661
0.73875,277.21617234742314,11.868038923225148
0.7389583333333334,265.2793625357896,11.790711450654538
0.7391666666666666,251.70701723978343,11.640690321181227
0.739375,236.58281448141722,11.418900464955502
0.7395833333333334,220.00000000000418,11.126709290193608
0.7397916666666666,202.06081236116745,10.765918252651376
0.74,182.87585262208583,10.338751749050452
0.7402083333333334,162.56340243919715,9.847843402932806
0.7404166666666666,141.24869482245404,9.296219827495847
0.740625,119.0631420321569,8.687281965515135
0.7408333333333333,96.14352537875175,8.024784121403547
0.7410416666666667,72.63115192038664,7.31281081467101
0.74125,48.670983258140325,6.5557515975101674
0.7414583333333333,24.41074179938094,5.758273991742644
0.7416666666666667,-2.1356415383486967e-12,4.925294711994443
0.741875,-24.410741799367567,4.061949352520698
0.7420833333333333,-48.670983258144545,3.1735607245534387
0.7422916666666667,-72.63115192039079,2.2656060394032793
0.7425,-96.14352537873899,1.343683139629741
0.7427083333333333,-119.06314203216084,0.4134759864804006
0.7429166666666667,-141.24869482244208,-0.519280383620309
0.743125,-162.56340243918572,-1.4488352174777497
0.7433333333333333,-182.87585262207494,-2.369457500432841
0.7435416666666667,-202.06081236115728,-3.275471289973191
0.74375,-219.99999999999466,-4.161290709806127
0.7439583333333334,-236.58281448140852,-5.02145438864353
0.7441666666666666,-251.7070172397859,-5.850659131372507
0.744375,-265.2793625357826,-6.643792615013817
0.7445833333333334,-277.2161723474251,-7.3959649078994545
0.7447916666666666,-287.44385227280486,-8.102538617719434
0.745,-295.89934526413714,-8.759157482593219
0.7452083333333334,-302.53052039540984,-9.361773228872295
0.7454166666666666,-307.2964942668301,-9.906670530089048
0.745625,-310.1678830646473,-10.39048991318631
0.7458333333333333,-311.1269837220809,-10.810248470779895
0.7460416666666667,-310.16788306464724,-11.163358251778728
0.74625,-307.2964942668328,-11.447642216962036
0.7464583333333333,-302.5305203954096,-11.661347661150453
0.7466666666666667,-295.8993452641423,-11.803157019216284
0.746875,-287.4438522728045,-11.872195989310656
0.7470833333333333,-277.2161723474247,-11.868038923225154
0.7472916666666667,-265.27936253579134,-11.790711450654554
0.7475,-251.7070172397854,-11.640690321181252
0.7477083333333333,-236.58281448140792,-11.418900464955351
0.7479166666666667,-220.0000000000065,-11.126709290193652
0.748125,-202.06081236115656,-10.765918252651147
0.7483333333333333,-182.87585262208853,-10.338751749050513
0.7485416666666667,-162.56340243920002,-9.847843402932877
0.74875,-141.24869482244128,-9.296219827495507
0.7489583333333333,-119.06314203217633,-8.687281965515684
0.7491666666666666,-96.1435253787381,-8.024784121403146
0.749375,-72.6311519203899,-7.312810814671112
0.7495833333333334,-48.670983258143636,-6.555751597510274
0.7497916666666666,-24.410741799366654,-5.758273991742166
0.75,-1.218495800865798e-12,-4.925294711994559
0.7502083333333334,24.41074179936422,-4.061949352520818
0.7504166666666666,48.67098325814123,-3.173560724553562
0.750625,72.63115192038752,-2.265606039403405
0.7508333333333334,96.14352537873579,-1.343683139629868
0.7510416666666667,119.06314203215774,-0.41347598648052863
0.75125,141.2486948224391,0.5192803836201811
0.7514583333333333,162.56340243918285,1.4488352174776225
0.7516666666666667,182.87585262208657,2.369457500433377
0.751875,202.06081236115472,3.2754712899730682
0.7520833333333333,219.99999999999233,4.161290709806007
0.7522916666666667,236.58281448141784,5.021454388644026
0.7525,251.70701723977353,5.850659131371808
0.7527083333333333,265.2793625357901,6.643792615014271
0.7529166666666667,277.21617234742354,7.395964907899354
0.753125,287.4438522728036,8.10253861771934
0.7533333333333333,295.8993452641415,8.759157482593587
0.7535416666666667,302.53052039540904,9.361773228872217
0.75375,307.2964942668324,9.90667053008935
0.7539583333333333,310.16788306464707,10.390489913186247
0.7541666666666667,311.1269837220809,10.810248470779841
0.754375,310.1678830646475,11.163358251778684
0.7545833333333334,307.2964942668333,11.447642216962002
0.7547916666666666,302.5305203954104,11.661347661150428
0.755,295.89934526414334,11.803157019216268
0.7552083333333334,287.44385227279906,11.872195989310676
0.7554166666666666,277.21617234742615,11.868038923225159
0.755625,265.2793625357931,11.79071145065457
0.7558333333333334,251.70701723977697,11.640690321181143
0.7560416666666666,236.5828144814216,11.418900464955573
0.75625,219.9999999999964,11.126709290193462
0.7564583333333333,202.06081236115912,10.7659182526512
0.7566666666666667,182.87585262207696,10.338751749050244
0.756875,162.56340243918777,9.847843402932572
0.7570833333333333,141.24869482246,9.296219827496007
0.7572916666666667,119.06314203216309,8.68728196551531
0.7575,96.1435253787413,8.02478412140324
0.7577083333333333,72.63115192039317,7.312810814671212
0.7579166666666667,48.670983258146954,6.5557515975103815
0.758125,24.410741799369994,5.758273991742278
0.7583333333333333,4.572633140080293e-12,4.925294711994677
0.7585416666666667,-24.41074179936088,4.061949352520939
0.75875,-48.67098325815538,3.1735607245530346
0.7589583333333333,-72.63115192038427,2.2656060394035307
0.7591666666666667,-96.1435253787326,1.3436831396299953
0.759375,-119.06314203217097,0.41347598647998174
0.7595833333333334,-141.2486948224361,-0.5192803836200531
0.7597916666666666,-162.56340243919507,-1.4488352174781656
0.76,-182.87585262206954,-2.3694575004325897
0.7602083333333334,-202.06081236116563,-3.275471289973594
0.7604166666666666,-220.00000000000244,-4.1612907098065195
0.760625,-236.58281448140417,-5.021454388643297
0.7608333333333334,-251.70701723978198,-5.850659131372284
0.7610416666666666,-265.2793625357883,-6.643792615014165
0.76125,-277.21617234742206,-7.395964907899254
0.7614583333333333,-287.4438522728023,-8.102538617719247
0.7616666666666667,-295.8993452641405,-8.759157482593501
0.761875,-302.5305203954083,-9.361773228872138
0.7620833333333333,-307.29649426683187,-9.906670530089281
0.7622916666666667,-310.1678830646468,-10.390489913186185
0.7625,-311.1269837220809,-10.810248470779788
0.7627083333333333,-310.1678830646478,-11.163358251778641
0.7629166666666667,-307.2964942668338,-11.447642216961968
0.763125,-302.5305203954112,-11.661347661150405
0.7633333333333333,-295.8993452641389,-11.80315701921633
0.7635416666666667,-287.4438522728071,-11.872195989310647
0.76375,-277.2161723474197,-11.868038923225134
0.7639583333333333,-265.2793625357856,-11.790711450654502
0.7641666666666667,-251.70701723978934,-11.640690321181303
0.764375,-236.5828144814123,-11.418900464955422
0.7645833333333333,-219.99999999999878,-11.126709290193507
0.7647916666666666,-202.06081236116168,-10.765918252651254
0.765,-182.87585262207966,-10.338751749050308
0.7652083333333334,-162.56340243919064,-9.847843402932643
0.7654166666666666,-141.24869482244725,-9.296219827495666
0.765625,-119.0631420321662,-8.687281965515398
0.7658333333333334,-96.1435253787445,-8.024784121403334
0.7660416666666666,-72.63115192039642,-7.312810814671313
0.76625,-48.670983258150265,-6.555751597510488
0.7664583333333334,-24.41074179937334,-5.7582739917423895
0.7666666666666667,-7.926770479294788e-12,-4.925294711994793
0.766875,24.410741799375167,-4.061949352520425
0.7670833333333333,48.670983258134605,-3.1735607245538087
0.7672916666666667,72.63115192039821,-2.2656060394029933
0.7675,96.14352537874625,-1.3436831396294517
0.7677083333333333,119.06314203215155,-0.4134759864807846
0.7679166666666667,141.24869482244887,0.5192803836205998
0.768125,162.56340243917714,1.4488352174773682
0.7683333333333333,182.87585262208114,2.369457500433126
0.7685416666666667,202.06081236116307,3.2754712899734715
0.76875,220.00000000000006,4.1612907098064
0.7689583333333333,236.58281448141346,5.021454388643794
0.7691666666666667,251.70701723978001,5.850659131372173
0.769375,265.27936253578656,6.643792615014059
0.7695833333333333,277.2161723474205,7.395964907899154
0.7697916666666667,287.443852272801,8.102538617719153
0.77,295.89934526413947,8.759157482593414
0.7702083333333334,302.5305203954075,9.361773228872059
0.7704166666666666,307.2964942668341,9.906670530089581
0.770625,310.1678830646465,10.390489913186123
0.7708333333333334,311.1269837220809,10.810248470780014
0.7710416666666666,310.16788306464804,11.163358251778597
0.77125,307.2964942668343,11.447642216961933
0.7714583333333334,302.53052039540785,11.661347661150508
0.7716666666666666,295.8993452641454,11.80315701921624
0.771875,287.4438522728016,11.872195989310667
0.7720833333333333,277.2161723474212,11.86803892322514
0.7722916666666667,265.27936253578736,11.790711450654518
0.7725,251.7070172397809,11.640690321181195
0.7727083333333333,236.58281448141446,11.418900464955458
0.7729166666666667,220.00000000000114,11.126709290193551
0.773125,202.0608123611642,10.765918252651309
0.7733333333333333,182.8758526220824,10.33875174905037
0.7735416666666667,162.5634024391935,9.847843402932716
0.77375,141.24869482245023,9.296219827495745
0.7739583333333333,119.06314203216928,8.687281965515485
0.7741666666666667,96.14352537874768,8.024784121403428
0.774375,72.6311519203825,7.312810814670882
0.7745833333333333,48.670983258153576,6.555751597510595
0.7747916666666667,24.410741799376684,5.758273991742501
0.775,-6.40461363610476e-12,4.925294711994295
0.7752083333333334,-24.41074179935419,4.06194935252118
0.7754166666666666,-48.67098325814876,3.173560724553282
0.775625,-72.63115192039494,2.2656060394031194
0.7758333333333334,-96.14352537874305,1.343683139629579
0.7760416666666666,-119.06314203216478,0.41347598648023776
0.77625,-141.24869482244588,-0.5192803836204719
0.7764583333333334,-162.56340243918933,-1.4488352174779113
0.7766666666666666,-182.8758526220784,-2.369457500433001
0.776875,-202.06081236116052,-3.275471289973348
0.7770833333333333,-219.9999999999977,-4.16129070980628
0.7772916666666667,-236.58281448141128,-5.0214543886436775
0.7775,-251.70701723977803,-5.850659131372061
0.7777083333333333,-265.2793625357848,-6.643792615013953
0.7779166666666667,-277.216172347427,-7.395964907899582
0.778125,-287.44385227279975,-8.102538617719059
0.7783333333333333,-295.89934526413845,-8.759157482593327
0.7785416666666667,-302.53052039541086,-9.361773228872396
0.77875,-307.29649426683085,-9.906670530089139
0.7789583333333333,-310.16788306464764,-10.390489913186387
0.7791666666666667,-311.1269837220809,-10.810248470779962
0.779375,-310.16788306464696,-11.163358251778785
0.7795833333333333,-307.2964942668321,-11.44764221696208
0.7797916666666667,-302.5305203954128,-11.661347661150355
0.78,-295.899345264141,-11.803157019216302
0.7802083333333333,-287.44385227280287,-11.872195989310663
0.7804166666666666,-277.21617234742274,-11.868038923225145
0.780625,-265.2793625357891,-11.790711450654534
0.7808333333333334,-251.70701723978286,-11.64069032118122
0.7810416666666666,-236.58281448141665,-11.418900464955493
0.78125,-220.00000000000352,-11.126709290193597
0.7814583333333334,-202.06081236115332,-10.765918252651078
0.7816666666666666,-182.8758526220851,-10.338751749050434
0.781875,-162.56340243919635,-9.847843402932787
0.7820833333333334,-141.24869482243747,-9.296219827495404
0.7822916666666667,-119.0631420321724,-8.687281965515572
0.7825,-96.14352537873405,-8.024784121403025
0.7827083333333333,-72.63115192040296,-7.312810814671515
0.7829166666666667,-48.67098325813942,-6.555751597510138
0.783125,-24.410741799362395,-5.758273991742024
0.7833333333333333,-1.4635045157723778e-11,-4.925294711995026
0.7835416666666667,24.41074179936848,-4.061949352520665
0.78375,48.67098325814544,-3.1735607245534054
0.7839583333333333,72.63115192039169,-2.265606039403245
0.7841666666666667,96.14352537873985,-1.3436831396297062
0.784375,119.0631420321617,-0.41347598648036565
0.7845833333333333,141.2486948224429,0.5192803836203439
0.7847916666666667,162.5634024391865,1.4488352174777843
0.785,182.8758526220757,2.3694575004328753
0.7852083333333333,202.06081236115796,3.2754712899732246
0.7854166666666667,219.99999999999534,4.16129070980616
0.785625,236.58281448140912,5.021454388643561
0.7858333333333334,251.70701723977606,5.85065913137195
0.7860416666666666,265.2793625357923,6.643792615014407
0.78625,277.21617234741746,7.3959649078989536
0.7864583333333334,287.4438522728052,8.102538617719459
0.7866666666666666,295.8993452641428,8.759157482593698
0.786875,302.5305203954059,9.3617732288719
0.7870833333333334,307.29649426683307,9.90667053008944
0.7872916666666666,310.1678830646474,10.390489913186325
0.7875,311.1269837220809,10.810248470779909
0.7877083333333333,310.1678830646472,11.16335825177874
0.7879166666666667,307.2964942668354,11.447642216961865
0.788125,302.53052039540944,11.66134766115046
0.7883333333333333,295.899345264142,11.803157019216288
0.7885416666666667,287.4438522728042,11.872195989310658
0.78875,277.2161723474242,11.868038923225152
0.7889583333333333,265.2793625357909,11.79071145065455
0.7891666666666667,251.70701723978485,11.640690321181246
0.789375,236.5828144814188,11.418900464955529
0.7895833333333333,219.99999999999338,11.126709290193405
0.7897916666666667,202.06081236116933,10.765918252651417
0.79,182.8758526220735,10.338751749050164
0.7902083333333333,162.56340243918416,9.84784340293248
0.7904166666666667,141.2486948224562,9.296219827495905
0.790625,119.06314203215915,8.687281965515199
0.7908333333333334,96.14352537875406,8.024784121403618
0.7910416666666666,72.63115192038902,7.312810814671084
0.79125,48.67098325814273,6.555751597510246
0.7914583333333334,24.41074179938337,5.758273991742725
0.7916666666666666,3.03661042324229e-13,4.925294711994527
0.791875,-24.410741799365134,4.061949352520785
0.7920833333333334,-48.67098325814214,3.1735607245535284
0.7922916666666666,-72.63115192038842,2.265606039403371
0.7925,-96.14352537873667,1.3436831396298334
0.7927083333333333,-119.0631420321586,0.41347598648049366
0.7929166666666667,-141.24869482243992,-0.519280383620216
0.793125,-162.5634024391987,-1.4488352174783272
0.7933333333333333,-182.87585262207298,-2.36945750043275
0.7935416666666667,-202.06081236116887,-3.275471289973751
0.79375,-219.99999999999295,-4.161290709806039
0.7939583333333333,-236.58281448140693,-5.021454388643446
0.7941666666666667,-251.7070172397845,-5.850659131372426
0.794375,-265.27936253578133,-6.643792615013741
0.7945833333333333,-277.216172347424,-7.395964907899382
0.7947916666666667,-287.44385227280395,-8.102538617719366
0.795,-295.89934526413634,-8.759157482593155
0.7952083333333333,-302.53052039540927,-9.361773228872238
0.7954166666666667,-307.2964942668325,-9.90667053008937
0.795625,-310.1678830646471,-10.390489913186263
0.7958333333333333,-311.1269837220809,-10.810248470779856
0.7960416666666666,-310.16788306464747,-11.163358251778696
0.79625,-307.2964942668331,-11.447642216962011
0.7964583333333334,-302.5305203954102,-11.661347661150435
0.7966666666666666,-295.89934526414305,-11.803157019216274
0.796875,-287.4438522728055,-11.872195989310653
0.7970833333333334,-277.21617234741774,-11.868038923225129
0.7972916666666666,-265.27936253579264,-11.790711450654566
0.7975,-251.7070172397868,-11.640690321181271
0.7977083333333334,-236.5828144814095,-11.418900464955376
0.7979166666666667,-220.00000000000824,-11.126709290193686
0.798125,-202.06081236115844,-10.765918252651186
0.7983333333333333,-182.8758526220762,-10.338751749050227
0.7985416666666667,-162.5634024392021,-9.84784340293293
0.79875,-141.24869482244344,-9.296219827495564
0.7989583333333333,-119.06314203216226,-8.687281965515286
0.7991666666666667,-96.14352537874043,-8.024784121403213
0.799375,-72.63115192039228,-7.312810814671185
0.7995833333333333,-48.670983258146045,-6.555751597510352
0.7997916666666667,-24.410741799369085,-5.7582739917422465
0.8,-3.657798381538724e-12,-4.925294711994645
0.8002083333333333,24.41074179936179,-4.061949352520906
0.8004166666666667,48.67098325813882,-3.173560724553652
0.800625,72.63115192040236,-2.2656060394028334
0.8008333333333333,96.14352537873349,-1.3436831396299607
0.8010416666666667,119.06314203215548,-0.41347598648062167
0.80125,141.24869482245268,0.5192803836207627
0.8014583333333334,162.56340243918078,1.44883521747753
0.8016666666666666,182.8758526220846,2.369457500433286
0.801875,202.0608123611663,3.275471289973628
0.8020833333333334,219.9999999999906,4.161290709805919
0.8022916666666666,236.58281448141625,5.021454388643941
0.8025,251.7070172397721,5.850659131371727
0.8027083333333334,265.2793625357888,6.643792615014195
0.8029166666666666,277.21617234742246,7.395964907899282
0.803125,287.44385227280264,8.102538617719272
0.8033333333333333,295.8993452641408,8.759157482593526
0.8035416666666667,302.5305203954085,9.36177322887216
0.80375,307.296494266832,9.906670530089299
0.8039583333333333,310.1678830646469,10.390489913186201
0.8041666666666667,311.1269837220809,10.810248470780083
0.804375,310.1678830646477,11.163358251778652
0.8045833333333333,307.2964942668337,11.447642216961977
0.8047916666666667,302.5305203954069,11.661347661150538
0.805,295.8993452641441,11.80315701921626
0.8052083333333333,287.4438522728,11.872195989310672
0.8054166666666667,277.2161723474273,11.868038923225162
0.805625,265.2793625357944,11.790711450654582
0.8058333333333333,251.70701723977837,11.640690321181161
0.8060416666666667,236.58281448142316,11.418900464955598
0.80625,219.99999999999812,11.126709290193494
0.8064583333333334,202.06081236116097,10.76591825265124
0.8066666666666666,182.87585262207892,10.33875174905029
0.806875,162.56340243918984,9.847843402932623
0.8070833333333334,141.24869482244642,9.296219827495644
0.8072916666666666,119.06314203216535,8.687281965515373
0.8075,96.14352537874362,8.024784121403307
0.8077083333333334,72.63115192039554,7.312810814671286
0.8079166666666666,48.67098325814936,6.555751597510459
0.808125,24.41074179937243,5.758273991742358
0.8083333333333333,7.011935720753218e-12,4.925294711994761
0.8085416666666667,-24.410741799358448,4.061949352521026
0.80875,-48.67098325815297,3.1735607245531243
0.8089583333333333,-72.6311519203819,2.265606039403622
0.8091666666666667,-96.14352537873029,1.3436831396300881
0.809375,-119.06314203216873,0.4134759864800748
0.8095833333333333,-141.24869482243392,-0.5192803836199601
0.8097916666666667,-162.563402439193,-1.448835217478073
0.81,-182.87585262208188,-2.369457500433161
0.8102083333333333,-202.06081236116376,-3.275471289973505
0.8104166666666667,-220.0000000000007,-4.1612907098064325
0.810625,-236.58281448140258,-5.021454388643213
0.8108333333333333,-251.70701723978055,-5.850659131372203
0.8110416666666667,-265.2793625357871,-6.643792615014088
0.81125,-277.2161723474209,-7.395964907899182
0.8114583333333333,-287.4438522728014,-8.102538617719178
0.8116666666666666,-295.89934526413975,-8.759157482593439
0.811875,-302.5305203954077,-9.36177322887208
0.8120833333333334,-307.2964942668315,-9.90667053008923
0.8122916666666666,-310.16788306464804,-10.390489913186467
0.8125,-311.1269837220809,-10.810248470779749
0.8127083333333334,-310.167883064648,-11.16335825177861
0.8129166666666666,-307.2964942668314,-11.447642216962123
0.813125,-302.53052039541177,-11.661347661150385
0.8133333333333334,-295.89934526413964,-11.80315701921632
0.8135416666666667,-287.44385227280804,-11.872195989310644
0.81375,-277.2161723474208,-11.86803892322514
0.8139583333333333,-265.2793625357869,-11.790711450654515
0.8141666666666667,-251.70701723979076,-11.640690321181323
0.814375,-236.58281448141386,-11.418900464955447
0.8145833333333333,-220.0000000000005,-11.12670929019354
0.8147916666666667,-202.06081236116353,-10.765918252651295
0.815,-182.87585262208162,-10.338751749050354
0.8152083333333333,-162.5634024391927,-9.847843402932694
0.8154166666666667,-141.2486948224494,-9.296219827495722
0.815625,-119.06314203216844,-8.687281965515462
0.8158333333333333,-96.14352537872999,-8.024784121402904
0.8160416666666667,-72.63115192039879,-7.312810814671386
0.81625,-48.670983258152674,-6.555751597510565
0.8164583333333333,-24.41074179937577,-5.758273991742471
0.8166666666666667,-1.0366073059967714e-11,-4.925294711994877
0.816875,24.410741799372737,-4.061949352520513
0.8170833333333334,48.670983258132196,-3.1735607245538984
0.8172916666666666,72.63115192039584,-2.2656060394030852
0.8175,96.14352537874392,-1.3436831396295443
0.8177083333333334,119.06314203214929,-0.41347598648087763
0.8179166666666666,141.2486948224467,0.5192803836205068
0.818125,162.56340243919013,1.448835217477946
0.8183333333333334,182.87585262207918,2.369457500433035
0.8185416666666666,202.0608123611612,3.2754712899733818
0.81875,219.99999999999832,4.1612907098063125
0.8189583333333333,236.58281448141187,5.0214543886437095
0.8191666666666667,251.7070172397786,5.850659131372092
0.819375,265.2793625357853,6.643792615013982
0.8195833333333333,277.2161723474194,7.3959649078990815
0.8197916666666667,287.4438522728001,8.102538617719084
0.82,295.8993452641387,8.759157482593352
0.8202083333333333,302.53052039540694,9.361773228872002
0.8204166666666667,307.29649426683375,9.906670530089531
0.820625,310.16788306464633,10.390489913186078
0.8208333333333333,311.1269837220809,10.810248470779976
0.8210416666666667,310.16788306464684,11.163358251778796
0.82125,307.2964942668347,11.44764221696191
0.8214583333333333,302.5305203954084,11.66134766115049
0.8216666666666667,295.8993452641407,11.803157019216306
0.821875,287.44385227280253,11.872195989310663
0.8220833333333334,277.2161723474223,11.868038923225145
0.8222916666666666,265.2793625357886,11.79071145065453
0.8225,251.70701723978235,11.640690321181212
0.8227083333333334,236.58281448141605,11.418900464955485
0.8229166666666666,220.00000000000284,11.126709290193585
0.823125,202.0608123611661,10.765918252651348
0.8233333333333334,182.87585262208435,10.338751749050417
0.8235416666666666,162.56340243919558,9.847843402932765
0.82375,141.24869482245242,9.296219827495804
0.8239583333333333,119.06314203215521,8.687281965515089
0.8241666666666667,96.14352537875001,8.024784121403496
0.824375,72.63115192038487,7.312810814670956
0.8245833333333333,48.67098325813852,6.55575159751011
0.8247916666666667,24.410741799379114,5.758273991742583
0.825,-3.9653110554318346e-12,4.925294711994379
0.8252083333333333,-24.41074179935176,4.061949352521267
0.8254166666666667,-48.67098325814635,3.1735607245533717
0.825625,-72.63115192039257,2.265606039403211
0.8258333333333333,-96.14352537874073,1.3436831396296713
0.8260416666666667,-119.06314203216253,0.4134759864803308
0.82625,-141.24869482244372,-0.5192803836203789
0.8264583333333333,-162.56340243918726,-1.4488352174778187
0.8266666666666667,-182.87585262207645,-2.3694575004329095
0.826875,-202.0608123611587,-3.2754712899732583
0.8270833333333333,-219.99999999999594,-4.161290709806193
0.8272916666666666,-236.58281448140968,-5.021454388643593
0.8275,-251.707017239787,-5.850659131372568
0.8277083333333334,-265.27936253578355,-6.643792615013876
0.8279166666666666,-277.2161723474259,-7.39596490789951
0.828125,-287.4438522727988,-8.102538617718992
0.8283333333333334,-295.89934526413765,-8.759157482593265
0.8285416666666666,-302.5305203954103,-9.36177322887234
0.82875,-307.29649426683045,-9.906670530089087
0.8289583333333334,-310.16788306464747,-10.390489913186343
0.8291666666666667,-311.1269837220809,-10.810248470779923
0.829375,-310.1678830646471,-11.163358251778753
0.8295833333333333,-307.2964942668325,-11.447642216962056
0.8297916666666667,-302.5305203954092,-11.661347661150467
0.83,-295.89934526414174,-11.803157019216291
0.8302083333333333,-287.4438522728038,-11.872195989310658
0.8304166666666667,-277.2161723474238,-11.86803892322515
0.830625,-265.27936253579037,-11.790711450654547
0.8308333333333333,-251.70701723978434,-11.640690321181237
0.8310416666666667,-236.58281448141824,-11.418900464955518
0.83125,-220.00000000000523,-11.126709290193629
0.8314583333333333,-202.0608123611552,-10.765918252651115
0.8316666666666667,-182.87585262208705,-10.338751749050479
0.831875,-162.56340243919846,-9.847843402932838
0.8320833333333333,-141.24869482243963,-9.296219827495463
0.8322916666666667,-119.06314203217464,-8.687281965515636
0.8325,-96.14352537873638,-8.024784121403092
0.8327083333333334,-72.63115192038812,-7.312810814671056
0.8329166666666666,-48.67098325814183,-6.555751597510216
0.833125,-24.41074179936483,-5.758273991742104
0.8333333333333334,-1.7074347738396704e-11,-4.925294711995111
0.8335416666666666,24.410741799366047,-4.061949352520753
0.83375,48.67098325814303,-3.173560724553495
0.8339583333333334,72.63115192038931,-2.2656060394033366
0.8341666666666666,96.14352537873754,-1.3436831396297988
0.834375,119.06314203215945,-0.4134759864804588
0.8345833333333333,141.24869482244074,0.5192803836202509
0.8347916666666667,162.5634024391844,1.4488352174776917
0.835,182.87585262208805,2.369457500433446
0.8352083333333333,202.06081236115614,3.2754712899731357
0.8354166666666667,219.9999999999936,4.161290709806073
0.835625,236.58281448141904,5.021454388644089
0.8358333333333333,251.70701723977461,5.850659131371869
0.8360416666666667,265.27936253579105,6.643792615014329
0.83625,277.2161723474164,7.395964907898881
0.8364583333333333,287.4438522728043,8.102538617719391
0.8366666666666667,295.8993452641421,8.759157482593634
0.836875,302.53052039540535,9.361773228871844
0.8370833333333333,307.29649426683267,9.90667053008939
0.8372916666666667,310.16788306464724,10.390489913186281
0.8375,311.1269837220809,10.81024847077987
0.8377083333333334,310.1678830646474,11.163358251778709
0.8379166666666666,307.296494266833,11.44764221696202
0.838125,302.53052039540995,11.661347661150442
0.8383333333333334,295.89934526414277,11.803157019216277
0.8385416666666666,287.4438522727983,11.87219598931068
0.83875,277.21617234742536,11.868038923225155
0.8389583333333334,265.27936253579213,11.790711450654562
0.8391666666666666,251.7070172397863,11.640690321181264
0.839375,236.5828144814204,11.418900464955554
0.8395833333333333,219.9999999999951,11.126709290193437
0.8397916666666667,202.06081236117117,10.765918252651456
0.84,182.87585262207548,10.33875174905021
0.8402083333333333,162.56340243918623,9.847843402932531
0.8404166666666667,141.2486948224584,9.296219827495962
0.840625,119.06314203216141,8.687281965515263
0.8408333333333333,96.14352537873955,8.024784121403188
0.8410416666666667,72.63115192039139,7.312810814671158
0.84125,48.67098325814514,6.555751597510323
0.8414583333333333,24.41074179936817,5.758273991742216
0.8416666666666667,2.7429636229971545e-12,4.925294711994612
0.841875,-24.410741799362704,4.061949352520873
0.8420833333333333,-48.67098325813973,3.173560724553618
0.8422916666666667,-72.63115192038605,2.265606039403462
0.8425,-96.14352537873434,1.343683139629926
0.8427083333333333,-119.06314203215634,0.41347598648058675
0.8429166666666666,-141.24869482243776,-0.5192803836201229
0.843125,-162.56340243919664,-1.4488352174782348
0.8433333333333334,-182.87585262207102,-2.3694575004326586
0.8435416666666666,-202.060812361167,-3.275471289973661
0.84375,-220.00000000000372,-4.161290709806584
0.8439583333333334,-236.58281448140534,-5.021454388643361
0.8441666666666666,-251.70701723978306,-5.850659131372345
0.844375,-265.2793625357893,-6.643792615014224
0.8445833333333334,-277.21617234742286,-7.39596490789931
0.8447916666666667,-287.44385227280304,-8.102538617719297
0.845,-295.8993452641356,-8.759157482593093
0.8452083333333333,-302.5305203954087,-9.361773228872181
0.8454166666666667,-307.29649426683216,-9.906670530089318
0.845625,-310.16788306464696,-10.390489913186219
0.8458333333333333,-311.1269837220809,-10.810248470779817
0.8460416666666667,-310.16788306464764,-11.163358251778664
0.84625,-307.2964942668335,-11.447642216961986
0.8464583333333333,-302.53052039541075,-11.661347661150417
0.8466666666666667,-295.89934526413833,-11.80315701921634
0.846875,-287.4438522728064,-11.87219598931065
0.8470833333333333,-277.2161723474189,-11.868038923225132
0.8472916666666667,-265.2793625357846,-11.790711450654495
0.8475,-251.70701723978826,-11.640690321181289
0.8477083333333333,-236.58281448141108,-11.418900464955403
0.8479166666666667,-220.00000000000998,-11.12670929019372
0.848125,-202.06081236116026,-10.765918252651224
0.8483333333333334,-182.87585262207818,-10.338751749050273
0.8485416666666666,-162.56340243920417,-9.847843402932982
0.84875,-141.24869482244563,-9.296219827495623
0.8489583333333334,-119.0631420321645,-8.68728196551535
0.8491666666666666,-96.14352537874275,-8.024784121403282
0.849375,-72.63115192039464,-7.312810814671258
0.8495833333333334,-48.67098325814846,-6.5557515975104295
0.8497916666666666,-24.410741799371515,-5.758273991742328
0.85,-6.0971009622116485e-12,-4.925294711994729
0.8502083333333333,24.41074179937699,-4.061949352520359
0.8504166666666667,48.67098325813641,-3.1735607245537416
0.850625,72.63115192039999,-2.265606039402925
0.8508333333333333,96.14352537873117,-1.3436831396300533
0.8510416666666667,119.06314203215324,-0.41347598648071476
0.85125,141.24869482245052,0.5192803836206695
0.8514583333333333,162.5634024391787,1.4488352174774375
0.8516666666666667,182.87585262208262,2.3694575004331946
0.851875,202.06081236116444,3.275471289973538
0.8520833333333333,219.99999999998886,4.161290709805832
0.8522916666666667,236.58281448141466,5.021454388643857
0.8525,251.70701723978107,5.850659131372233
0.8527083333333333,265.2793625357875,6.643792615014116
0.8529166666666667,277.2161723474213,7.395964907899209
0.853125,287.44385227280173,8.102538617719205
0.8533333333333334,295.89934526414004,8.759157482593462
0.8535416666666666,302.5305203954079,9.361773228872103
0.85375,307.2964942668316,9.906670530089247
0.8539583333333334,310.1678830646467,10.390489913186157
0.8541666666666666,311.1269837220809,10.810248470780044
0.854375,310.1678830646479,11.163358251778622
0.8545833333333334,307.2964942668341,11.447642216961952
0.8547916666666666,302.5305203954074,11.661347661150522
0.855,295.89934526414487,11.803157019216249
0.8552083333333333,287.4438522728009,11.872195989310669
0.8554166666666667,277.21617234742035,11.868038923225138
0.855625,265.27936253579566,11.790711450654593
0.8558333333333333,251.70701723977984,11.64069032118118
0.8560416666666667,236.58281448142475,11.418900464955625
0.85625,219.99999999999986,11.126709290193526
0.8564583333333333,202.06081236116282,10.76591825265128
0.8566666666666667,182.8758526220809,10.338751749050337
0.856875,162.56340243919198,9.847843402932675
0.8570833333333333,141.2486948224486,9.296219827495701
0.8572916666666667,119.06314203216759,8.687281965515437
0.8575,96.14352537874595,8.024784121403377
0.8577083333333333,72.63115192038072,7.312810814670827
0.8579166666666667,48.67098325815177,6.555751597510537
0.858125,24.41074179937486,5.758273991742441
0.8583333333333333,-8.234283153187898e-12,4.925294711994231
0.8585416666666666,-24.410741799356014,4.061949352521114
0.85875,-48.670983258150564,3.1735607245532145
0.8589583333333334,-72.63115192037952,2.2656060394037136
0.8591666666666666,-96.14352537872797,1.3436831396301805
0.859375,-119.06314203216647,0.4134759864801679
0.8595833333333334,-141.24869482243176,-0.5192803836198671
0.8597916666666666,-162.5634024391909,-1.4488352174779808
0.86,-182.8758526220799,-2.3694575004330694
0.8602083333333334,-202.0608123611619,-3.275471289973415
0.8604166666666667,-219.99999999999898,-4.1612907098063445
0.860625,-236.5828144814125,-5.021454388643741
0.8608333333333333,-251.7070172397791,-5.850659131372122
0.8610416666666667,-265.2793625357858,-6.643792615014011
0.86125,-277.21617234742786,-7.395964907899638
0.8614583333333333,-287.4438522728004,-8.10253861771911
0.8616666666666667,-295.89934526413896,-8.759157482593375
0.861875,-302.5305203954071,-9.361773228872023
0.8620833333333333,-307.2964942668311,-9.906670530089178
0.8622916666666667,-310.1678830646478,-10.390489913186421
0.8625,-311.1269837220809,-10.81024847077971
0.8627083333333333,-310.1678830646482,-11.163358251778577
0.8629166666666667,-307.2964942668318,-11.447642216962098
0.863125,-302.53052039541234,-11.66134766115037
0.8633333333333333,-295.8993452641404,-11.803157019216309
0.8635416666666667,-287.4438522728022,-11.872195989310665
0.86375,-277.2161723474219,-11.868038923225143
0.8639583333333334,-265.27936253578815,-11.790711450654527
0.8641666666666666,-251.7070172397818,-11.640690321181205
0.864375,-236.58281448141545,-11.418900464955474
0.8645833333333334,-220.0000000000022,-11.12670929019357
0.8647916666666666,-202.06081236116538,-10.765918252651334
0.865,-182.87585262208358,-10.3387517490504
0.8652083333333334,-162.5634024391948,-9.847843402932746
0.8654166666666666,-141.2486948224516,-9.296219827495783
0.865625,-119.0631420321707,-8.687281965515526
0.8658333333333333,-96.14352537873232,-8.024784121402973
0.8660416666666667,-72.63115192040117,-7.31281081467146
0.86625,-48.67098325815508,-6.5557515975106435
0.8664583333333333,-24.410741799360572,-5.758273991741962
0.8666666666666667,-1.2805375640640639e-11,-4.925294711994963
0.866875,24.410741799370303,-4.0619493525206
0.8670833333333333,48.67098325814726,-3.173560724553338
0.8672916666666667,72.63115192039346,-2.2656060394031763
0.8675,96.1435253787416,-1.3436831396296367
0.8677083333333333,119.06314203214704,-0.4134759864809707
0.8679166666666667,141.24869482244452,0.5192803836204137
0.868125,162.56340243918805,1.4488352174778536
0.8683333333333333,182.8758526220772,2.3694575004329437
0.8685416666666667,202.06081236115938,3.275471289973292
0.86875,219.9999999999966,4.161290709806225
0.8689583333333334,236.58281448141028,5.021454388643625
0.8691666666666666,251.70701723977714,5.85065913137201
0.869375,265.27936253579327,6.643792615014465
0.8695833333333334,277.2161723474183,7.395964907899009
0.8697916666666666,287.4438522727991,8.102538617719016
0.87,295.89934526414345,8.759157482593745
0.8702083333333334,302.53052039540637,9.361773228871945
0.8704166666666666,307.29649426683335,9.90667053008948
0.870625,310.16788306464616,10.390489913186032
0.8708333333333333,311.1269837220809,10.810248470779937
0.8710416666666667,310.16788306464707,11.163358251778766
0.87125,307.2964942668351,11.447642216961885
0.8714583333333333,302.530520395409,11.661347661150472
0.8716666666666667,295.8993452641414,11.803157019216295
0.871875,287.44385227280344,11.87219598931066
0.8720833333333333,277.2161723474234,11.868038923225148
0.8722916666666667,265.2793625357899,11.790711450654541
0.8725,251.70701723978377,11.640690321181232
0.8727083333333333,236.58281448141764,11.41890046495551
0.8729166666666667,219.99999999999207,11.12670929019338
0.873125,202.06081236116793,10.765918252651387
0.8733333333333333,182.8758526220863,10.338751749050461
0.8735416666666667,162.56340243919766,9.847843402932819
0.87375,141.24869482245458,9.296219827495861
0.8739583333333333,119.06314203215746,8.687281965515153
0.8741666666666666,96.14352537875233,8.024784121403565
0.874375,72.63115192038724,7.312810814671028
0.8745833333333334,48.67098325814093,6.555751597510187
0.8747916666666666,24.41074179938155,5.758273991742664
0.875,-1.5260084747589092e-12,4.925294711994464
0.8752083333333334,-24.41074179936696,4.06194935252072
0.8754166666666666,-48.67098325814394,3.1735607245534614
0.875625,-72.63115192039021,2.265606039403302
0.8758333333333334,-96.1435253787384,1.3436831396297642
0.8760416666666667,-119.06314203216029,0.4134759864804239
0.87625,-141.24869482244154,-0.5192803836202858
0.8764583333333333,-162.56340243918518,-1.4488352174777264
0.8766666666666667,-182.87585262207446,-2.369457500432818
0.876875,-202.06081236115682,-3.2754712899731686
0.8770833333333333,-219.99999999999426,-4.161290709806105
0.8772916666666667,-236.58281448140815,-5.021454388643509
0.8775,-251.70701723978556,-5.8506591313724865
0.8777083333333333,-265.2793625357823,-6.6437926150137985
0.8779166666666667,-277.2161723474248,-7.395964907899438
0.878125,-287.44385227280463,-8.102538617719418
0.8783333333333333,-295.8993452641369,-8.759157482593203
0.8785416666666667,-302.53052039540967,-9.361773228872282
0.87875,-307.29649426683005,-9.906670530089038
0.8789583333333333,-310.1678830646473,-10.390489913186299
0.8791666666666667,-311.1269837220809,-10.810248470779884
0.879375,-310.1678830646473,-11.16335825177872
0.8795833333333334,-307.29649426683284,-11.44764221696203
0.8797916666666666,-302.5305203954098,-11.661347661150447
0.88,-295.8993452641425,-11.80315701921628
0.8802083333333334,-287.44385227280475,-11.872195989310656
0.8804166666666666,-277.21617234742496,-11.868038923225154
0.880625,-265.2793625357917,-11.790711450654557
0.8808333333333334,-251.70701723978573,-11.640690321181257
0.8810416666666666,-236.58281448140832,-11.418900464955358
0.88125,-220.00000000000696,-11.126709290193661
0.8814583333333333,-202.06081236115702,-10.765918252651156
0.8816666666666667,-182.87585262208904,-10.338751749050525
0.881875,-162.56340243920053,-9.84784340293289
0.8820833333333333,-141.2486948224418,-9.296219827495522
0.8822916666666667,-119.0631420321769,-8.6872819655157
0.8825,-96.1435253787387,-8.024784121403162
0.8827083333333333,-72.6311519203905,-7.31281081467113
0.8829166666666667,-48.67098325814424,-6.555751597510294
0.883125,-24.410741799367262,-5.758273991742185
0.8833333333333333,-1.8281288644555854e-12,-4.925294711994581
0.8835416666666667,24.410741799363613,-4.06194935252084
0.88375,48.67098325814062,-3.1735607245535844
0.8839583333333333,72.63115192038694,-2.2656060394034276
0.8841666666666667,96.14352537873522,-1.3436831396298914
0.884375,119.06314203215717,-0.4134759864805519
0.8845833333333334,141.24869482243855,0.5192803836201578
0.8847916666666666,162.5634024391823,1.4488352174775994
0.885,182.8758526220861,2.3694575004333545
0.8852083333333334,202.06081236115426,3.275471289973046
0.8854166666666666,219.99999999999187,4.161290709805986
0.885625,236.58281448141744,5.021454388644004
0.8858333333333334,251.7070172397732,5.8506591313717875
0.8860416666666666,265.27936253578974,6.643792615014252
0.88625,277.21617234742325,7.395964907899337
0.8864583333333333,287.4438522728034,8.102538617719324
0.8866666666666667,295.89934526414135,8.759157482593572
0.886875,302.53052039540887,9.361773228872202
0.8870833333333333,307.29649426683227,9.906670530089338
0.8872916666666667,310.167883064647,10.390489913186235
0.8875,311.1269837220809,10.81024847077983
0.8877083333333333,310.1678830646476,11.163358251778677
0.8879166666666667,307.29649426683335,11.447642216961997
0.888125,302.5305203954106,11.661347661150424
0.8883333333333333,295.8993452641435,11.803157019216266
0.8885416666666667,287.4438522727993,11.872195989310674
0.88875,277.21617234742644,11.868038923225159
0.8889583333333333,265.27936253579344,11.790711450654573
0.8891666666666667,251.70701723977731,11.640690321181149
0.889375,236.582814481422,11.41890046495558
0.8895833333333333,219.99999999999682,11.12670929019347
0.8897916666666666,202.06081236115958,10.76591825265121
0.89,182.87585262207745,10.338751749050257
0.8902083333333334,162.5634024391883,9.847843402932584
0.8904166666666666,141.24869482246055,9.29621982749602
0.890625,119.06314203216365,8.687281965515327
0.8908333333333334,96.14352537874188,8.024784121403256
0.8910416666666666,72.63115192039375,7.31281081467123
0.89125,48.67098325814755,6.555751597510399
0.8914583333333334,24.410741799370605,5.758273991742297
0.8916666666666667,5.1822662036700805e-12,4.925294711994697
0.891875,-24.41074179936027,4.061949352520961
0.8920833333333333,-48.670983258154784,3.1735607245530573
0.8922916666666667,-72.63115192038367,2.2656060394035538
0.8925,-96.14352537873204,1.3436831396300184
0.8927083333333333,-119.06314203217042,0.41347598648000494
0.8929166666666667,-141.24869482243557,-0.5192803836200299
0.893125,-162.56340243919456,-1.4488352174781425
0.8933333333333333,-182.87585262206906,-2.369457500432567
0.8935416666666667,-202.06081236116515,-3.2754712899735714
0.89375,-220.000000000002,-4.161290709806497
0.8939583333333333,-236.58281448140374,-5.021454388643277
0.8941666666666667,-251.70701723978163,-5.850659131372264
0.894375,-265.279362535788,-6.643792615014146
0.8945833333333333,-277.2161723474218,-7.395964907899237
0.8947916666666667,-287.4438522728021,-8.10253861771923
0.895,-295.8993452641403,-8.759157482593485
0.8952083333333334,-302.53052039540813,-9.361773228872124
0.8954166666666666,-307.29649426683176,-9.906670530089269
0.895625,-310.16788306464815,-10.390489913186501
0.8958333333333334,-311.1269837220809,-10.810248470779777
0.8960416666666666,-310.16788306464787,-11.163358251778632
0.89625,-307.2964942668339,-11.447642216961963
0.8964583333333334,-302.5305203954113,-11.6613476611504
0.8966666666666666,-295.8993452641391,-11.803157019216329
0.896875,-287.4438522728073,-11.872195989310647
0.8970833333333333,-277.21617234741996,-11.868038923225136
0.8972916666666667,-265.27936253578594,-11.790711450654506
0.8975,-251.70701723978968,-11.640690321181308
0.8977083333333333,-236.58281448141267,-11.418900464955428
0.8979166666666667,-219.9999999999992,-11.126709290193515
0.898125,-202.06081236116214,-10.765918252651264
0.8983333333333333,-182.87585262208015,-10.338751749050319
0.8985416666666667,-162.56340243919118,-9.847843402932655
0.89875,-141.2486948224478,-9.296219827495682
0.8989583333333333,-119.06314203216677,-8.687281965515414
0.8991666666666667,-96.14352537874507,-8.024784121403352
0.899375,-72.63115192039702,-7.312810814671332
0.8995833333333333,-48.67098325815087,-6.555751597510508
0.8997916666666667,-24.41074179937395,-5.75827399174241
0.9,-8.536403542884575e-12,-4.925294711994814
0.9002083333333334,24.41074179937456,-4.061949352520447
0.9004166666666666,48.670983258134,-3.1735607245538313
0.900625,72.63115192039761,-2.2656060394030164
0.9008333333333334,96.14352537874565,-1.3436831396294748
0.9010416666666666,119.06314203215098,-0.4134759864808078
0.90125,141.24869482244833,0.5192803836205766
0.9014583333333334,162.56340243917663,1.4488352174773451
0.9016666666666666,182.87585262208066,2.3694575004331035
0.901875,202.06081236116262,3.275471289973449
0.9020833333333333,219.99999999998712,4.161290709805745
0.9022916666666667,236.5828144814131,5.021454388643773
0.9025,251.70701723977965,5.8506591313721525
0.9027083333333333,265.2793625357862,6.64379261501404
0.9029166666666667,277.21617234742024,7.3959649078991365
0.903125,287.4438522728008,8.102538617719135
0.9033333333333333,295.8993452641393,8.759157482593398
0.9035416666666667,302.53052039540734,9.361773228872044
0.90375,307.296494266834,9.90667053008957
0.9039583333333333,310.1678830646465,10.39048991318611
0.9041666666666667,311.1269837220809,10.810248470780005
0.904375,310.1678830646481,11.16335825177859
0.9045833333333333,307.29649426683443,11.447642216961928
0.9047916666666667,302.530520395408,11.661347661150502
0.905,295.89934526414555,11.803157019216238
0.9052083333333333,287.44385227280185,11.872195989310667
0.9054166666666666,277.2161723474215,11.868038923225141
0.905625,265.2793625357969,11.790711450654603
0.9058333333333334,251.70701723978124,11.640690321181198
0.9060416666666666,236.58281448141486,11.418900464955463
0.90625,220.0000000000016,11.12670929019356
0.9064583333333334,202.0608123611647,10.765918252651318
0.9066666666666666,182.87585262208287,10.338751749050383
0.906875,162.56340243919402,9.847843402932728
0.9070833333333334,141.24869482245077,9.29621982749576
0.9072916666666667,119.06314203216985,8.687281965515501
0.9075,96.14352537874827,8.024784121403444
0.9077083333333333,72.63115192038308,7.3128108146709
0.9079166666666667,48.67098325815418,6.555751597510613
0.908125,24.41074179937729,5.758273991742522
0.9083333333333333,-5.794980572514973e-12,4.925294711994316
0.9085416666666667,-24.410741799353584,4.061949352521202
0.90875,-48.670983258148155,3.173560724553304
0.9089583333333333,-72.63115192039434,2.265606039403142
0.9091666666666667,-96.14352537872566,1.343683139630273
0.909375,-119.06314203216422,0.41347598648026096
0.9095833333333333,-141.24869482244534,-0.5192803836204487
0.9097916666666667,-162.56340243918882,-1.4488352174778882
0.91,-182.87585262207793,-2.369457500432978
0.9102083333333333,-202.06081236116006,-3.2754712899733254
0.9104166666666667,-219.99999999999727,-4.1612907098062575
0.910625,-236.5828144814109,-5.021454388643656
0.9108333333333334,-251.70701723977768,-5.850659131372041
0.9110416666666666,-265.2793625357845,-6.6437926150139335
0.91125,-277.2161723474267,-7.395964907899564
0.9114583333333334,-287.4438522727995,-8.102538617719043
0.9116666666666666,-295.8993452641383,-8.759157482593311
0.911875,-302.5305203954107,-9.361773228872382
0.9120833333333334,-307.29649426683073,-9.906670530089126
0.9122916666666666,-310.16788306464764,-10.390489913186377
0.9125,-311.1269837220809,-10.810248470779952
0.9127083333333333,-310.1678830646484,-11.163358251778545
0.9129166666666667,-307.2964942668322,-11.447642216962075
0.913125,-302.5305203954129,-11.66134766115035
0.9133333333333333,-295.8993452641412,-11.8031570192163
0.9135416666666667,-287.4438522728031,-11.872195989310661
0.91375,-277.216172347423,-11.868038923225146
0.9139583333333333,-265.27936253578946,-11.790711450654538
0.9141666666666667,-251.70701723978326,-11.640690321181225
0.914375,-236.58281448141705,-11.418900464955499
0.9145833333333333,-220.00000000000392,-11.126709290193604
0.9147916666666667,-202.06081236115378,-10.765918252651087
0.915,-182.8758526220856,-10.338751749050445
0.9152083333333333,-162.5634024391969,-9.8478434029328
0.9154166666666667,-141.248694822438,-9.29621982749542
0.915625,-119.06314203217295,-8.687281965515588
0.9158333333333334,-96.14352537873464,-8.02478412140304
0.9160416666666666,-72.63115192040354,-7.312810814671534
0.91625,-48.67098325815749,-6.55575159751072
0.9164583333333334,-24.410741799363006,-5.758273991742043
0.9166666666666666,-1.5244678221313565e-11,-4.925294711995047
0.916875,24.41074179936787,-4.061949352520688
0.9170833333333334,48.67098325814485,-3.1735607245534276
0.9172916666666666,72.63115192039109,-2.2656060394032678
0.9175,96.14352537873928,-1.3436831396297293
0.9177083333333333,119.06314203216111,-0.413475986480389
0.9179166666666667,141.24869482244236,0.5192803836203207
0.918125,162.56340243918598,1.4488352174777612
0.9183333333333333,182.87585262208952,2.3694575004335143
0.9185416666666667,202.0608123611575,3.2754712899732024
0.91875,219.99999999999488,4.161290709806138
0.9189583333333333,236.58281448140872,5.021454388643541
0.9191666666666667,251.70701723977572,5.85065913137193
0.919375,265.27936253579196,6.643792615014387
0.9195833333333333,277.21617234741717,7.395964907898937
0.9197916666666667,287.4438522727982,8.102538617718949
0.92,295.89934526414265,8.759157482593682
0.9202083333333333,302.5305203954058,9.361773228871886
0.9204166666666667,307.29649426683295,9.906670530089428
0.920625,310.16788306464736,10.390489913186315
0.9208333333333333,311.1269837220809,10.8102484707799
0.9210416666666666,310.16788306464724,11.163358251778734
0.92125,307.2964942668327,11.44764221696204
0.9214583333333334,302.53052039540955,11.661347661150455
0.9216666666666666,295.8993452641422,11.803157019216284
0.921875,287.4438522728044,11.872195989310658
0.9220833333333334,277.2161723474245,11.868038923225152
0.9222916666666666,265.27936253579117,11.790711450654552
0.9225,251.7070172397852,11.64069032118125
0.9227083333333334,236.58281448141923,11.418900464955534
0.9229166666666667,219.9999999999938,11.126709290193412
0.923125,202.0608123611698,10.765918252651426
0.9233333333333333,182.8758526220883,10.338751749050507
0.9235416666666667,162.56340243918467,9.847843402932494
0.92375,141.24869482245677,9.29621982749592
0.9239583333333333,119.06314203215972,8.687281965515215
0.9241666666666667,96.14352537875463,8.024784121403634
0.924375,72.63115192038961,7.312810814671102
0.9245833333333333,48.67098325814334,6.555751597510263
0.9247916666666667,24.41074179938398,5.758273991742746
0.925,9.132941059140162e-13,4.925294711994549
0.9252083333333333,-24.41074179936453,4.0619493525208075
0.9254166666666667,-48.67098325814153,3.173560724553551
0.925625,-72.63115192038784,2.2656060394033934
0.9258333333333333,-96.14352537873609,1.3436831396298565
0.9260416666666667,-119.06314203215803,0.4134759864805169
0.92625,-141.24869482243938,-0.5192803836201927
0.9264583333333334,-162.56340243919817,-1.4488352174783041
0.9266666666666666,-182.8758526220725,-2.369457500432727
0.926875,-202.06081236115494,-3.27547128997308
0.9270833333333334,-219.99999999999253,-4.161290709806018
0.9272916666666666,-236.58281448140656,-5.021454388643424
0.9275,-251.7070172397841,-5.850659131372406
0.9277083333333334,-265.279362535781,-6.643792615013721
0.9279166666666666,-277.2161723474237,-7.395964907899364
0.928125,-287.4438522728037,-8.102538617719349
0.9283333333333333,-295.8993452641362,-8.759157482593139
0.9285416666666667,-302.53052039540916,-9.361773228872224
0.92875,-307.29649426683244,-9.906670530089357
0.9289583333333333,-310.16788306464707,-10.390489913186252
0.9291666666666667,-311.1269837220809,-10.810248470779845
0.929375,-310.16788306464747,-11.163358251778687
0.9295833333333333,-307.29649426683324,-11.447642216962006
0.9297916666666667,-302.53052039541035,-11.661347661150431
0.93,-295.8993452641432,-11.80315701921627
0.9302083333333333,-287.4438522728057,-11.872195989310653
0.9304166666666667,-277.21617234742604,-11.868038923225159
0.930625,-265.2793625357929,-11.790711450654568
0.9308333333333333,-251.70701723978718,-11.640690321181275
0.9310416666666667,-236.5828144814099,-11.418900464955383
0.93125,-220.0000000000087,-11.126709290193695
0.9314583333333334,-202.0608123611589,-10.765918252651195
0.9316666666666666,-182.87585262207668,-10.338751749050239
0.931875,-162.5634024392026,-9.847843402932943
0.9320833333333334,-141.24869482244398,-9.296219827495579
0.9322916666666666,-119.06314203216282,-8.687281965515302
0.9325,-96.143525378741,-8.02478412140323
0.9327083333333334,-72.63115192039287,-7.312810814671202
0.9329166666666666,-48.670983258146656,-6.555751597510371
0.933125,-24.410741799369692,-5.758273991742267
0.9333333333333333,-4.267431445128511e-12,-4.925294711994666
0.9335416666666667,24.410741799361183,-4.061949352520928
0.93375,48.670983258138214,-3.173560724553674
0.9339583333333333,72.63115192038457,-2.2656060394035196
0.9341666666666667,96.14352537873289,-1.3436831396299838
0.934375,119.06314203215493,-0.41347598648064493
0.9345833333333333,141.24869482245214,0.5192803836207394
0.9347916666666667,162.56340243918027,1.448835217477507
0.935,182.87585262208412,2.3694575004332634
0.9352083333333333,202.06081236116586,3.275471289973605
0.9354166666666667,219.99999999999014,4.161290709805898
0.935625,236.58281448141585,5.02145438864392
0.9358333333333333,251.70701723977177,5.850659131371707
0.9360416666666667,265.2793625357885,6.643792615014175
0.93625,277.2161723474222,7.3959649078992635
0.9364583333333333,287.4438522728024,8.102538617719254
0.9366666666666666,295.8993452641406,8.759157482593508
0.936875,302.53052039540836,9.361773228872146
0.9370833333333334,307.29649426683187,9.906670530089286
0.9372916666666666,310.16788306464684,10.39048991318619
0.9375,311.1269837220809,10.810248470779792
0.9377083333333334,310.16788306464775,11.163358251778645
0.9379166666666666,307.29649426683375,11.447642216961972
0.938125,302.530520395407,11.661347661150534
0.9383333333333334,295.89934526414424,11.803157019216256
0.9385416666666667,287.4438522728002,11.872195989310672
0.93875,277.2161723474276,11.868038923225164
0.9389583333333333,265.2793625357947,11.790711450654584
0.9391666666666667,251.70701723977876,11.640690321181166
0.939375,236.58281448142358,11.418900464955605
0.9395833333333333,219.99999999999855,11.126709290193503
0.9397916666666667,202.06081236116145,10.765918252651248
0.94,182.8758526220794,10.338751749050303
0.9402083333333333,162.56340243919038,9.847843402932638
0.9404166666666667,141.24869482244696,9.296219827495658
0.940625,119.06314203216591,8.687281965515389
0.9408333333333333,96.1435253787442,8.024784121403325
0.9410416666666667,72.63115192039614,7.3128108146713044
0.94125,48.67098325814996,6.555751597510477
0.9414583333333333,24.410741799373035,5.75827399174238
0.9416666666666667,7.621568784343005e-12,4.925294711994782
0.941875,-24.41074179935784,4.061949352521048
0.9420833333333334,-48.670983258152376,3.1735607245531465
0.9422916666666666,-72.6311519203813,2.2656060394036452
0.9425,-96.14352537872972,1.3436831396301112
0.9427083333333334,-119.06314203216816,0.4134759864800981
0.9429166666666666,-141.2486948224334,-0.5192803836199369
0.943125,-162.5634024391925,-1.4488352174780499
0.9433333333333334,-182.8758526220814,-2.3694575004331377
0.9435416666666666,-202.0608123611633,-3.2754712899734826
0.94375,-220.00000000000026,-4.16129070980641
0.9439583333333333,-236.58281448141366,-5.021454388643805
0.9441666666666667,-251.70701723978019,-5.850659131372183
0.944375,-265.27936253578673,-6.643792615014069
0.9445833333333333,-277.21617234742064,-7.395964907899163
0.9447916666666667,-287.44385227280117,-8.102538617719162
0.945,-295.8993452641396,-8.759157482593423
0.9452083333333333,-302.53052039540756,-9.361773228872066
0.9454166666666667,-307.29649426683136,-9.906670530089217
0.945625,-310.1678830646479,-10.390489913186455
0.9458333333333333,-311.1269837220809,-10.81024847077974
0.9460416666666667,-310.16788306464804,-11.1633582517786
0.94625,-307.29649426683153,-11.447642216962118
0.9464583333333333,-302.5305203954119,-11.661347661150382
0.9466666666666667,-295.89934526413987,-11.803157019216318
0.946875,-287.4438522728083,-11.872195989310644
0.9470833333333334,-277.2161723474211,-11.86803892322514
0.9472916666666666,-265.2793625357872,-11.790711450654516
0.9475,-251.70701723979113,-11.640690321181326
0.9477083333333334,-236.58281448141426,-11.418900464955454
0.9479166666666666,-220.0000000000009,-11.126709290193547
0.948125,-202.060812361164,-10.765918252651304
0.9483333333333334,-182.87585262208214,-10.338751749050365
0.9485416666666666,-162.56340243919323,-9.847843402932709
0.94875,-141.24869482244995,-9.296219827495738
0.9489583333333333,-119.06314203216901,-8.687281965515476
0.9491666666666667,-96.14352537873057,-8.024784121402922
0.949375,-72.63115192039939,-7.312810814671404
0.9495833333333333,-48.67098325815328,-6.555751597510584
0.9497916666666667,-24.410741799376382,-5.758273991742492
0.95,-1.09757061235575e-11,-4.925294711994899
0.9502083333333333,24.41074179937213,-4.061949352520534
0.9504166666666667,48.67098325813159,-3.173560724553921
0.950625,72.63115192039524,-2.265606039403108
0.9508333333333333,96.14352537874335,-1.3436831396295674
0.9510416666666667,119.06314203214873,-0.4134759864809009
0.95125,141.24869482244617,0.5192803836204836
0.9514583333333333,162.56340243918962,1.4488352174779229
0.9516666666666667,182.8758526220787,2.3694575004330125
0.951875,202.06081236116074,3.275471289973359
0.9520833333333333,219.99999999999793,4.16129070980629
0.9522916666666666,236.5828144814115,5.021454388643688
0.9525,251.7070172397782,5.850659131372072
0.9527083333333334,265.279362535785,6.643792615013963
0.9529166666666666,277.21617234741916,7.395964907899063
0.953125,287.44385227279986,8.102538617719068
0.9533333333333334,295.8993452641385,8.759157482593336
0.9535416666666666,302.53052039540677,9.361773228871987
0.95375,307.29649426683363,9.906670530089519
0.9539583333333334,310.16788306464633,10.390489913186066
0.9541666666666667,311.1269837220809,10.810248470779966
0.954375,310.1678830646469,11.163358251778789
0.9545833333333333,307.2964942668348,11.447642216961903
0.9547916666666667,302.53052039540853,11.661347661150486
0.955,295.8993452641409,11.803157019216304
0.9552083333333333,287.44385227280276,11.872195989310663
0.9554166666666667,277.21617234742257,11.868038923225145
0.955625,265.27936253578895,11.790711450654532
0.9558333333333333,251.7070172397827,11.640690321181216
0.9560416666666667,236.58281448141642,11.418900464955488
0.95625,220.0000000000033,11.126709290193592
0.9564583333333333,202.06081236116657,10.765918252651357
0.9566666666666667,182.87585262208484,10.338751749050427
0.956875,162.5634024391961,9.84784340293278
0.9570833333333333,141.24869482245293,9.296219827495818
0.9572916666666667,119.06314203215577,8.687281965515103
0.9575,96.14352537875058,8.024784121403513
0.9577083333333334,72.63115192038545,7.312810814670973
0.9579166666666666,48.670983258139124,6.5557515975101275
0.958125,24.41074179937972,5.758273991742604
0.9583333333333334,-3.3556779918420477e-12,4.9252947119944
0.9585416666666666,-24.410741799351154,4.061949352521289
0.95875,-48.670983258145746,3.173560724553394
0.9589583333333334,-72.63115192039199,2.2656060394032336
0.9591666666666666,-96.14352537874015,1.3436831396296947
0.959375,-119.06314203216196,0.41347598648035405
0.9595833333333333,-141.24869482244316,-0.5192803836203556
0.9597916666666667,-162.56340243918675,-1.4488352174777959
0.96,-182.87585262207597,-2.369457500432887
0.9602083333333333,-202.0608123611582,-3.2754712899732357
0.9604166666666667,-219.99999999999554,-4.16129070980617
0.960625,-236.58281448140932,-5.021454388643572
0.9608333333333333,-251.70701723978664,-5.850659131372548
0.9610416666666667,-265.27936253578326,-6.643792615013857
0.96125,-277.21617234742564,-7.395964907899492
0.9614583333333333,-287.44385227279855,-8.102538617718974
0.9616666666666667,-295.8993452641375,-8.759157482593249
0.961875,-302.5305203954101,-9.361773228872325
0.9620833333333333,-307.29649426683034,-9.906670530089075
0.9622916666666667,-310.1678830646474,-10.39048991318633
0.9625,-311.1269837220809,-10.810248470779914
0.9627083333333334,-310.1678830646471,-11.163358251778744
0.9629166666666666,-307.29649426683255,-11.44764221696205
0.963125,-302.5305203954093,-11.661347661150462
0.9633333333333334,-295.8993452641419,-11.80315701921629
0.9635416666666666,-287.44385227280407,-11.872195989310658
0.96375,-277.2161723474241,-11.86803892322515
0.9639583333333334,-265.2793625357907,-11.790711450654548
0.9641666666666666,-251.70701723978468,-11.640690321181243
0.964375,-236.5828144814186,-11.418900464955525
0.9645833333333333,-220.00000000000566,-11.126709290193638
0.9647916666666667,-202.06081236115566,-10.765918252651126
0.965,-182.87585262208756,-10.338751749050491
0.9652083333333333,-162.56340243919897,-9.847843402932853
0.9654166666666667,-141.24869482244017,-9.296219827495477
0.965625,-119.06314203217521,-8.687281965515652
0.9658333333333333,-96.14352537873695,-8.02478412140311
0.9660416666666667,-72.63115192038872,-7.312810814671074
0.96625,-48.67098325814243,-6.555751597510235
0.9664583333333333,-24.410741799365436,-5.758273991742125
0.9666666666666667,1.540652627552874e-15,-4.925294711994518
0.966875,24.41074179936544,-4.061949352520775
0.9670833333333333,48.670983258142435,-3.1735607245535173
0.9672916666666667,72.63115192038872,-2.2656060394033593
0.9675,96.14352537873695,-1.3436831396298219
0.9677083333333333,119.06314203215886,-0.41347598648048206
0.9679166666666666,141.24869482244017,0.5192803836202277
0.968125,162.56340243918388,1.4488352174776686
0.9683333333333334,182.87585262208756,2.369457500433423
0.9685416666666666,202.06081236115566,3.275471289973113
0.96875,219.99999999999315,4.1612907098060505
0.9689583333333334,236.5828144814186,5.021454388644068
0.9691666666666666,251.70701723977427,5.850659131371849
0.969375,265.2793625357907,6.643792615014311
0.9695833333333334,277.2161723474161,7.395964907898862
0.9697916666666667,287.44385227280407,8.102538617719375
0.97,295.8993452641419,8.759157482593618
0.9702083333333333,302.5305203954052,9.36177322887183
0.9704166666666667,307.29649426683255,9.906670530089377
0.970625,310.1678830646472,10.390489913186268
0.9708333333333333,311.1269837220809,10.81024847077986
0.9710416666666667,310.1678830646474,11.1633582517787
0.97125,307.2964942668331,11.447642216962015
0.9714583333333333,302.5305203954101,11.661347661150437
0.9716666666666667,295.89934526414294,11.803157019216274
0.971875,287.44385227279855,11.872195989310677
0.9720833333333333,277.21617234742564,11.868038923225157
0.9722916666666667,265.2793625357925,11.790711450654564
0.9725,251.70701723978664,11.640690321181268
0.9727083333333333,236.5828144814208,11.418900464955561
0.9729166666666667,219.99999999999554,11.126709290193446
0.973125,202.06081236117163,10.765918252651465
0.9733333333333334,182.87585262207597,10.338751749050221
0.9735416666666666,162.56340243918675,9.847843402932545
0.97375,141.24869482245893,9.296219827495978
0.9739583333333334,119.06314203216196,8.687281965515279
0.9741666666666666,96.14352537874015,8.024784121403204
0.974375,72.63115192039197,7.312810814671175
0.9745833333333334,48.670983258145746,6.5557515975103415
0.9747916666666666,24.410741799368783,5.758273991742237
0.975,3.3525966865869422e-12,4.925294711994634
0.9752083333333333,-24.410741799362096,4.0619493525208945
0.9754166666666667,-48.670983258139124,3.173560724553641
0.975625,-72.63115192038545,2.265606039403485
0.9758333333333333,-96.14352537873377,1.3436831396299491
0.9760416666666667,-119.06314203215578,0.41347598648061
0.97625,-141.2486948224372,-0.5192803836200997
0.9764583333333333,-162.5634024391961,-1.4488352174782118
0.9766666666666667,-182.87585262207054,-2.369457500432636
0.976875,-202.06081236116657,-3.275471289973639
0.9770833333333333,-220.0000000000033,-4.161290709806563
0.9772916666666667,-236.58281448140497,-5.02145438864334
0.9775,-251.7070172397827,-5.850659131372325
0.9777083333333333,-265.27936253578895,-6.6437926150142035
0.9779166666666667,-277.21617234742257,-7.395964907899291
0.978125,-287.44385227280276,-8.102538617719281
0.9783333333333334,-295.89934526413543,-8.759157482593075
0.9785416666666666,-302.53052039540853,-9.361773228872167
0.97875,-307.29649426683204,-9.906670530089306
0.9789583333333334,-310.1678830646469,-10.390489913186206
0.9791666666666666,-311.1269837220809,-10.810248470779808
0.979375,-310.1678830646477,-11.163358251778657
0.9795833333333334,-307.29649426683363,-11.447642216961981
0.9797916666666666,-302.5305203954109,-11.661347661150412
0.98,-295.8993452641385,-11.803157019216336
0.9802083333333333,-287.4438522728066,-11.872195989310649
0.9804166666666667,-277.21617234741916,-11.868038923225132
0.980625,-265.27936253578497,-11.790711450654497
0.9808333333333333,-251.7070172397886,-11.640690321181294
0.9810416666666667,-236.5828144814115,-11.41890046495541
0.98125,-220.00000000001043,-11.126709290193727
0.9814583333333333,-202.06081236116074,-10.765918252651234
0.9816666666666667,-182.8758526220787,-10.338751749050285
0.981875,-162.56340243920468,-9.847843402932995
0.9820833333333333,-141.24869482244617,-9.296219827495635
0.9822916666666667,-119.06314203216508,-8.687281965515366
0.9825,-96.14352537874335,-8.0247841214033
0.9827083333333333,-72.63115192039524,-7.312810814671276
0.9829166666666667,-48.670983258149064,-6.555751597510448
0.983125,-24.410741799372122,-5.758273991742349
0.9833333333333333,-6.7067340258014366e-12,-4.92529471199475
0.9835416666666666,24.410741799376382,-4.06194935252038
0.98375,48.670983258135806,-3.173560724553764
0.9839583333333334,72.63115192039939,-2.265606039402948
0.9841666666666666,96.14352537873057,-1.3436831396300764
0.984375,119.06314203215267,-0.413475986480738
0.9845833333333334,141.24869482244995,0.5192803836206463
0.9847916666666666,162.5634024391782,1.4488352174774144
0.985,182.87585262208214,2.369457500433172
0.9852083333333334,202.060812361164,3.2754712899735163
0.9854166666666667,219.9999999999884,4.161290709805811
0.985625,236.58281448141426,5.021454388643836
0.9858333333333333,251.70701723978073,5.850659131372213
0.9860416666666667,265.2793625357872,6.643792615014098
0.98625,277.2161723474211,7.395964907899191
0.9864583333333333,287.4438522728015,8.102538617719187
0.9866666666666667,295.89934526413987,8.759157482593446
0.986875,302.53052039540773,9.361773228872089
0.9870833333333333,307.29649426683153,9.906670530089237
0.9872916666666667,310.1678830646466,10.390489913186146
0.9875,311.1269837220809,10.810248470780033
0.9877083333333333,310.1678830646479,11.163358251778613
0.9879166666666667,307.29649426683415,11.447642216961947
0.988125,302.53052039540756,11.661347661150518
0.9883333333333333,295.89934526414504,11.803157019216245
0.9885416666666667,287.44385227280117,11.872195989310669
0.98875,277.21617234742064,11.86803892322514
0.9889583333333334,265.279362535796,11.790711450654594
0.9891666666666666,251.70701723978019,11.640690321181186
0.989375,236.58281448141366,11.418900464955444
0.9895833333333334,220.00000000000026,11.126709290193535
0.9897916666666666,202.0608123611633,10.76591825265129
0.99,182.8758526220814,10.338751749050347
0.9902083333333334,162.5634024391925,9.84784340293269
0.9904166666666666,141.24869482244915,9.296219827495717
0.990625,119.06314203216816,8.687281965515453
0.9908333333333333,96.14352537874652,8.024784121403393
0.9910416666666667,72.6311519203813,7.312810814670845
0.99125,48.67098325815237,6.555751597510556
0.9914583333333333,24.41074179937547,5.7582739917424615
0.9916666666666667,-7.624650089598111e-12,4.925294711994252
0.991875,-24.41074179935541,4.061949352521135
0.9920833333333333,-48.67098325814997,3.173560724553237
0.9922916666666667,-72.63115192037894,2.2656060394037363
0.9925,-96.14352537872739,1.3436831396302036
0.9927083333333333,-119.06314203216591,0.4134759864801912
0.9929166666666667,-141.24869482243122,-0.5192803836198437
0.993125,-162.56340243919038,-1.4488352174779575
0.9933333333333333,-182.8758526220794,-2.3694575004330467
0.9935416666666667,-202.06081236116145,-3.275471289973393
0.99375,-219.99999999999858,-4.161290709806323
0.9939583333333334,-236.58281448141207,-5.02145438864372
0.9941666666666666,-251.70701723977876,-5.850659131372102
0.994375,-265.2793625357854,-6.643792615013991
0.9945833333333334,-277.2161723474276,-7.39596490789962
0.9947916666666666,-287.4438522728002,-8.102538617719095
0.995,-295.8993452641388,-8.75915748259336
0.9952083333333334,-302.530520395407,-9.361773228872009
0.9954166666666666,-307.296494266831,-9.906670530089166
0.995625,-310.16788306464775,-10.39048991318641
0.9958333333333333,-311.1269837220809,-10.810248470779701
0.9960416666666667,-310.1678830646482,-11.16335825177857
0.99625,-307.29649426683187,-11.447642216962093
0.9964583333333333,-302.53052039541245,-11.661347661150364
0.9966666666666667,-295.8993452641406,-11.803157019216307
0.996875,-287.4438522728024,-11.872195989310663
0.9970833333333333,-277.2161723474222,-11.868038923225145
0.9972916666666667,-265.2793625357885,-11.790711450654529
0.9975,-251.70701723978215,-11.64069032118121
0.9977083333333333,-236.58281448141585,-11.41890046495548
0.9979166666666667,-220.00000000000264,-11.126709290193581
0.998125,-202.06081236116583,-10.765918252651343
0.9983333333333333,-182.87585262208412,-10.338751749050411
0.9985416666666667,-162.5634024391953,-9.84784340293276
0.99875,-141.24869482245214,-9.296219827495795
0.9989583333333333,-119.06314203217127,-8.687281965515542
0.9991666666666666,-96.14352537873289,-8.02478412140299
0.999375,-72.63115192040176,-7.3128108146714785
0.9995833333333334,-48.67098325815569,-6.555751597510662
0.9997916666666666,-24.410741799361183,-5.758273991741983
